model,sample_id,group,target,actual,predicted,residual,absolute_error
RidgeNestedFull,12:46:00/scan-000,12:46:00,13CO2,0.0,0.5081099271774292,0.5081099271774292,0.5081099271774292
RidgeNestedFull,12:46:00/scan-000,12:46:00,12CO2,0.0,45.431068420410156,45.431068420410156,45.431068420410156
RidgeNestedFull,12:46:00/scan-001,12:46:00,13CO2,0.0,0.2846416234970093,0.2846416234970093,0.2846416234970093
RidgeNestedFull,12:46:00/scan-001,12:46:00,12CO2,0.0,25.450332641601562,25.450332641601562,25.450332641601562
RidgeNestedFull,12:46:00/scan-002,12:46:00,13CO2,0.0,0.2906860113143921,0.2906860113143921,0.2906860113143921
RidgeNestedFull,12:46:00/scan-002,12:46:00,12CO2,0.0,25.99077606201172,25.99077606201172,25.99077606201172
RidgeNestedFull,12:46:00/scan-003,12:46:00,13CO2,0.0,0.32896947860717773,0.32896947860717773,0.32896947860717773
RidgeNestedFull,12:46:00/scan-003,12:46:00,12CO2,0.0,29.41376495361328,29.41376495361328,29.41376495361328
RidgeNestedFull,12:46:00/scan-004,12:46:00,13CO2,0.0,0.22082960605621338,0.22082960605621338,0.22082960605621338
RidgeNestedFull,12:46:00/scan-004,12:46:00,12CO2,0.0,19.744735717773438,19.744735717773438,19.744735717773438
RidgeNestedFull,12:46:00/scan-005,12:46:00,13CO2,0.0,0.2854992151260376,0.2854992151260376,0.2854992151260376
RidgeNestedFull,12:46:00/scan-005,12:46:00,12CO2,0.0,25.527008056640625,25.527008056640625,25.527008056640625
RidgeNestedFull,12:46:00/scan-006,12:46:00,13CO2,0.0,0.2470107078552246,0.2470107078552246,0.2470107078552246
RidgeNestedFull,12:46:00/scan-006,12:46:00,12CO2,0.0,22.08562469482422,22.08562469482422,22.08562469482422
RidgeNestedFull,12:46:00/scan-007,12:46:00,13CO2,0.0,0.34412693977355957,0.34412693977355957,0.34412693977355957
RidgeNestedFull,12:46:00/scan-007,12:46:00,12CO2,0.0,30.76898193359375,30.76898193359375,30.76898193359375
RidgeNestedFull,12:46:00/scan-008,12:46:00,13CO2,0.0,0.3713608980178833,0.3713608980178833,0.3713608980178833
RidgeNestedFull,12:46:00/scan-008,12:46:00,12CO2,0.0,33.20404815673828,33.20404815673828,33.20404815673828
RidgeNestedFull,12:46:00/scan-009,12:46:00,13CO2,0.0,0.37595272064208984,0.37595272064208984,0.37595272064208984
RidgeNestedFull,12:46:00/scan-009,12:46:00,12CO2,0.0,33.61466979980469,33.61466979980469,33.61466979980469
RidgeNestedFull,12:46:00/scan-010,12:46:00,13CO2,0.0,0.22489845752716064,0.22489845752716064,0.22489845752716064
RidgeNestedFull,12:46:00/scan-010,12:46:00,12CO2,0.0,20.10857391357422,20.10857391357422,20.10857391357422
RidgeNestedFull,12:46:00/scan-011,12:46:00,13CO2,0.0,0.26944684982299805,0.26944684982299805,0.26944684982299805
RidgeNestedFull,12:46:00/scan-011,12:46:00,12CO2,0.0,24.09178924560547,24.09178924560547,24.09178924560547
RidgeNestedFull,12:46:00/scan-012,12:46:00,13CO2,0.0,0.2649364471435547,0.2649364471435547,0.2649364471435547
RidgeNestedFull,12:46:00/scan-012,12:46:00,12CO2,0.0,23.68848419189453,23.68848419189453,23.68848419189453
RidgeNestedFull,12:46:00/scan-013,12:46:00,13CO2,0.0,0.3369162082672119,0.3369162082672119,0.3369162082672119
RidgeNestedFull,12:46:00/scan-013,12:46:00,12CO2,0.0,30.124366760253906,30.124366760253906,30.124366760253906
RidgeNestedFull,12:46:00/scan-014,12:46:00,13CO2,0.0,0.3126218318939209,0.3126218318939209,0.3126218318939209
RidgeNestedFull,12:46:00/scan-014,12:46:00,12CO2,0.0,27.952186584472656,27.952186584472656,27.952186584472656
RidgeNestedFull,12:46:00/scan-015,12:46:00,13CO2,0.0,0.3859814405441284,0.3859814405441284,0.3859814405441284
RidgeNestedFull,12:46:00/scan-015,12:46:00,12CO2,0.0,34.51142120361328,34.51142120361328,34.51142120361328
RidgeNestedFull,12:46:00/scan-016,12:46:00,13CO2,0.0,0.29359614849090576,0.29359614849090576,0.29359614849090576
RidgeNestedFull,12:46:00/scan-016,12:46:00,12CO2,0.0,26.25104522705078,26.25104522705078,26.25104522705078
RidgeNestedFull,12:46:00/scan-017,12:46:00,13CO2,0.0,0.2630041837692261,0.2630041837692261,0.2630041837692261
RidgeNestedFull,12:46:00/scan-017,12:46:00,12CO2,0.0,23.515777587890625,23.515777587890625,23.515777587890625
RidgeNestedFull,12:46:00/scan-018,12:46:00,13CO2,0.0,0.2515672445297241,0.2515672445297241,0.2515672445297241
RidgeNestedFull,12:46:00/scan-018,12:46:00,12CO2,0.0,22.493141174316406,22.493141174316406,22.493141174316406
RidgeNestedFull,12:46:00/scan-019,12:46:00,13CO2,0.0,0.3181344270706177,0.3181344270706177,0.3181344270706177
RidgeNestedFull,12:46:00/scan-019,12:46:00,12CO2,0.0,28.44506072998047,28.44506072998047,28.44506072998047
RidgeNestedFull,12:55:42/scan-000,12:55:42,13CO2,0.41237199306488037,0.0731959342956543,-0.3391760587692261,0.3391760587692261
RidgeNestedFull,12:55:42/scan-000,12:55:42,12CO2,36.8709602355957,6.5446014404296875,-30.326358795166016,30.326358795166016
RidgeNestedFull,12:55:42/scan-001,12:55:42,13CO2,0.41237199306488037,0.11321938037872314,-0.2991526126861572,0.2991526126861572
RidgeNestedFull,12:55:42/scan-001,12:55:42,12CO2,36.8709602355957,10.123146057128906,-26.747814178466797,26.747814178466797
RidgeNestedFull,12:55:42/scan-002,12:55:42,13CO2,0.41237199306488037,0.38683605194091797,-0.025535941123962402,0.025535941123962402
RidgeNestedFull,12:55:42/scan-002,12:55:42,12CO2,36.8709602355957,34.587745666503906,-2.283214569091797,2.283214569091797
RidgeNestedFull,12:55:42/scan-003,12:55:42,13CO2,0.41237199306488037,0.38726329803466797,-0.025108695030212402,0.025108695030212402
RidgeNestedFull,12:55:42/scan-003,12:55:42,12CO2,36.8709602355957,34.62596130371094,-2.2449989318847656,2.2449989318847656
RidgeNestedFull,12:55:42/scan-004,12:55:42,13CO2,0.41237199306488037,0.4034379720687866,-0.00893402099609375,0.00893402099609375
RidgeNestedFull,12:55:42/scan-004,12:55:42,12CO2,36.8709602355957,36.07221221923828,-0.7987480163574219,0.7987480163574219
RidgeNestedFull,12:55:42/scan-005,12:55:42,13CO2,0.41237199306488037,0.37140166759490967,-0.0409703254699707,0.0409703254699707
RidgeNestedFull,12:55:42/scan-005,12:55:42,12CO2,36.8709602355957,33.20775604248047,-3.6632041931152344,3.6632041931152344
RidgeNestedFull,12:55:42/scan-006,12:55:42,13CO2,0.41237199306488037,0.461844265460968,0.049472272396087646,0.049472272396087646
RidgeNestedFull,12:55:42/scan-006,12:55:42,12CO2,36.8709602355957,41.29442596435547,4.423465728759766,4.423465728759766
RidgeNestedFull,12:55:42/scan-007,12:55:42,13CO2,0.41237199306488037,0.38800370693206787,-0.0243682861328125,0.0243682861328125
RidgeNestedFull,12:55:42/scan-007,12:55:42,12CO2,36.8709602355957,34.692169189453125,-2.178791046142578,2.178791046142578
RidgeNestedFull,12:55:42/scan-008,12:55:42,13CO2,0.41237199306488037,0.37382662296295166,-0.03854537010192871,0.03854537010192871
RidgeNestedFull,12:55:42/scan-008,12:55:42,12CO2,36.8709602355957,33.42456817626953,-3.446392059326172,3.446392059326172
RidgeNestedFull,12:55:42/scan-009,12:55:42,13CO2,0.41237199306488037,0.4444870948791504,0.03211510181427002,0.03211510181427002
RidgeNestedFull,12:55:42/scan-009,12:55:42,12CO2,36.8709602355957,39.74242401123047,2.8714637756347656,2.8714637756347656
RidgeNestedFull,12:55:42/scan-010,12:55:42,13CO2,0.41237199306488037,0.46391719579696655,0.05154520273208618,0.05154520273208618
RidgeNestedFull,12:55:42/scan-010,12:55:42,12CO2,36.8709602355957,41.479736328125,4.608776092529297,4.608776092529297
RidgeNestedFull,12:55:42/scan-011,12:55:42,13CO2,0.41237199306488037,0.38758355379104614,-0.02478843927383423,0.02478843927383423
RidgeNestedFull,12:55:42/scan-011,12:55:42,12CO2,36.8709602355957,34.65458679199219,-2.2163734436035156,2.2163734436035156
RidgeNestedFull,12:55:42/scan-012,12:55:42,13CO2,0.41237199306488037,0.3854627013206482,-0.026909291744232178,0.026909291744232178
RidgeNestedFull,12:55:42/scan-012,12:55:42,12CO2,36.8709602355957,34.46495056152344,-2.4060096740722656,2.4060096740722656
RidgeNestedFull,12:55:42/scan-013,12:55:42,13CO2,0.41237199306488037,0.41385674476623535,0.0014847517013549805,0.0014847517013549805
RidgeNestedFull,12:55:42/scan-013,12:55:42,12CO2,36.8709602355957,37.00373840332031,0.13277816772460938,0.13277816772460938
RidgeNestedFull,12:55:42/scan-014,12:55:42,13CO2,0.41237199306488037,0.3472557067871094,-0.065116286277771,0.065116286277771
RidgeNestedFull,12:55:42/scan-014,12:55:42,12CO2,36.8709602355957,31.048812866210938,-5.822147369384766,5.822147369384766
RidgeNestedFull,12:55:42/scan-015,12:55:42,13CO2,0.41237199306488037,0.45712411403656006,0.04475212097167969,0.04475212097167969
RidgeNestedFull,12:55:42/scan-015,12:55:42,12CO2,36.8709602355957,40.87232971191406,4.001369476318359,4.001369476318359
RidgeNestedFull,12:55:42/scan-016,12:55:42,13CO2,0.41237199306488037,0.40274322032928467,-0.009628772735595703,0.009628772735595703
RidgeNestedFull,12:55:42/scan-016,12:55:42,12CO2,36.8709602355957,36.010108947753906,-0.8608512878417969,0.8608512878417969
RidgeNestedFull,12:55:42/scan-017,12:55:42,13CO2,0.41237199306488037,0.3710181713104248,-0.041353821754455566,0.041353821754455566
RidgeNestedFull,12:55:42/scan-017,12:55:42,12CO2,36.8709602355957,33.173439025878906,-3.697521209716797,3.697521209716797
RidgeNestedFull,12:55:42/scan-018,12:55:42,13CO2,0.41237199306488037,0.39626598358154297,-0.016106009483337402,0.016106009483337402
RidgeNestedFull,12:55:42/scan-018,12:55:42,12CO2,36.8709602355957,35.43089294433594,-1.4400672912597656,1.4400672912597656
RidgeNestedFull,12:55:42/scan-019,12:55:42,13CO2,0.41237199306488037,0.4574444890022278,0.04507249593734741,0.04507249593734741
RidgeNestedFull,12:55:42/scan-019,12:55:42,12CO2,36.8709602355957,40.90098571777344,4.030025482177734,4.030025482177734
RidgeNestedFull,13:05:15/scan-000,13:05:15,13CO2,0.8247429728507996,0.46650975942611694,-0.3582332134246826,0.3582332134246826
RidgeNestedFull,13:05:15/scan-000,13:05:15,12CO2,73.7419204711914,41.711585998535156,-32.03033447265625,32.03033447265625
RidgeNestedFull,13:05:15/scan-001,13:05:15,13CO2,0.8247429728507996,0.44055622816085815,-0.3841867446899414,0.3841867446899414
RidgeNestedFull,13:05:15/scan-001,13:05:15,12CO2,73.7419204711914,39.391014099121094,-34.35090637207031,34.35090637207031
RidgeNestedFull,13:05:15/scan-002,13:05:15,13CO2,0.8247429728507996,0.8539350032806396,0.029192030429840088,0.029192030429840088
RidgeNestedFull,13:05:15/scan-002,13:05:15,12CO2,73.7419204711914,76.35198974609375,2.6100692749023438,2.6100692749023438
RidgeNestedFull,13:05:15/scan-003,13:05:15,13CO2,0.8247429728507996,0.9619735479354858,0.13723057508468628,0.13723057508468628
RidgeNestedFull,13:05:15/scan-003,13:05:15,12CO2,73.7419204711914,86.01191711425781,12.269996643066406,12.269996643066406
RidgeNestedFull,13:05:15/scan-004,13:05:15,13CO2,0.8247429728507996,0.8419557809829712,0.01721280813217163,0.01721280813217163
RidgeNestedFull,13:05:15/scan-004,13:05:15,12CO2,73.7419204711914,75.28093719482422,1.5390167236328125,1.5390167236328125
RidgeNestedFull,13:05:15/scan-005,13:05:15,13CO2,0.8247429728507996,0.8085671663284302,-0.016175806522369385,0.016175806522369385
RidgeNestedFull,13:05:15/scan-005,13:05:15,12CO2,73.7419204711914,72.29559326171875,-1.4463272094726562,1.4463272094726562
RidgeNestedFull,13:05:15/scan-006,13:05:15,13CO2,0.8247429728507996,0.9030802845954895,0.07833731174468994,0.07833731174468994
RidgeNestedFull,13:05:15/scan-006,13:05:15,12CO2,73.7419204711914,80.74616241455078,7.004241943359375,7.004241943359375
RidgeNestedFull,13:05:15/scan-007,13:05:15,13CO2,0.8247429728507996,0.8884261846542358,0.06368321180343628,0.06368321180343628
RidgeNestedFull,13:05:15/scan-007,13:05:15,12CO2,73.7419204711914,79.43595886230469,5.694038391113281,5.694038391113281
RidgeNestedFull,13:05:15/scan-008,13:05:15,13CO2,0.8247429728507996,0.8978001475334167,0.07305717468261719,0.07305717468261719
RidgeNestedFull,13:05:15/scan-008,13:05:15,12CO2,73.7419204711914,80.2740478515625,6.532127380371094,6.532127380371094
RidgeNestedFull,13:05:15/scan-009,13:05:15,13CO2,0.8247429728507996,0.7992908358573914,-0.025452136993408203,0.025452136993408203
RidgeNestedFull,13:05:15/scan-009,13:05:15,12CO2,73.7419204711914,71.46630096435547,-2.2756195068359375,2.2756195068359375
RidgeNestedFull,13:05:15/scan-010,13:05:15,13CO2,0.8247429728507996,0.9868072271347046,0.16206425428390503,0.16206425428390503
RidgeNestedFull,13:05:15/scan-010,13:05:15,12CO2,73.7419204711914,88.23237609863281,14.490455627441406,14.490455627441406
RidgeNestedFull,13:05:15/scan-011,13:05:15,13CO2,0.8247429728507996,0.957382321357727,0.1326393485069275,0.1326393485069275
RidgeNestedFull,13:05:15/scan-011,13:05:15,12CO2,73.7419204711914,85.60143280029297,11.859512329101562,11.859512329101562
RidgeNestedFull,13:05:15/scan-012,13:05:15,13CO2,0.8247429728507996,0.8785536289215088,0.05381065607070923,0.05381065607070923
RidgeNestedFull,13:05:15/scan-012,13:05:15,12CO2,73.7419204711914,78.55321502685547,4.8112945556640625,4.8112945556640625
RidgeNestedFull,13:05:15/scan-013,13:05:15,13CO2,0.8247429728507996,0.8390396237373352,0.014296650886535645,0.014296650886535645
RidgeNestedFull,13:05:15/scan-013,13:05:15,12CO2,73.7419204711914,75.02015686035156,1.2782363891601562,1.2782363891601562
RidgeNestedFull,13:05:15/scan-014,13:05:15,13CO2,0.8247429728507996,0.8972586393356323,0.07251566648483276,0.07251566648483276
RidgeNestedFull,13:05:15/scan-014,13:05:15,12CO2,73.7419204711914,80.22563171386719,6.483711242675781,6.483711242675781
RidgeNestedFull,13:05:15/scan-015,13:05:15,13CO2,0.8247429728507996,1.0334806442260742,0.20873767137527466,0.20873767137527466
RidgeNestedFull,13:05:15/scan-015,13:05:15,12CO2,73.7419204711914,92.40547180175781,18.663551330566406,18.663551330566406
RidgeNestedFull,13:05:15/scan-016,13:05:15,13CO2,0.8247429728507996,0.937533974647522,0.11279100179672241,0.11279100179672241
RidgeNestedFull,13:05:15/scan-016,13:05:15,12CO2,73.7419204711914,83.8267593383789,10.0848388671875,10.0848388671875
RidgeNestedFull,13:05:15/scan-017,13:05:15,13CO2,0.8247429728507996,0.8777027726173401,0.05295979976654053,0.05295979976654053
RidgeNestedFull,13:05:15/scan-017,13:05:15,12CO2,73.7419204711914,78.47708892822266,4.73516845703125,4.73516845703125
RidgeNestedFull,13:05:15/scan-018,13:05:15,13CO2,0.8247429728507996,0.8992170095443726,0.074474036693573,0.074474036693573
RidgeNestedFull,13:05:15/scan-018,13:05:15,12CO2,73.7419204711914,80.40072631835938,6.658805847167969,6.658805847167969
RidgeNestedFull,13:05:15/scan-019,13:05:15,13CO2,0.8247429728507996,0.9262537956237793,0.10151082277297974,0.10151082277297974
RidgeNestedFull,13:05:15/scan-019,13:05:15,12CO2,73.7419204711914,82.81814575195312,9.076225280761719,9.076225280761719
RidgeNestedFull,13:14:37/scan-000,13:14:37,13CO2,1.2371150255203247,0.8879764080047607,-0.34913861751556396,0.34913861751556396
RidgeNestedFull,13:14:37/scan-000,13:14:37,12CO2,110.61288452148438,79.39573669433594,-31.217147827148438,31.217147827148438
RidgeNestedFull,13:14:37/scan-001,13:14:37,13CO2,1.2371150255203247,0.9159538745880127,-0.321161150932312,0.321161150932312
RidgeNestedFull,13:14:37/scan-001,13:14:37,12CO2,110.61288452148438,81.8972396850586,-28.71564483642578,28.71564483642578
RidgeNestedFull,13:14:37/scan-002,13:14:37,13CO2,1.2371150255203247,1.190714716911316,-0.04640030860900879,0.04640030860900879
RidgeNestedFull,13:14:37/scan-002,13:14:37,12CO2,110.61288452148438,106.46411895751953,-4.148765563964844,4.148765563964844
RidgeNestedFull,13:14:37/scan-003,13:14:37,13CO2,1.2371150255203247,1.2369860410690308,-0.0001289844512939453,0.0001289844512939453
RidgeNestedFull,13:14:37/scan-003,13:14:37,12CO2,110.61288452148438,110.6012954711914,-0.01158905029296875,0.01158905029296875
RidgeNestedFull,13:14:37/scan-004,13:14:37,13CO2,1.2371150255203247,1.1692057847976685,-0.06790924072265625,0.06790924072265625
RidgeNestedFull,13:14:37/scan-004,13:14:37,12CO2,110.61288452148438,104.54102325439453,-6.071861267089844,6.071861267089844
RidgeNestedFull,13:14:37/scan-005,13:14:37,13CO2,1.2371150255203247,1.2915980815887451,0.05448305606842041,0.05448305606842041
RidgeNestedFull,13:14:37/scan-005,13:14:37,12CO2,110.61288452148438,115.48431396484375,4.871429443359375,4.871429443359375
RidgeNestedFull,13:14:37/scan-006,13:14:37,13CO2,1.2371150255203247,1.2814162969589233,0.04430127143859863,0.04430127143859863
RidgeNestedFull,13:14:37/scan-006,13:14:37,12CO2,110.61288452148438,114.57396697998047,3.9610824584960938,3.9610824584960938
RidgeNestedFull,13:14:37/scan-007,13:14:37,13CO2,1.2371150255203247,1.2599588632583618,0.02284383773803711,0.02284383773803711
RidgeNestedFull,13:14:37/scan-007,13:14:37,12CO2,110.61288452148438,112.65538024902344,2.0424957275390625,2.0424957275390625
RidgeNestedFull,13:14:37/scan-008,13:14:37,13CO2,1.2371150255203247,1.2734569311141968,0.03634190559387207,0.03634190559387207
RidgeNestedFull,13:14:37/scan-008,13:14:37,12CO2,110.61288452148438,113.86226654052734,3.2493820190429688,3.2493820190429688
RidgeNestedFull,13:14:37/scan-009,13:14:37,13CO2,1.2371150255203247,1.247134804725647,0.010019779205322266,0.010019779205322266
RidgeNestedFull,13:14:37/scan-009,13:14:37,12CO2,110.61288452148438,111.50878143310547,0.8958969116210938,0.8958969116210938
RidgeNestedFull,13:14:37/scan-010,13:14:37,13CO2,1.2371150255203247,1.2150118350982666,-0.022103190422058105,0.022103190422058105
RidgeNestedFull,13:14:37/scan-010,13:14:37,12CO2,110.61288452148438,108.6365966796875,-1.976287841796875,1.976287841796875
RidgeNestedFull,13:14:37/scan-011,13:14:37,13CO2,1.2371150255203247,1.33449125289917,0.09737622737884521,0.09737622737884521
RidgeNestedFull,13:14:37/scan-011,13:14:37,12CO2,110.61288452148438,119.3194808959961,8.706596374511719,8.706596374511719
RidgeNestedFull,13:14:37/scan-012,13:14:37,13CO2,1.2371150255203247,1.2454463243484497,0.008331298828125,0.008331298828125
RidgeNestedFull,13:14:37/scan-012,13:14:37,12CO2,110.61288452148438,111.35778045654297,0.7448959350585938,0.7448959350585938
RidgeNestedFull,13:14:37/scan-013,13:14:37,13CO2,1.2371150255203247,1.3511779308319092,0.11406290531158447,0.11406290531158447
RidgeNestedFull,13:14:37/scan-013,13:14:37,12CO2,110.61288452148438,120.81150817871094,10.198623657226562,10.198623657226562
RidgeNestedFull,13:14:37/scan-014,13:14:37,13CO2,1.2371150255203247,1.3635544776916504,0.12643945217132568,0.12643945217132568
RidgeNestedFull,13:14:37/scan-014,13:14:37,12CO2,110.61288452148438,121.91802978515625,11.305145263671875,11.305145263671875
RidgeNestedFull,13:14:37/scan-015,13:14:37,13CO2,1.2371150255203247,1.3834148645401,0.1462998390197754,0.1462998390197754
RidgeNestedFull,13:14:37/scan-015,13:14:37,12CO2,110.61288452148438,123.6938247680664,13.080940246582031,13.080940246582031
RidgeNestedFull,13:14:37/scan-016,13:14:37,13CO2,1.2371150255203247,1.3869478702545166,0.1498328447341919,0.1498328447341919
RidgeNestedFull,13:14:37/scan-016,13:14:37,12CO2,110.61288452148438,124.00971984863281,13.396835327148438,13.396835327148438
RidgeNestedFull,13:14:37/scan-017,13:14:37,13CO2,1.2371150255203247,1.2187278270721436,-0.018387198448181152,0.018387198448181152
RidgeNestedFull,13:14:37/scan-017,13:14:37,12CO2,110.61288452148438,108.96885681152344,-1.6440277099609375,1.6440277099609375
RidgeNestedFull,13:14:37/scan-018,13:14:37,13CO2,1.2371150255203247,1.2705495357513428,0.033434510231018066,0.033434510231018066
RidgeNestedFull,13:14:37/scan-018,13:14:37,12CO2,110.61288452148438,113.60233306884766,2.9894485473632812,2.9894485473632812
RidgeNestedFull,13:14:37/scan-019,13:14:37,13CO2,1.2371150255203247,1.261610984802246,0.024495959281921387,0.024495959281921387
RidgeNestedFull,13:14:37/scan-019,13:14:37,12CO2,110.61288452148438,112.8031005859375,2.190216064453125,2.190216064453125
RidgeNestedFull,13:24:02/scan-000,13:24:02,13CO2,1.649487018585205,1.294594407081604,-0.3548926115036011,0.3548926115036011
RidgeNestedFull,13:24:02/scan-000,13:24:02,12CO2,147.4838409423828,115.75222778320312,-31.731613159179688,31.731613159179688
RidgeNestedFull,13:24:02/scan-001,13:24:02,13CO2,1.649487018585205,1.2609761953353882,-0.3885108232498169,0.3885108232498169
RidgeNestedFull,13:24:02/scan-001,13:24:02,12CO2,147.4838409423828,112.746337890625,-34.73750305175781,34.73750305175781
RidgeNestedFull,13:24:02/scan-002,13:24:02,13CO2,1.649487018585205,1.528699517250061,-0.12078750133514404,0.12078750133514404
RidgeNestedFull,13:24:02/scan-002,13:24:02,12CO2,147.4838409423828,136.68405151367188,-10.799789428710938,10.799789428710938
RidgeNestedFull,13:24:02/scan-003,13:24:02,13CO2,1.649487018585205,1.5359464883804321,-0.11354053020477295,0.11354053020477295
RidgeNestedFull,13:24:02/scan-003,13:24:02,12CO2,147.4838409423828,137.33201599121094,-10.151824951171875,10.151824951171875
RidgeNestedFull,13:24:02/scan-004,13:24:02,13CO2,1.649487018585205,1.6973695755004883,0.0478825569152832,0.0478825569152832
RidgeNestedFull,13:24:02/scan-004,13:24:02,12CO2,147.4838409423828,151.76507568359375,4.2812347412109375,4.2812347412109375
RidgeNestedFull,13:24:02/scan-005,13:24:02,13CO2,1.649487018585205,1.6275135278701782,-0.021973490715026855,0.021973490715026855
RidgeNestedFull,13:24:02/scan-005,13:24:02,12CO2,147.4838409423828,145.5191650390625,-1.9646759033203125,1.9646759033203125
RidgeNestedFull,13:24:02/scan-006,13:24:02,13CO2,1.649487018585205,1.6413335800170898,-0.008153438568115234,0.008153438568115234
RidgeNestedFull,13:24:02/scan-006,13:24:02,12CO2,147.4838409423828,146.75486755371094,-0.728973388671875,0.728973388671875
RidgeNestedFull,13:24:02/scan-007,13:24:02,13CO2,1.649487018585205,1.6158814430236816,-0.03360557556152344,0.03360557556152344
RidgeNestedFull,13:24:02/scan-007,13:24:02,12CO2,147.4838409423828,144.47915649414062,-3.0046844482421875,3.0046844482421875
RidgeNestedFull,13:24:02/scan-008,13:24:02,13CO2,1.649487018585205,1.7047119140625,0.05522489547729492,0.05522489547729492
RidgeNestedFull,13:24:02/scan-008,13:24:02,12CO2,147.4838409423828,152.42169189453125,4.9378509521484375,4.9378509521484375
RidgeNestedFull,13:24:02/scan-009,13:24:02,13CO2,1.649487018585205,1.6504491567611694,0.0009621381759643555,0.0009621381759643555
RidgeNestedFull,13:24:02/scan-009,13:24:02,12CO2,147.4838409423828,147.56988525390625,0.0860443115234375,0.0860443115234375
RidgeNestedFull,13:24:02/scan-010,13:24:02,13CO2,1.649487018585205,1.636117935180664,-0.013369083404541016,0.013369083404541016
RidgeNestedFull,13:24:02/scan-010,13:24:02,12CO2,147.4838409423828,146.2884979248047,-1.195343017578125,1.195343017578125
RidgeNestedFull,13:24:02/scan-011,13:24:02,13CO2,1.649487018585205,1.639209270477295,-0.010277748107910156,0.010277748107910156
RidgeNestedFull,13:24:02/scan-011,13:24:02,12CO2,147.4838409423828,146.56492614746094,-0.918914794921875,0.918914794921875
RidgeNestedFull,13:24:02/scan-012,13:24:02,13CO2,1.649487018585205,1.6765532493591309,0.02706623077392578,0.02706623077392578
RidgeNestedFull,13:24:02/scan-012,13:24:02,12CO2,147.4838409423828,149.90390014648438,2.4200592041015625,2.4200592041015625
RidgeNestedFull,13:24:02/scan-013,13:24:02,13CO2,1.649487018585205,1.709693431854248,0.06020641326904297,0.06020641326904297
RidgeNestedFull,13:24:02/scan-013,13:24:02,12CO2,147.4838409423828,152.86703491210938,5.3831939697265625,5.3831939697265625
RidgeNestedFull,13:24:02/scan-014,13:24:02,13CO2,1.649487018585205,1.7797189950942993,0.13023197650909424,0.13023197650909424
RidgeNestedFull,13:24:02/scan-014,13:24:02,12CO2,147.4838409423828,159.1282196044922,11.644378662109375,11.644378662109375
RidgeNestedFull,13:24:02/scan-015,13:24:02,13CO2,1.649487018585205,1.6960420608520508,0.0465550422668457,0.0465550422668457
RidgeNestedFull,13:24:02/scan-015,13:24:02,12CO2,147.4838409423828,151.64645385742188,4.1626129150390625,4.1626129150390625
RidgeNestedFull,13:24:02/scan-016,13:24:02,13CO2,1.649487018585205,1.8276891708374023,0.17820215225219727,0.17820215225219727
RidgeNestedFull,13:24:02/scan-016,13:24:02,12CO2,147.4838409423828,163.417236328125,15.933395385742188,15.933395385742188
RidgeNestedFull,13:24:02/scan-017,13:24:02,13CO2,1.649487018585205,1.7504167556762695,0.10092973709106445,0.10092973709106445
RidgeNestedFull,13:24:02/scan-017,13:24:02,12CO2,147.4838409423828,156.50820922851562,9.024368286132812,9.024368286132812
RidgeNestedFull,13:24:02/scan-018,13:24:02,13CO2,1.649487018585205,1.631547212600708,-0.01793980598449707,0.01793980598449707
RidgeNestedFull,13:24:02/scan-018,13:24:02,12CO2,147.4838409423828,145.87985229492188,-1.6039886474609375,1.6039886474609375
RidgeNestedFull,13:24:02/scan-019,13:24:02,13CO2,1.649487018585205,1.782657504081726,0.133170485496521,0.133170485496521
RidgeNestedFull,13:24:02/scan-019,13:24:02,12CO2,147.4838409423828,159.39093017578125,11.907089233398438,11.907089233398438
RidgeNestedFull,13:33:30/scan-000,13:33:30,13CO2,2.0618579387664795,1.6289188861846924,-0.4329390525817871,0.4329390525817871
RidgeNestedFull,13:33:30/scan-000,13:33:30,12CO2,184.3548126220703,145.64483642578125,-38.70997619628906,38.70997619628906
RidgeNestedFull,13:33:30/scan-001,13:33:30,13CO2,2.0618579387664795,1.746102213859558,-0.3157557249069214,0.3157557249069214
RidgeNestedFull,13:33:30/scan-001,13:33:30,12CO2,184.3548126220703,156.1224365234375,-28.232376098632812,28.232376098632812
RidgeNestedFull,13:33:30/scan-002,13:33:30,13CO2,2.0618579387664795,1.9102504253387451,-0.15160751342773438,0.15160751342773438
RidgeNestedFull,13:33:30/scan-002,13:33:30,12CO2,184.3548126220703,170.79928588867188,-13.555526733398438,13.555526733398438
RidgeNestedFull,13:33:30/scan-003,13:33:30,13CO2,2.0618579387664795,1.9744216203689575,-0.08743631839752197,0.08743631839752197
RidgeNestedFull,13:33:30/scan-003,13:33:30,12CO2,184.3548126220703,176.5369873046875,-7.8178253173828125,7.8178253173828125
RidgeNestedFull,13:33:30/scan-004,13:33:30,13CO2,2.0618579387664795,2.0872886180877686,0.025430679321289062,0.025430679321289062
RidgeNestedFull,13:33:30/scan-004,13:33:30,12CO2,184.3548126220703,186.62855529785156,2.27374267578125,2.27374267578125
RidgeNestedFull,13:33:30/scan-005,13:33:30,13CO2,2.0618579387664795,2.040201187133789,-0.02165675163269043,0.02165675163269043
RidgeNestedFull,13:33:30/scan-005,13:33:30,12CO2,184.3548126220703,182.4183349609375,-1.9364776611328125,1.9364776611328125
RidgeNestedFull,13:33:30/scan-006,13:33:30,13CO2,2.0618579387664795,2.057142734527588,-0.0047152042388916016,0.0047152042388916016
RidgeNestedFull,13:33:30/scan-006,13:33:30,12CO2,184.3548126220703,183.93319702148438,-0.4216156005859375,0.4216156005859375
RidgeNestedFull,13:33:30/scan-007,13:33:30,13CO2,2.0618579387664795,2.153620481491089,0.09176254272460938,0.09176254272460938
RidgeNestedFull,13:33:30/scan-007,13:33:30,12CO2,184.3548126220703,192.55938720703125,8.204574584960938,8.204574584960938
RidgeNestedFull,13:33:30/scan-008,13:33:30,13CO2,2.0618579387664795,2.2087044715881348,0.14684653282165527,0.14684653282165527
RidgeNestedFull,13:33:30/scan-008,13:33:30,12CO2,184.3548126220703,197.48455810546875,13.129745483398438,13.129745483398438
RidgeNestedFull,13:33:30/scan-009,13:33:30,13CO2,2.0618579387664795,2.097285747528076,0.03542780876159668,0.03542780876159668
RidgeNestedFull,13:33:30/scan-009,13:33:30,12CO2,184.3548126220703,187.52249145507812,3.1676788330078125,3.1676788330078125
RidgeNestedFull,13:33:30/scan-010,13:33:30,13CO2,2.0618579387664795,2.1337027549743652,0.07184481620788574,0.07184481620788574
RidgeNestedFull,13:33:30/scan-010,13:33:30,12CO2,184.3548126220703,190.77850341796875,6.4236907958984375,6.4236907958984375
RidgeNestedFull,13:33:30/scan-011,13:33:30,13CO2,2.0618579387664795,2.0355565547943115,-0.02630138397216797,0.02630138397216797
RidgeNestedFull,13:33:30/scan-011,13:33:30,12CO2,184.3548126220703,182.00306701660156,-2.35174560546875,2.35174560546875
RidgeNestedFull,13:33:30/scan-012,13:33:30,13CO2,2.0618579387664795,2.099529266357422,0.03767132759094238,0.03767132759094238
RidgeNestedFull,13:33:30/scan-012,13:33:30,12CO2,184.3548126220703,187.72305297851562,3.3682403564453125,3.3682403564453125
RidgeNestedFull,13:33:30/scan-013,13:33:30,13CO2,2.0618579387664795,2.177281141281128,0.11542320251464844,0.11542320251464844
RidgeNestedFull,13:33:30/scan-013,13:33:30,12CO2,184.3548126220703,194.675048828125,10.320236206054688,10.320236206054688
RidgeNestedFull,13:33:30/scan-014,13:33:30,13CO2,2.0618579387664795,2.183945655822754,0.12208771705627441,0.12208771705627441
RidgeNestedFull,13:33:30/scan-014,13:33:30,12CO2,184.3548126220703,195.27084350585938,10.916030883789062,10.916030883789062
RidgeNestedFull,13:33:30/scan-015,13:33:30,13CO2,2.0618579387664795,2.061586856842041,-0.00027108192443847656,0.00027108192443847656
RidgeNestedFull,13:33:30/scan-015,13:33:30,12CO2,184.3548126220703,184.33055114746094,-0.024261474609375,0.024261474609375
RidgeNestedFull,13:33:30/scan-016,13:33:30,13CO2,2.0618579387664795,2.23771595954895,0.1758580207824707,0.1758580207824707
RidgeNestedFull,13:33:30/scan-016,13:33:30,12CO2,184.3548126220703,200.07859802246094,15.723785400390625,15.723785400390625
RidgeNestedFull,13:33:30/scan-017,13:33:30,13CO2,2.0618579387664795,2.1786928176879883,0.11683487892150879,0.11683487892150879
RidgeNestedFull,13:33:30/scan-017,13:33:30,12CO2,184.3548126220703,194.80117797851562,10.446365356445312,10.446365356445312
RidgeNestedFull,13:33:30/scan-018,13:33:30,13CO2,2.0618579387664795,2.0699045658111572,0.008046627044677734,0.008046627044677734
RidgeNestedFull,13:33:30/scan-018,13:33:30,12CO2,184.3548126220703,185.07427978515625,0.7194671630859375,0.7194671630859375
RidgeNestedFull,13:33:30/scan-019,13:33:30,13CO2,2.0618579387664795,2.146719455718994,0.08486151695251465,0.08486151695251465
RidgeNestedFull,13:33:30/scan-019,13:33:30,12CO2,184.3548126220703,191.94241333007812,7.5876007080078125,7.5876007080078125
RidgeNestedFull,13:43:08/scan-000,13:43:08,13CO2,2.4742300510406494,2.0036158561706543,-0.4706141948699951,0.4706141948699951
RidgeNestedFull,13:43:08/scan-000,13:43:08,12CO2,221.22576904296875,179.14727783203125,-42.0784912109375,42.0784912109375
RidgeNestedFull,13:43:08/scan-001,13:43:08,13CO2,2.4742300510406494,2.069812059402466,-0.4044179916381836,0.4044179916381836
RidgeNestedFull,13:43:08/scan-001,13:43:08,12CO2,221.22576904296875,185.06594848632812,-36.159820556640625,36.159820556640625
RidgeNestedFull,13:43:08/scan-002,13:43:08,13CO2,2.4742300510406494,2.3176910877227783,-0.1565389633178711,0.1565389633178711
RidgeNestedFull,13:43:08/scan-002,13:43:08,12CO2,221.22576904296875,207.2293701171875,-13.99639892578125,13.99639892578125
RidgeNestedFull,13:43:08/scan-003,13:43:08,13CO2,2.4742300510406494,2.381659746170044,-0.09257030487060547,0.09257030487060547
RidgeNestedFull,13:43:08/scan-003,13:43:08,12CO2,221.22576904296875,212.94888305664062,-8.276885986328125,8.276885986328125
RidgeNestedFull,13:43:08/scan-004,13:43:08,13CO2,2.4742300510406494,2.4312124252319336,-0.04301762580871582,0.04301762580871582
RidgeNestedFull,13:43:08/scan-004,13:43:08,12CO2,221.22576904296875,217.37954711914062,-3.846221923828125,3.846221923828125
RidgeNestedFull,13:43:08/scan-005,13:43:08,13CO2,2.4742300510406494,2.3582892417907715,-0.11594080924987793,0.11594080924987793
RidgeNestedFull,13:43:08/scan-005,13:43:08,12CO2,221.22576904296875,210.8592987060547,-10.366470336914062,10.366470336914062
RidgeNestedFull,13:43:08/scan-006,13:43:08,13CO2,2.4742300510406494,2.414525270462036,-0.05970478057861328,0.05970478057861328
RidgeNestedFull,13:43:08/scan-006,13:43:08,12CO2,221.22576904296875,215.887451171875,-5.33831787109375,5.33831787109375
RidgeNestedFull,13:43:08/scan-007,13:43:08,13CO2,2.4742300510406494,2.2522172927856445,-0.22201275825500488,0.22201275825500488
RidgeNestedFull,13:43:08/scan-007,13:43:08,12CO2,221.22576904296875,201.3751983642578,-19.850570678710938,19.850570678710938
RidgeNestedFull,13:43:08/scan-008,13:43:08,13CO2,2.4742300510406494,2.3842906951904297,-0.08993935585021973,0.08993935585021973
RidgeNestedFull,13:43:08/scan-008,13:43:08,12CO2,221.22576904296875,213.18414306640625,-8.0416259765625,8.0416259765625
RidgeNestedFull,13:43:08/scan-009,13:43:08,13CO2,2.4742300510406494,2.4048891067504883,-0.06934094429016113,0.06934094429016113
RidgeNestedFull,13:43:08/scan-009,13:43:08,12CO2,221.22576904296875,215.0259246826172,-6.1998443603515625,6.1998443603515625
RidgeNestedFull,13:43:08/scan-010,13:43:08,13CO2,2.4742300510406494,2.448472499847412,-0.025757551193237305,0.025757551193237305
RidgeNestedFull,13:43:08/scan-010,13:43:08,12CO2,221.22576904296875,218.9227294921875,-2.30303955078125,2.30303955078125
RidgeNestedFull,13:43:08/scan-011,13:43:08,13CO2,2.4742300510406494,2.314201831817627,-0.16002821922302246,0.16002821922302246
RidgeNestedFull,13:43:08/scan-011,13:43:08,12CO2,221.22576904296875,206.91741943359375,-14.308349609375,14.308349609375
RidgeNestedFull,13:43:08/scan-012,13:43:08,13CO2,2.4742300510406494,2.37864351272583,-0.09558653831481934,0.09558653831481934
RidgeNestedFull,13:43:08/scan-012,13:43:08,12CO2,221.22576904296875,212.67926025390625,-8.5465087890625,8.5465087890625
RidgeNestedFull,13:43:08/scan-013,13:43:08,13CO2,2.4742300510406494,2.479841709136963,0.0056116580963134766,0.0056116580963134766
RidgeNestedFull,13:43:08/scan-013,13:43:08,12CO2,221.22576904296875,221.72756958007812,0.501800537109375,0.501800537109375
RidgeNestedFull,13:43:08/scan-014,13:43:08,13CO2,2.4742300510406494,2.3503925800323486,-0.12383747100830078,0.12383747100830078
RidgeNestedFull,13:43:08/scan-014,13:43:08,12CO2,221.22576904296875,210.1531982421875,-11.07257080078125,11.07257080078125
RidgeNestedFull,13:43:08/scan-015,13:43:08,13CO2,2.4742300510406494,2.3902177810668945,-0.08401226997375488,0.08401226997375488
RidgeNestedFull,13:43:08/scan-015,13:43:08,12CO2,221.22576904296875,213.71414184570312,-7.511627197265625,7.511627197265625
RidgeNestedFull,13:43:08/scan-016,13:43:08,13CO2,2.4742300510406494,2.3570806980133057,-0.11714935302734375,0.11714935302734375
RidgeNestedFull,13:43:08/scan-016,13:43:08,12CO2,221.22576904296875,210.75125122070312,-10.474517822265625,10.474517822265625
RidgeNestedFull,13:43:08/scan-017,13:43:08,13CO2,2.4742300510406494,2.339708089828491,-0.1345219612121582,0.1345219612121582
RidgeNestedFull,13:43:08/scan-017,13:43:08,12CO2,221.22576904296875,209.19790649414062,-12.027862548828125,12.027862548828125
RidgeNestedFull,13:43:08/scan-018,13:43:08,13CO2,2.4742300510406494,2.4087302684783936,-0.06549978256225586,0.06549978256225586
RidgeNestedFull,13:43:08/scan-018,13:43:08,12CO2,221.22576904296875,215.36935424804688,-5.856414794921875,5.856414794921875
RidgeNestedFull,13:43:08/scan-019,13:43:08,13CO2,2.4742300510406494,2.331056594848633,-0.1431734561920166,0.1431734561920166
RidgeNestedFull,13:43:08/scan-019,13:43:08,12CO2,221.22576904296875,208.42440795898438,-12.801361083984375,12.801361083984375
RidgeNestedCompact,12:46:00/scan-000,12:46:00,13CO2,0.0,0.525293231010437,0.525293231010437,0.525293231010437
RidgeNestedCompact,12:46:00/scan-000,12:46:00,12CO2,0.0,46.96742248535156,46.96742248535156,46.96742248535156
RidgeNestedCompact,12:46:00/scan-001,12:46:00,13CO2,0.0,0.20428192615509033,0.20428192615509033,0.20428192615509033
RidgeNestedCompact,12:46:00/scan-001,12:46:00,12CO2,0.0,18.265151977539062,18.265151977539062,18.265151977539062
RidgeNestedCompact,12:46:00/scan-002,12:46:00,13CO2,0.0,0.1999601125717163,0.1999601125717163,0.1999601125717163
RidgeNestedCompact,12:46:00/scan-002,12:46:00,12CO2,0.0,17.878707885742188,17.878707885742188,17.878707885742188
RidgeNestedCompact,12:46:00/scan-003,12:46:00,13CO2,0.0,0.32159745693206787,0.32159745693206787,0.32159745693206787
RidgeNestedCompact,12:46:00/scan-003,12:46:00,12CO2,0.0,28.75450897216797,28.75450897216797,28.75450897216797
RidgeNestedCompact,12:46:00/scan-004,12:46:00,13CO2,0.0,0.16313910484313965,0.16313910484313965,0.16313910484313965
RidgeNestedCompact,12:46:00/scan-004,12:46:00,12CO2,0.0,14.586441040039062,14.586441040039062,14.586441040039062
RidgeNestedCompact,12:46:00/scan-005,12:46:00,13CO2,0.0,0.24455928802490234,0.24455928802490234,0.24455928802490234
RidgeNestedCompact,12:46:00/scan-005,12:46:00,12CO2,0.0,21.866371154785156,21.866371154785156,21.866371154785156
RidgeNestedCompact,12:46:00/scan-006,12:46:00,13CO2,0.0,0.22431111335754395,0.22431111335754395,0.22431111335754395
RidgeNestedCompact,12:46:00/scan-006,12:46:00,12CO2,0.0,20.0560302734375,20.0560302734375,20.0560302734375
RidgeNestedCompact,12:46:00/scan-007,12:46:00,13CO2,0.0,0.2647252082824707,0.2647252082824707,0.2647252082824707
RidgeNestedCompact,12:46:00/scan-007,12:46:00,12CO2,0.0,23.66948699951172,23.66948699951172,23.66948699951172
RidgeNestedCompact,12:46:00/scan-008,12:46:00,13CO2,0.0,0.2904702425003052,0.2904702425003052,0.2904702425003052
RidgeNestedCompact,12:46:00/scan-008,12:46:00,12CO2,0.0,25.971405029296875,25.971405029296875,25.971405029296875
RidgeNestedCompact,12:46:00/scan-009,12:46:00,13CO2,0.0,0.199265718460083,0.199265718460083,0.199265718460083
RidgeNestedCompact,12:46:00/scan-009,12:46:00,12CO2,0.0,17.816818237304688,17.816818237304688,17.816818237304688
RidgeNestedCompact,12:46:00/scan-010,12:46:00,13CO2,0.0,0.16155624389648438,0.16155624389648438,0.16155624389648438
RidgeNestedCompact,12:46:00/scan-010,12:46:00,12CO2,0.0,14.444992065429688,14.444992065429688,14.444992065429688
RidgeNestedCompact,12:46:00/scan-011,12:46:00,13CO2,0.0,0.1844249963760376,0.1844249963760376,0.1844249963760376
RidgeNestedCompact,12:46:00/scan-011,12:46:00,12CO2,0.0,16.489761352539062,16.489761352539062,16.489761352539062
RidgeNestedCompact,12:46:00/scan-012,12:46:00,13CO2,0.0,0.14452099800109863,0.14452099800109863,0.14452099800109863
RidgeNestedCompact,12:46:00/scan-012,12:46:00,12CO2,0.0,12.921958923339844,12.921958923339844,12.921958923339844
RidgeNestedCompact,12:46:00/scan-013,12:46:00,13CO2,0.0,0.25644588470458984,0.25644588470458984,0.25644588470458984
RidgeNestedCompact,12:46:00/scan-013,12:46:00,12CO2,0.0,22.929359436035156,22.929359436035156,22.929359436035156
RidgeNestedCompact,12:46:00/scan-014,12:46:00,13CO2,0.0,0.19989275932312012,0.19989275932312012,0.19989275932312012
RidgeNestedCompact,12:46:00/scan-014,12:46:00,12CO2,0.0,17.87285614013672,17.87285614013672,17.87285614013672
RidgeNestedCompact,12:46:00/scan-015,12:46:00,13CO2,0.0,0.21432757377624512,0.21432757377624512,0.21432757377624512
RidgeNestedCompact,12:46:00/scan-015,12:46:00,12CO2,0.0,19.16350555419922,19.16350555419922,19.16350555419922
RidgeNestedCompact,12:46:00/scan-016,12:46:00,13CO2,0.0,0.11654043197631836,0.11654043197631836,0.11654043197631836
RidgeNestedCompact,12:46:00/scan-016,12:46:00,12CO2,0.0,10.420158386230469,10.420158386230469,10.420158386230469
RidgeNestedCompact,12:46:00/scan-017,12:46:00,13CO2,0.0,0.22511661052703857,0.22511661052703857,0.22511661052703857
RidgeNestedCompact,12:46:00/scan-017,12:46:00,12CO2,0.0,20.12816619873047,20.12816619873047,20.12816619873047
RidgeNestedCompact,12:46:00/scan-018,12:46:00,13CO2,0.0,0.21625757217407227,0.21625757217407227,0.21625757217407227
RidgeNestedCompact,12:46:00/scan-018,12:46:00,12CO2,0.0,19.33605194091797,19.33605194091797,19.33605194091797
RidgeNestedCompact,12:46:00/scan-019,12:46:00,13CO2,0.0,0.23326539993286133,0.23326539993286133,0.23326539993286133
RidgeNestedCompact,12:46:00/scan-019,12:46:00,12CO2,0.0,20.856773376464844,20.856773376464844,20.856773376464844
RidgeNestedCompact,12:55:42/scan-000,12:55:42,13CO2,0.41237199306488037,0.10649192333221436,-0.305880069732666,0.305880069732666
RidgeNestedCompact,12:55:42/scan-000,12:55:42,12CO2,36.8709602355957,9.521636962890625,-27.349323272705078,27.349323272705078
RidgeNestedCompact,12:55:42/scan-001,12:55:42,13CO2,0.41237199306488037,0.14093315601348877,-0.2714388370513916,0.2714388370513916
RidgeNestedCompact,12:55:42/scan-001,12:55:42,12CO2,36.8709602355957,12.601119995117188,-24.269840240478516,24.269840240478516
RidgeNestedCompact,12:55:42/scan-002,12:55:42,13CO2,0.41237199306488037,0.43842458724975586,0.02605259418487549,0.02605259418487549
RidgeNestedCompact,12:55:42/scan-002,12:55:42,12CO2,36.8709602355957,39.200401306152344,2.3294410705566406,2.3294410705566406
RidgeNestedCompact,12:55:42/scan-003,12:55:42,13CO2,0.41237199306488037,0.37200117111206055,-0.040370821952819824,0.040370821952819824
RidgeNestedCompact,12:55:42/scan-003,12:55:42,12CO2,36.8709602355957,33.26136779785156,-3.6095924377441406,3.6095924377441406
RidgeNestedCompact,12:55:42/scan-004,12:55:42,13CO2,0.41237199306488037,0.42777854204177856,0.015406548976898193,0.015406548976898193
RidgeNestedCompact,12:55:42/scan-004,12:55:42,12CO2,36.8709602355957,38.24851989746094,1.3775596618652344,1.3775596618652344
RidgeNestedCompact,12:55:42/scan-005,12:55:42,13CO2,0.41237199306488037,0.38861364126205444,-0.023758351802825928,0.023758351802825928
RidgeNestedCompact,12:55:42/scan-005,12:55:42,12CO2,36.8709602355957,34.7467041015625,-2.124256134033203,2.124256134033203
RidgeNestedCompact,12:55:42/scan-006,12:55:42,13CO2,0.41237199306488037,0.4588393568992615,0.046467363834381104,0.046467363834381104
RidgeNestedCompact,12:55:42/scan-006,12:55:42,12CO2,36.8709602355957,41.025733947753906,4.154773712158203,4.154773712158203
RidgeNestedCompact,12:55:42/scan-007,12:55:42,13CO2,0.41237199306488037,0.3540250062942505,-0.05834698677062988,0.05834698677062988
RidgeNestedCompact,12:55:42/scan-007,12:55:42,12CO2,36.8709602355957,31.654067993164062,-5.216892242431641,5.216892242431641
RidgeNestedCompact,12:55:42/scan-008,12:55:42,13CO2,0.41237199306488037,0.366066575050354,-0.04630541801452637,0.04630541801452637
RidgeNestedCompact,12:55:42/scan-008,12:55:42,12CO2,36.8709602355957,32.730735778808594,-4.140224456787109,4.140224456787109
RidgeNestedCompact,12:55:42/scan-009,12:55:42,13CO2,0.41237199306488037,0.37418389320373535,-0.03818809986114502,0.03818809986114502
RidgeNestedCompact,12:55:42/scan-009,12:55:42,12CO2,36.8709602355957,33.45649719238281,-3.4144630432128906,3.4144630432128906
RidgeNestedCompact,12:55:42/scan-010,12:55:42,13CO2,0.41237199306488037,0.45640385150909424,0.04403185844421387,0.04403185844421387
RidgeNestedCompact,12:55:42/scan-010,12:55:42,12CO2,36.8709602355957,40.807960510253906,3.937000274658203,3.937000274658203
RidgeNestedCompact,12:55:42/scan-011,12:55:42,13CO2,0.41237199306488037,0.3456152677536011,-0.0667567253112793,0.0667567253112793
RidgeNestedCompact,12:55:42/scan-011,12:55:42,12CO2,36.8709602355957,30.902114868164062,-5.968845367431641,5.968845367431641
RidgeNestedCompact,12:55:42/scan-012,12:55:42,13CO2,0.41237199306488037,0.40051448345184326,-0.01185750961303711,0.01185750961303711
RidgeNestedCompact,12:55:42/scan-012,12:55:42,12CO2,36.8709602355957,35.810768127441406,-1.0601921081542969,1.0601921081542969
RidgeNestedCompact,12:55:42/scan-013,12:55:42,13CO2,0.41237199306488037,0.40738409757614136,-0.004987895488739014,0.004987895488739014
RidgeNestedCompact,12:55:42/scan-013,12:55:42,12CO2,36.8709602355957,36.42500305175781,-0.4459571838378906,0.4459571838378906
RidgeNestedCompact,12:55:42/scan-014,12:55:42,13CO2,0.41237199306488037,0.4259446859359741,0.01357269287109375,0.01357269287109375
RidgeNestedCompact,12:55:42/scan-014,12:55:42,12CO2,36.8709602355957,38.08454895019531,1.2135887145996094,1.2135887145996094
RidgeNestedCompact,12:55:42/scan-015,12:55:42,13CO2,0.41237199306488037,0.4488334059715271,0.03646141290664673,0.03646141290664673
RidgeNestedCompact,12:55:42/scan-015,12:55:42,12CO2,36.8709602355957,40.13105773925781,3.2600975036621094,3.2600975036621094
RidgeNestedCompact,12:55:42/scan-016,12:55:42,13CO2,0.41237199306488037,0.35222482681274414,-0.06014716625213623,0.06014716625213623
RidgeNestedCompact,12:55:42/scan-016,12:55:42,12CO2,36.8709602355957,31.493087768554688,-5.377872467041016,5.377872467041016
RidgeNestedCompact,12:55:42/scan-017,12:55:42,13CO2,0.41237199306488037,0.39499056339263916,-0.01738142967224121,0.01738142967224121
RidgeNestedCompact,12:55:42/scan-017,12:55:42,12CO2,36.8709602355957,35.316856384277344,-1.5541038513183594,1.5541038513183594
RidgeNestedCompact,12:55:42/scan-018,12:55:42,13CO2,0.41237199306488037,0.35926294326782227,-0.053109049797058105,0.053109049797058105
RidgeNestedCompact,12:55:42/scan-018,12:55:42,12CO2,36.8709602355957,32.12239074707031,-4.748569488525391,4.748569488525391
RidgeNestedCompact,12:55:42/scan-019,12:55:42,13CO2,0.41237199306488037,0.4614318013191223,0.04905980825424194,0.04905980825424194
RidgeNestedCompact,12:55:42/scan-019,12:55:42,12CO2,36.8709602355957,41.25750732421875,4.386547088623047,4.386547088623047
RidgeNestedCompact,13:05:15/scan-000,13:05:15,13CO2,0.8247429728507996,0.45669668912887573,-0.36804628372192383,0.36804628372192383
RidgeNestedCompact,13:05:15/scan-000,13:05:15,12CO2,73.7419204711914,40.83416748046875,-32.907752990722656,32.907752990722656
RidgeNestedCompact,13:05:15/scan-001,13:05:15,13CO2,0.8247429728507996,0.4291772246360779,-0.3955657482147217,0.3955657482147217
RidgeNestedCompact,13:05:15/scan-001,13:05:15,12CO2,73.7419204711914,38.37358856201172,-35.36833190917969,35.36833190917969
RidgeNestedCompact,13:05:15/scan-002,13:05:15,13CO2,0.8247429728507996,0.8166877031326294,-0.008055269718170166,0.008055269718170166
RidgeNestedCompact,13:05:15/scan-002,13:05:15,12CO2,73.7419204711914,73.02163696289062,-0.7202835083007812,0.7202835083007812
RidgeNestedCompact,13:05:15/scan-003,13:05:15,13CO2,0.8247429728507996,0.9015130996704102,0.0767701268196106,0.0767701268196106
RidgeNestedCompact,13:05:15/scan-003,13:05:15,12CO2,73.7419204711914,80.60606384277344,6.864143371582031,6.864143371582031
RidgeNestedCompact,13:05:15/scan-004,13:05:15,13CO2,0.8247429728507996,0.8828451633453369,0.058102190494537354,0.058102190494537354
RidgeNestedCompact,13:05:15/scan-004,13:05:15,12CO2,73.7419204711914,78.93688201904297,5.1949615478515625,5.1949615478515625
RidgeNestedCompact,13:05:15/scan-005,13:05:15,13CO2,0.8247429728507996,0.7842787504196167,-0.04046422243118286,0.04046422243118286
RidgeNestedCompact,13:05:15/scan-005,13:05:15,12CO2,73.7419204711914,70.12388610839844,-3.6180343627929688,3.6180343627929688
RidgeNestedCompact,13:05:15/scan-006,13:05:15,13CO2,0.8247429728507996,0.8794647455215454,0.05472177267074585,0.05472177267074585
RidgeNestedCompact,13:05:15/scan-006,13:05:15,12CO2,73.7419204711914,78.6346435546875,4.892723083496094,4.892723083496094
RidgeNestedCompact,13:05:15/scan-007,13:05:15,13CO2,0.8247429728507996,0.8732562065124512,0.04851323366165161,0.04851323366165161
RidgeNestedCompact,13:05:15/scan-007,13:05:15,12CO2,73.7419204711914,78.07951354980469,4.337593078613281,4.337593078613281
RidgeNestedCompact,13:05:15/scan-008,13:05:15,13CO2,0.8247429728507996,0.8108771443367004,-0.013865828514099121,0.013865828514099121
RidgeNestedCompact,13:05:15/scan-008,13:05:15,12CO2,73.7419204711914,72.50216674804688,-1.2397537231445312,1.2397537231445312
RidgeNestedCompact,13:05:15/scan-009,13:05:15,13CO2,0.8247429728507996,0.8550384044647217,0.03029543161392212,0.03029543161392212
RidgeNestedCompact,13:05:15/scan-009,13:05:15,12CO2,73.7419204711914,76.45068359375,2.7087631225585938,2.7087631225585938
RidgeNestedCompact,13:05:15/scan-010,13:05:15,13CO2,0.8247429728507996,0.8883955478668213,0.06365257501602173,0.06365257501602173
RidgeNestedCompact,13:05:15/scan-010,13:05:15,12CO2,73.7419204711914,79.43321990966797,5.6912994384765625,5.6912994384765625
RidgeNestedCompact,13:05:15/scan-011,13:05:15,13CO2,0.8247429728507996,0.9137833118438721,0.08904033899307251,0.08904033899307251
RidgeNestedCompact,13:05:15/scan-011,13:05:15,12CO2,73.7419204711914,81.7032241821289,7.9613037109375,7.9613037109375
RidgeNestedCompact,13:05:15/scan-012,13:05:15,13CO2,0.8247429728507996,0.8835654854774475,0.05882251262664795,0.05882251262664795
RidgeNestedCompact,13:05:15/scan-012,13:05:15,12CO2,73.7419204711914,79.00127410888672,5.2593536376953125,5.2593536376953125
RidgeNestedCompact,13:05:15/scan-013,13:05:15,13CO2,0.8247429728507996,0.9240672588348389,0.0993242859840393,0.0993242859840393
RidgeNestedCompact,13:05:15/scan-013,13:05:15,12CO2,73.7419204711914,82.62257385253906,8.880653381347656,8.880653381347656
RidgeNestedCompact,13:05:15/scan-014,13:05:15,13CO2,0.8247429728507996,0.8429185152053833,0.01817554235458374,0.01817554235458374
RidgeNestedCompact,13:05:15/scan-014,13:05:15,12CO2,73.7419204711914,75.36703491210938,1.6251144409179688,1.6251144409179688
RidgeNestedCompact,13:05:15/scan-015,13:05:15,13CO2,0.8247429728507996,0.9678966403007507,0.14315366744995117,0.14315366744995117
RidgeNestedCompact,13:05:15/scan-015,13:05:15,12CO2,73.7419204711914,86.5415267944336,12.799606323242188,12.799606323242188
RidgeNestedCompact,13:05:15/scan-016,13:05:15,13CO2,0.8247429728507996,0.9139156341552734,0.08917266130447388,0.08917266130447388
RidgeNestedCompact,13:05:15/scan-016,13:05:15,12CO2,73.7419204711914,81.7149658203125,7.973045349121094,7.973045349121094
RidgeNestedCompact,13:05:15/scan-017,13:05:15,13CO2,0.8247429728507996,0.8784623742103577,0.053719401359558105,0.053719401359558105
RidgeNestedCompact,13:05:15/scan-017,13:05:15,12CO2,73.7419204711914,78.54499816894531,4.803077697753906,4.803077697753906
RidgeNestedCompact,13:05:15/scan-018,13:05:15,13CO2,0.8247429728507996,0.896533727645874,0.07179075479507446,0.07179075479507446
RidgeNestedCompact,13:05:15/scan-018,13:05:15,12CO2,73.7419204711914,80.16088104248047,6.4189605712890625,6.4189605712890625
RidgeNestedCompact,13:05:15/scan-019,13:05:15,13CO2,0.8247429728507996,0.8830196261405945,0.05827665328979492,0.05827665328979492
RidgeNestedCompact,13:05:15/scan-019,13:05:15,12CO2,73.7419204711914,78.95247650146484,5.2105560302734375,5.2105560302734375
RidgeNestedCompact,13:14:37/scan-000,13:14:37,13CO2,1.2371150255203247,0.8912897109985352,-0.34582531452178955,0.34582531452178955
RidgeNestedCompact,13:14:37/scan-000,13:14:37,12CO2,110.61288452148438,79.69204711914062,-30.92083740234375,30.92083740234375
RidgeNestedCompact,13:14:37/scan-001,13:14:37,13CO2,1.2371150255203247,0.9015498161315918,-0.3355652093887329,0.3355652093887329
RidgeNestedCompact,13:14:37/scan-001,13:14:37,12CO2,110.61288452148438,80.60936737060547,-30.003517150878906,30.003517150878906
RidgeNestedCompact,13:14:37/scan-002,13:14:37,13CO2,1.2371150255203247,1.2031761407852173,-0.03393888473510742,0.03393888473510742
RidgeNestedCompact,13:14:37/scan-002,13:14:37,12CO2,110.61288452148438,107.57841491699219,-3.0344696044921875,3.0344696044921875
RidgeNestedCompact,13:14:37/scan-003,13:14:37,13CO2,1.2371150255203247,1.2419459819793701,0.00483095645904541,0.00483095645904541
RidgeNestedCompact,13:14:37/scan-003,13:14:37,12CO2,110.61288452148438,111.04479217529297,0.43190765380859375,0.43190765380859375
RidgeNestedCompact,13:14:37/scan-004,13:14:37,13CO2,1.2371150255203247,1.2279887199401855,-0.00912630558013916,0.00912630558013916
RidgeNestedCompact,13:14:37/scan-004,13:14:37,12CO2,110.61288452148438,109.79695129394531,-0.8159332275390625,0.8159332275390625
RidgeNestedCompact,13:14:37/scan-005,13:14:37,13CO2,1.2371150255203247,1.2648173570632935,0.02770233154296875,0.02770233154296875
RidgeNestedCompact,13:14:37/scan-005,13:14:37,12CO2,110.61288452148438,113.08982849121094,2.4769439697265625,2.4769439697265625
RidgeNestedCompact,13:14:37/scan-006,13:14:37,13CO2,1.2371150255203247,1.2368130683898926,-0.0003019571304321289,0.0003019571304321289
RidgeNestedCompact,13:14:37/scan-006,13:14:37,12CO2,110.61288452148438,110.58586120605469,-0.0270233154296875,0.0270233154296875
RidgeNestedCompact,13:14:37/scan-007,13:14:37,13CO2,1.2371150255203247,1.3006097078323364,0.06349468231201172,0.06349468231201172
RidgeNestedCompact,13:14:37/scan-007,13:14:37,12CO2,110.61288452148438,116.2900390625,5.677154541015625,5.677154541015625
RidgeNestedCompact,13:14:37/scan-008,13:14:37,13CO2,1.2371150255203247,1.29348623752594,0.056371212005615234,0.056371212005615234
RidgeNestedCompact,13:14:37/scan-008,13:14:37,12CO2,110.61288452148438,115.65294647216797,5.040061950683594,5.040061950683594
RidgeNestedCompact,13:14:37/scan-009,13:14:37,13CO2,1.2371150255203247,1.2235171794891357,-0.013597846031188965,0.013597846031188965
RidgeNestedCompact,13:14:37/scan-009,13:14:37,12CO2,110.61288452148438,109.3970718383789,-1.2158126831054688,1.2158126831054688
RidgeNestedCompact,13:14:37/scan-010,13:14:37,13CO2,1.2371150255203247,1.2585006952285767,0.021385669708251953,0.021385669708251953
RidgeNestedCompact,13:14:37/scan-010,13:14:37,12CO2,110.61288452148438,112.52494812011719,1.9120635986328125,1.9120635986328125
RidgeNestedCompact,13:14:37/scan-011,13:14:37,13CO2,1.2371150255203247,1.258174180984497,0.021059155464172363,0.021059155464172363
RidgeNestedCompact,13:14:37/scan-011,13:14:37,12CO2,110.61288452148438,112.49583435058594,1.8829498291015625,1.8829498291015625
RidgeNestedCompact,13:14:37/scan-012,13:14:37,13CO2,1.2371150255203247,1.2426855564117432,0.005570530891418457,0.005570530891418457
RidgeNestedCompact,13:14:37/scan-012,13:14:37,12CO2,110.61288452148438,111.11093139648438,0.498046875,0.498046875
RidgeNestedCompact,13:14:37/scan-013,13:14:37,13CO2,1.2371150255203247,1.2607682943344116,0.023653268814086914,0.023653268814086914
RidgeNestedCompact,13:14:37/scan-013,13:14:37,12CO2,110.61288452148438,112.72781372070312,2.11492919921875,2.11492919921875
RidgeNestedCompact,13:14:37/scan-014,13:14:37,13CO2,1.2371150255203247,1.3424474000930786,0.1053323745727539,0.1053323745727539
RidgeNestedCompact,13:14:37/scan-014,13:14:37,12CO2,110.61288452148438,120.0306625366211,9.417778015136719,9.417778015136719
RidgeNestedCompact,13:14:37/scan-015,13:14:37,13CO2,1.2371150255203247,1.3457814455032349,0.10866641998291016,0.10866641998291016
RidgeNestedCompact,13:14:37/scan-015,13:14:37,12CO2,110.61288452148438,120.32893371582031,9.716049194335938,9.716049194335938
RidgeNestedCompact,13:14:37/scan-016,13:14:37,13CO2,1.2371150255203247,1.356149673461914,0.11903464794158936,0.11903464794158936
RidgeNestedCompact,13:14:37/scan-016,13:14:37,12CO2,110.61288452148438,121.2560043334961,10.643119812011719,10.643119812011719
RidgeNestedCompact,13:14:37/scan-017,13:14:37,13CO2,1.2371150255203247,1.2994978427886963,0.06238281726837158,0.06238281726837158
RidgeNestedCompact,13:14:37/scan-017,13:14:37,12CO2,110.61288452148438,116.19059753417969,5.5777130126953125,5.5777130126953125
RidgeNestedCompact,13:14:37/scan-018,13:14:37,13CO2,1.2371150255203247,1.3221861124038696,0.08507108688354492,0.08507108688354492
RidgeNestedCompact,13:14:37/scan-018,13:14:37,12CO2,110.61288452148438,118.2192153930664,7.606330871582031,7.606330871582031
RidgeNestedCompact,13:14:37/scan-019,13:14:37,13CO2,1.2371150255203247,1.3743524551391602,0.13723742961883545,0.13723742961883545
RidgeNestedCompact,13:14:37/scan-019,13:14:37,12CO2,110.61288452148438,122.88356018066406,12.270675659179688,12.270675659179688
RidgeNestedCompact,13:24:02/scan-000,13:24:02,13CO2,1.649487018585205,1.3412023782730103,-0.3082846403121948,0.3082846403121948
RidgeNestedCompact,13:24:02/scan-000,13:24:02,12CO2,147.4838409423828,119.91960144042969,-27.564239501953125,27.564239501953125
RidgeNestedCompact,13:24:02/scan-001,13:24:02,13CO2,1.649487018585205,1.3319556713104248,-0.3175313472747803,0.3175313472747803
RidgeNestedCompact,13:24:02/scan-001,13:24:02,12CO2,147.4838409423828,119.09278106689453,-28.39105987548828,28.39105987548828
RidgeNestedCompact,13:24:02/scan-002,13:24:02,13CO2,1.649487018585205,1.5855062007904053,-0.0639808177947998,0.0639808177947998
RidgeNestedCompact,13:24:02/scan-002,13:24:02,12CO2,147.4838409423828,141.76329040527344,-5.720550537109375,5.720550537109375
RidgeNestedCompact,13:24:02/scan-003,13:24:02,13CO2,1.649487018585205,1.5467480421066284,-0.10273897647857666,0.10273897647857666
RidgeNestedCompact,13:24:02/scan-003,13:24:02,12CO2,147.4838409423828,138.29786682128906,-9.18597412109375,9.18597412109375
RidgeNestedCompact,13:24:02/scan-004,13:24:02,13CO2,1.649487018585205,1.6015348434448242,-0.04795217514038086,0.04795217514038086
RidgeNestedCompact,13:24:02/scan-004,13:24:02,12CO2,147.4838409423828,143.19644165039062,-4.2873992919921875,4.2873992919921875
RidgeNestedCompact,13:24:02/scan-005,13:24:02,13CO2,1.649487018585205,1.5943946838378906,-0.05509233474731445,0.05509233474731445
RidgeNestedCompact,13:24:02/scan-005,13:24:02,12CO2,147.4838409423828,142.55801391601562,-4.9258270263671875,4.9258270263671875
RidgeNestedCompact,13:24:02/scan-006,13:24:02,13CO2,1.649487018585205,1.6480350494384766,-0.0014519691467285156,0.0014519691467285156
RidgeNestedCompact,13:24:02/scan-006,13:24:02,12CO2,147.4838409423828,147.35409545898438,-0.1297454833984375,0.1297454833984375
RidgeNestedCompact,13:24:02/scan-007,13:24:02,13CO2,1.649487018585205,1.632589340209961,-0.01689767837524414,0.01689767837524414
RidgeNestedCompact,13:24:02/scan-007,13:24:02,12CO2,147.4838409423828,145.9730682373047,-1.510772705078125,1.510772705078125
RidgeNestedCompact,13:24:02/scan-008,13:24:02,13CO2,1.649487018585205,1.7358698844909668,0.08638286590576172,0.08638286590576172
RidgeNestedCompact,13:24:02/scan-008,13:24:02,12CO2,147.4838409423828,155.20750427246094,7.723663330078125,7.723663330078125
RidgeNestedCompact,13:24:02/scan-009,13:24:02,13CO2,1.649487018585205,1.6012436151504517,-0.04824340343475342,0.04824340343475342
RidgeNestedCompact,13:24:02/scan-009,13:24:02,12CO2,147.4838409423828,143.17044067382812,-4.3134002685546875,4.3134002685546875
RidgeNestedCompact,13:24:02/scan-010,13:24:02,13CO2,1.649487018585205,1.6482489109039307,-0.001238107681274414,0.001238107681274414
RidgeNestedCompact,13:24:02/scan-010,13:24:02,12CO2,147.4838409423828,147.3732147216797,-0.110626220703125,0.110626220703125
RidgeNestedCompact,13:24:02/scan-011,13:24:02,13CO2,1.649487018585205,1.669243574142456,0.019756555557250977,0.019756555557250977
RidgeNestedCompact,13:24:02/scan-011,13:24:02,12CO2,147.4838409423828,149.2504119873047,1.766571044921875,1.766571044921875
RidgeNestedCompact,13:24:02/scan-012,13:24:02,13CO2,1.649487018585205,1.719750165939331,0.07026314735412598,0.07026314735412598
RidgeNestedCompact,13:24:02/scan-012,13:24:02,12CO2,147.4838409423828,153.7662811279297,6.282440185546875,6.282440185546875
RidgeNestedCompact,13:24:02/scan-013,13:24:02,13CO2,1.649487018585205,1.70801842212677,0.05853140354156494,0.05853140354156494
RidgeNestedCompact,13:24:02/scan-013,13:24:02,12CO2,147.4838409423828,152.71731567382812,5.2334747314453125,5.2334747314453125
RidgeNestedCompact,13:24:02/scan-014,13:24:02,13CO2,1.649487018585205,1.7124829292297363,0.06299591064453125,0.06299591064453125
RidgeNestedCompact,13:24:02/scan-014,13:24:02,12CO2,147.4838409423828,153.11654663085938,5.6327056884765625,5.6327056884765625
RidgeNestedCompact,13:24:02/scan-015,13:24:02,13CO2,1.649487018585205,1.72784423828125,0.07835721969604492,0.07835721969604492
RidgeNestedCompact,13:24:02/scan-015,13:24:02,12CO2,147.4838409423828,154.489990234375,7.0061492919921875,7.0061492919921875
RidgeNestedCompact,13:24:02/scan-016,13:24:02,13CO2,1.649487018585205,1.785359263420105,0.1358722448348999,0.1358722448348999
RidgeNestedCompact,13:24:02/scan-016,13:24:02,12CO2,147.4838409423828,159.6325225830078,12.148681640625,12.148681640625
RidgeNestedCompact,13:24:02/scan-017,13:24:02,13CO2,1.649487018585205,1.7413910627365112,0.09190404415130615,0.09190404415130615
RidgeNestedCompact,13:24:02/scan-017,13:24:02,12CO2,147.4838409423828,155.701171875,8.217330932617188,8.217330932617188
RidgeNestedCompact,13:24:02/scan-018,13:24:02,13CO2,1.649487018585205,1.6590362787246704,0.009549260139465332,0.009549260139465332
RidgeNestedCompact,13:24:02/scan-018,13:24:02,12CO2,147.4838409423828,148.3377227783203,0.8538818359375,0.8538818359375
RidgeNestedCompact,13:24:02/scan-019,13:24:02,13CO2,1.649487018585205,1.7473857402801514,0.09789872169494629,0.09789872169494629
RidgeNestedCompact,13:24:02/scan-019,13:24:02,12CO2,147.4838409423828,156.23727416992188,8.753433227539062,8.753433227539062
RidgeNestedCompact,13:33:30/scan-000,13:33:30,13CO2,2.0618579387664795,1.6864542961120605,-0.37540364265441895,0.37540364265441895
RidgeNestedCompact,13:33:30/scan-000,13:33:30,12CO2,184.3548126220703,150.78919982910156,-33.56561279296875,33.56561279296875
RidgeNestedCompact,13:33:30/scan-001,13:33:30,13CO2,2.0618579387664795,1.7901623249053955,-0.271695613861084,0.271695613861084
RidgeNestedCompact,13:33:30/scan-001,13:33:30,12CO2,184.3548126220703,160.0619354248047,-24.292877197265625,24.292877197265625
RidgeNestedCompact,13:33:30/scan-002,13:33:30,13CO2,2.0618579387664795,1.9222466945648193,-0.13961124420166016,0.13961124420166016
RidgeNestedCompact,13:33:30/scan-002,13:33:30,12CO2,184.3548126220703,171.87185668945312,-12.482955932617188,12.482955932617188
RidgeNestedCompact,13:33:30/scan-003,13:33:30,13CO2,2.0618579387664795,2.059213638305664,-0.0026443004608154297,0.0026443004608154297
RidgeNestedCompact,13:33:30/scan-003,13:33:30,12CO2,184.3548126220703,184.1183319091797,-0.236480712890625,0.236480712890625
RidgeNestedCompact,13:33:30/scan-004,13:33:30,13CO2,2.0618579387664795,2.0928149223327637,0.03095698356628418,0.03095698356628418
RidgeNestedCompact,13:33:30/scan-004,13:33:30,12CO2,184.3548126220703,187.1226806640625,2.7678680419921875,2.7678680419921875
RidgeNestedCompact,13:33:30/scan-005,13:33:30,13CO2,2.0618579387664795,2.0689899921417236,0.007132053375244141,0.007132053375244141
RidgeNestedCompact,13:33:30/scan-005,13:33:30,12CO2,184.3548126220703,184.99244689941406,0.63763427734375,0.63763427734375
RidgeNestedCompact,13:33:30/scan-006,13:33:30,13CO2,2.0618579387664795,2.028048276901245,-0.033809661865234375,0.033809661865234375
RidgeNestedCompact,13:33:30/scan-006,13:33:30,12CO2,184.3548126220703,181.331787109375,-3.0230255126953125,3.0230255126953125
RidgeNestedCompact,13:33:30/scan-007,13:33:30,13CO2,2.0618579387664795,2.096750259399414,0.03489232063293457,0.03489232063293457
RidgeNestedCompact,13:33:30/scan-007,13:33:30,12CO2,184.3548126220703,187.47454833984375,3.1197357177734375,3.1197357177734375
RidgeNestedCompact,13:33:30/scan-008,13:33:30,13CO2,2.0618579387664795,2.044721841812134,-0.017136096954345703,0.017136096954345703
RidgeNestedCompact,13:33:30/scan-008,13:33:30,12CO2,184.3548126220703,182.82257080078125,-1.5322418212890625,1.5322418212890625
RidgeNestedCompact,13:33:30/scan-009,13:33:30,13CO2,2.0618579387664795,2.080260753631592,0.018402814865112305,0.018402814865112305
RidgeNestedCompact,13:33:30/scan-009,13:33:30,12CO2,184.3548126220703,186.0001983642578,1.6453857421875,1.6453857421875
RidgeNestedCompact,13:33:30/scan-010,13:33:30,13CO2,2.0618579387664795,2.014071226119995,-0.047786712646484375,0.047786712646484375
RidgeNestedCompact,13:33:30/scan-010,13:33:30,12CO2,184.3548126220703,180.08206176757812,-4.2727508544921875,4.2727508544921875
RidgeNestedCompact,13:33:30/scan-011,13:33:30,13CO2,2.0618579387664795,2.0751891136169434,0.013331174850463867,0.013331174850463867
RidgeNestedCompact,13:33:30/scan-011,13:33:30,12CO2,184.3548126220703,185.5467529296875,1.1919403076171875,1.1919403076171875
RidgeNestedCompact,13:33:30/scan-012,13:33:30,13CO2,2.0618579387664795,2.0995943546295166,0.03773641586303711,0.03773641586303711
RidgeNestedCompact,13:33:30/scan-012,13:33:30,12CO2,184.3548126220703,187.72885131835938,3.3740386962890625,3.3740386962890625
RidgeNestedCompact,13:33:30/scan-013,13:33:30,13CO2,2.0618579387664795,2.0927979946136475,0.03094005584716797,0.03094005584716797
RidgeNestedCompact,13:33:30/scan-013,13:33:30,12CO2,184.3548126220703,187.12118530273438,2.7663726806640625,2.7663726806640625
RidgeNestedCompact,13:33:30/scan-014,13:33:30,13CO2,2.0618579387664795,2.1274325847625732,0.06557464599609375,0.06557464599609375
RidgeNestedCompact,13:33:30/scan-014,13:33:30,12CO2,184.3548126220703,190.21792602539062,5.8631134033203125,5.8631134033203125
RidgeNestedCompact,13:33:30/scan-015,13:33:30,13CO2,2.0618579387664795,2.0816309452056885,0.019773006439208984,0.019773006439208984
RidgeNestedCompact,13:33:30/scan-015,13:33:30,12CO2,184.3548126220703,186.12271118164062,1.7678985595703125,1.7678985595703125
RidgeNestedCompact,13:33:30/scan-016,13:33:30,13CO2,2.0618579387664795,2.1622276306152344,0.10036969184875488,0.10036969184875488
RidgeNestedCompact,13:33:30/scan-016,13:33:30,12CO2,184.3548126220703,193.32901000976562,8.974197387695312,8.974197387695312
RidgeNestedCompact,13:33:30/scan-017,13:33:30,13CO2,2.0618579387664795,2.1177406311035156,0.05588269233703613,0.05588269233703613
RidgeNestedCompact,13:33:30/scan-017,13:33:30,12CO2,184.3548126220703,189.35134887695312,4.9965362548828125,4.9965362548828125
RidgeNestedCompact,13:33:30/scan-018,13:33:30,13CO2,2.0618579387664795,2.152153968811035,0.09029603004455566,0.09029603004455566
RidgeNestedCompact,13:33:30/scan-018,13:33:30,12CO2,184.3548126220703,192.42831420898438,8.073501586914062,8.073501586914062
RidgeNestedCompact,13:33:30/scan-019,13:33:30,13CO2,2.0618579387664795,2.140157699584961,0.07829976081848145,0.07829976081848145
RidgeNestedCompact,13:33:30/scan-019,13:33:30,12CO2,184.3548126220703,191.355712890625,7.0009002685546875,7.0009002685546875
RidgeNestedCompact,13:43:08/scan-000,13:43:08,13CO2,2.4742300510406494,2.0881524085998535,-0.3860776424407959,0.3860776424407959
RidgeNestedCompact,13:43:08/scan-000,13:43:08,12CO2,221.22576904296875,186.7058563232422,-34.51991271972656,34.51991271972656
RidgeNestedCompact,13:43:08/scan-001,13:43:08,13CO2,2.4742300510406494,2.060671091079712,-0.4135589599609375,0.4135589599609375
RidgeNestedCompact,13:43:08/scan-001,13:43:08,12CO2,221.22576904296875,184.24868774414062,-36.977081298828125,36.977081298828125
RidgeNestedCompact,13:43:08/scan-002,13:43:08,13CO2,2.4742300510406494,2.33699631690979,-0.13723373413085938,0.13723373413085938
RidgeNestedCompact,13:43:08/scan-002,13:43:08,12CO2,221.22576904296875,208.9554901123047,-12.270278930664062,12.270278930664062
RidgeNestedCompact,13:43:08/scan-003,13:43:08,13CO2,2.4742300510406494,2.4036154747009277,-0.07061457633972168,0.07061457633972168
RidgeNestedCompact,13:43:08/scan-003,13:43:08,12CO2,221.22576904296875,214.91207885742188,-6.313690185546875,6.313690185546875
RidgeNestedCompact,13:43:08/scan-004,13:43:08,13CO2,2.4742300510406494,2.4269678592681885,-0.04726219177246094,0.04726219177246094
RidgeNestedCompact,13:43:08/scan-004,13:43:08,12CO2,221.22576904296875,217.00009155273438,-4.225677490234375,4.225677490234375
RidgeNestedCompact,13:43:08/scan-005,13:43:08,13CO2,2.4742300510406494,2.3902273178100586,-0.08400273323059082,0.08400273323059082
RidgeNestedCompact,13:43:08/scan-005,13:43:08,12CO2,221.22576904296875,213.7149658203125,-7.51080322265625,7.51080322265625
RidgeNestedCompact,13:43:08/scan-006,13:43:08,13CO2,2.4742300510406494,2.367312431335449,-0.1069176197052002,0.1069176197052002
RidgeNestedCompact,13:43:08/scan-006,13:43:08,12CO2,221.22576904296875,211.66616821289062,-9.559600830078125,9.559600830078125
RidgeNestedCompact,13:43:08/scan-007,13:43:08,13CO2,2.4742300510406494,2.331162214279175,-0.1430678367614746,0.1430678367614746
RidgeNestedCompact,13:43:08/scan-007,13:43:08,12CO2,221.22576904296875,208.43389892578125,-12.7918701171875,12.7918701171875
RidgeNestedCompact,13:43:08/scan-008,13:43:08,13CO2,2.4742300510406494,2.3896265029907227,-0.08460354804992676,0.08460354804992676
RidgeNestedCompact,13:43:08/scan-008,13:43:08,12CO2,221.22576904296875,213.66128540039062,-7.564483642578125,7.564483642578125
RidgeNestedCompact,13:43:08/scan-009,13:43:08,13CO2,2.4742300510406494,2.445052146911621,-0.02917790412902832,0.02917790412902832
RidgeNestedCompact,13:43:08/scan-009,13:43:08,12CO2,221.22576904296875,218.61703491210938,-2.608734130859375,2.608734130859375
RidgeNestedCompact,13:43:08/scan-010,13:43:08,13CO2,2.4742300510406494,2.4482171535491943,-0.026012897491455078,0.026012897491455078
RidgeNestedCompact,13:43:08/scan-010,13:43:08,12CO2,221.22576904296875,218.90000915527344,-2.3257598876953125,2.3257598876953125
RidgeNestedCompact,13:43:08/scan-011,13:43:08,13CO2,2.4742300510406494,2.3632335662841797,-0.11099648475646973,0.11099648475646973
RidgeNestedCompact,13:43:08/scan-011,13:43:08,12CO2,221.22576904296875,211.301513671875,-9.92425537109375,9.92425537109375
RidgeNestedCompact,13:43:08/scan-012,13:43:08,13CO2,2.4742300510406494,2.427267551422119,-0.04696249961853027,0.04696249961853027
RidgeNestedCompact,13:43:08/scan-012,13:43:08,12CO2,221.22576904296875,217.02694702148438,-4.198822021484375,4.198822021484375
RidgeNestedCompact,13:43:08/scan-013,13:43:08,13CO2,2.4742300510406494,2.3975887298583984,-0.07664132118225098,0.07664132118225098
RidgeNestedCompact,13:43:08/scan-013,13:43:08,12CO2,221.22576904296875,214.37318420410156,-6.8525848388671875,6.8525848388671875
RidgeNestedCompact,13:43:08/scan-014,13:43:08,13CO2,2.4742300510406494,2.4233322143554688,-0.050897836685180664,0.050897836685180664
RidgeNestedCompact,13:43:08/scan-014,13:43:08,12CO2,221.22576904296875,216.67498779296875,-4.55078125,4.55078125
RidgeNestedCompact,13:43:08/scan-015,13:43:08,13CO2,2.4742300510406494,2.3788411617279053,-0.09538888931274414,0.09538888931274414
RidgeNestedCompact,13:43:08/scan-015,13:43:08,12CO2,221.22576904296875,212.69699096679688,-8.528778076171875,8.528778076171875
RidgeNestedCompact,13:43:08/scan-016,13:43:08,13CO2,2.4742300510406494,2.388514995574951,-0.08571505546569824,0.08571505546569824
RidgeNestedCompact,13:43:08/scan-016,13:43:08,12CO2,221.22576904296875,213.56190490722656,-7.6638641357421875,7.6638641357421875
RidgeNestedCompact,13:43:08/scan-017,13:43:08,13CO2,2.4742300510406494,2.4373092651367188,-0.036920785903930664,0.036920785903930664
RidgeNestedCompact,13:43:08/scan-017,13:43:08,12CO2,221.22576904296875,217.9246826171875,-3.30108642578125,3.30108642578125
RidgeNestedCompact,13:43:08/scan-018,13:43:08,13CO2,2.4742300510406494,2.5202369689941406,0.04600691795349121,0.04600691795349121
RidgeNestedCompact,13:43:08/scan-018,13:43:08,12CO2,221.22576904296875,225.33950805664062,4.113739013671875,4.113739013671875
RidgeNestedCompact,13:43:08/scan-019,13:43:08,13CO2,2.4742300510406494,2.354851722717285,-0.11937832832336426,0.11937832832336426
RidgeNestedCompact,13:43:08/scan-019,13:43:08,12CO2,221.22576904296875,210.55209350585938,-10.673675537109375,10.673675537109375
PLSNestedFull,12:46:00/scan-000,12:46:00,13CO2,0.0,0.49145679269874,0.49145679269874,0.49145679269874
PLSNestedFull,12:46:00/scan-000,12:46:00,12CO2,0.0,43.94211232283567,43.94211232283567,43.94211232283567
PLSNestedFull,12:46:00/scan-001,12:46:00,13CO2,0.0,0.2542475105299693,0.2542475105299693,0.2542475105299693
PLSNestedFull,12:46:00/scan-001,12:46:00,12CO2,0.0,22.732759885861697,22.732759885861697,22.732759885861697
PLSNestedFull,12:46:00/scan-002,12:46:00,13CO2,0.0,0.27098995821658156,0.27098995821658156,0.27098995821658156
PLSNestedFull,12:46:00/scan-002,12:46:00,12CO2,0.0,24.22973697085679,24.22973697085679,24.22973697085679
PLSNestedFull,12:46:00/scan-003,12:46:00,13CO2,0.0,0.32517774260654053,0.32517774260654053,0.32517774260654053
PLSNestedFull,12:46:00/scan-003,12:46:00,12CO2,0.0,29.074776472502094,29.074776472502094,29.074776472502094
PLSNestedFull,12:46:00/scan-004,12:46:00,13CO2,0.0,0.18254706434822188,0.18254706434822188,0.18254706434822188
PLSNestedFull,12:46:00/scan-004,12:46:00,12CO2,0.0,16.321881921262786,16.321881921262786,16.321881921262786
PLSNestedFull,12:46:00/scan-005,12:46:00,13CO2,0.0,0.314573910175312,0.314573910175312,0.314573910175312
PLSNestedFull,12:46:00/scan-005,12:46:00,12CO2,0.0,28.126667402036873,28.126667402036873,28.126667402036873
PLSNestedFull,12:46:00/scan-006,12:46:00,13CO2,0.0,0.25287753355621523,0.25287753355621523,0.25287753355621523
PLSNestedFull,12:46:00/scan-006,12:46:00,12CO2,0.0,22.610270086363613,22.610270086363613,22.610270086363613
PLSNestedFull,12:46:00/scan-007,12:46:00,13CO2,0.0,0.3946620745135103,0.3946620745135103,0.3946620745135103
PLSNestedFull,12:46:00/scan-007,12:46:00,12CO2,0.0,35.28750874725422,35.28750874725422,35.28750874725422
PLSNestedFull,12:46:00/scan-008,12:46:00,13CO2,0.0,0.4128667744810268,0.4128667744810268,0.4128667744810268
PLSNestedFull,12:46:00/scan-008,12:46:00,12CO2,0.0,36.915227408176904,36.915227408176904,36.915227408176904
PLSNestedFull,12:46:00/scan-009,12:46:00,13CO2,0.0,0.398894353548195,0.398894353548195,0.398894353548195
PLSNestedFull,12:46:00/scan-009,12:46:00,12CO2,0.0,35.66592310400351,35.66592310400351,35.66592310400351
PLSNestedFull,12:46:00/scan-010,12:46:00,13CO2,0.0,0.1983402609294569,0.1983402609294569,0.1983402609294569
PLSNestedFull,12:46:00/scan-010,12:46:00,12CO2,0.0,17.733982007555312,17.733982007555312,17.733982007555312
PLSNestedFull,12:46:00/scan-011,12:46:00,13CO2,0.0,0.30835594265311883,0.30835594265311883,0.30835594265311883
PLSNestedFull,12:46:00/scan-011,12:46:00,12CO2,0.0,27.57070709310338,27.57070709310338,27.57070709310338
PLSNestedFull,12:46:00/scan-012,12:46:00,13CO2,0.0,0.28735857494221384,0.28735857494221384,0.28735857494221384
PLSNestedFull,12:46:00/scan-012,12:46:00,12CO2,0.0,25.69328822271028,25.69328822271028,25.69328822271028
PLSNestedFull,12:46:00/scan-013,12:46:00,13CO2,0.0,0.4109754576736997,0.4109754576736997,0.4109754576736997
PLSNestedFull,12:46:00/scan-013,12:46:00,12CO2,0.0,36.74612036744654,36.74612036744654,36.74612036744654
PLSNestedFull,12:46:00/scan-014,12:46:00,13CO2,0.0,0.3515360468362072,0.3515360468362072,0.3515360468362072
PLSNestedFull,12:46:00/scan-014,12:46:00,12CO2,0.0,31.43152365701924,31.43152365701924,31.43152365701924
PLSNestedFull,12:46:00/scan-015,12:46:00,13CO2,0.0,0.4310995509976536,0.4310995509976536,0.4310995509976536
PLSNestedFull,12:46:00/scan-015,12:46:00,12CO2,0.0,38.545453689680116,38.545453689680116,38.545453689680116
PLSNestedFull,12:46:00/scan-016,12:46:00,13CO2,0.0,0.34903739576056525,0.34903739576056525,0.34903739576056525
PLSNestedFull,12:46:00/scan-016,12:46:00,12CO2,0.0,31.20811332441741,31.20811332441741,31.20811332441741
PLSNestedFull,12:46:00/scan-017,12:46:00,13CO2,0.0,0.30032610169723184,0.30032610169723184,0.30032610169723184
PLSNestedFull,12:46:00/scan-017,12:46:00,12CO2,0.0,26.85273938147742,26.85273938147742,26.85273938147742
PLSNestedFull,12:46:00/scan-018,12:46:00,13CO2,0.0,0.29316983655002815,0.29316983655002815,0.29316983655002815
PLSNestedFull,12:46:00/scan-018,12:46:00,12CO2,0.0,26.212884718355284,26.212884718355284,26.212884718355284
PLSNestedFull,12:46:00/scan-019,12:46:00,13CO2,0.0,0.3772883072018738,0.3772883072018738,0.3772883072018738
PLSNestedFull,12:46:00/scan-019,12:46:00,12CO2,0.0,33.73408348669234,33.73408348669234,33.73408348669234
PLSNestedFull,12:55:42/scan-000,12:55:42,13CO2,0.41237199306488037,0.054535438007202286,-0.3578365550576781,0.3578365550576781
PLSNestedFull,12:55:42/scan-000,12:55:42,12CO2,36.8709602355957,4.876129613691177,-31.994830621904526,31.994830621904526
PLSNestedFull,12:55:42/scan-001,12:55:42,13CO2,0.41237199306488037,0.08071433534324157,-0.3316576577216388,0.3316576577216388
PLSNestedFull,12:55:42/scan-001,12:55:42,12CO2,36.8709602355957,7.216832946051596,-29.654127289544107,29.654127289544107
PLSNestedFull,12:55:42/scan-002,12:55:42,13CO2,0.41237199306488037,0.33194393288007906,-0.08042806018480131,0.08042806018480131
PLSNestedFull,12:55:42/scan-002,12:55:42,12CO2,36.8709602355957,29.679754858011776,-7.191205377583927,7.191205377583927
PLSNestedFull,12:55:42/scan-003,12:55:42,13CO2,0.41237199306488037,0.3298753213418404,-0.08249667172303998,0.08249667172303998
PLSNestedFull,12:55:42/scan-003,12:55:42,12CO2,36.8709602355957,29.49480304496062,-7.376157190635084,7.376157190635084
PLSNestedFull,12:55:42/scan-004,12:55:42,13CO2,0.41237199306488037,0.39306865860119644,-0.01930333446368393,0.01930333446368393
PLSNestedFull,12:55:42/scan-004,12:55:42,12CO2,36.8709602355957,35.14504381131455,-1.7259164242811522,1.7259164242811522
PLSNestedFull,12:55:42/scan-005,12:55:42,13CO2,0.41237199306488037,0.30228317515205116,-0.1100888179128292,0.1100888179128292
PLSNestedFull,12:55:42/scan-005,12:55:42,12CO2,36.8709602355957,27.027724564401993,-9.84323567119371,9.84323567119371
PLSNestedFull,12:55:42/scan-006,12:55:42,13CO2,0.41237199306488037,0.44822812654467636,0.03585613347979599,0.03585613347979599
PLSNestedFull,12:55:42/scan-006,12:55:42,12CO2,36.8709602355957,40.07696444700497,3.2060042114092653,3.2060042114092653
PLSNestedFull,12:55:42/scan-007,12:55:42,13CO2,0.41237199306488037,0.3896235019324863,-0.022748491132394077,0.022748491132394077
PLSNestedFull,12:55:42/scan-007,12:55:42,12CO2,36.8709602355957,34.83701472417687,-2.0339455114188354,2.0339455114188354
PLSNestedFull,12:55:42/scan-008,12:55:42,13CO2,0.41237199306488037,0.3202897440325285,-0.09208224903235185,0.09208224903235185
PLSNestedFull,12:55:42/scan-008,12:55:42,12CO2,36.8709602355957,28.637725902287528,-8.233234333308175,8.233234333308175
PLSNestedFull,12:55:42/scan-009,12:55:42,13CO2,0.41237199306488037,0.45050013828312174,0.03812814521824137,0.03812814521824137
PLSNestedFull,12:55:42/scan-009,12:55:42,12CO2,36.8709602355957,40.28011978310448,3.4091595475087786,3.4091595475087786
PLSNestedFull,12:55:42/scan-010,12:55:42,13CO2,0.41237199306488037,0.3414499880002415,-0.07092200506463886,0.07092200506463886
PLSNestedFull,12:55:42/scan-010,12:55:42,12CO2,36.8709602355957,30.52969647529477,-6.341263760300933,6.341263760300933
PLSNestedFull,12:55:42/scan-011,12:55:42,13CO2,0.41237199306488037,0.3643377860448276,-0.04803420702005279,0.04803420702005279
PLSNestedFull,12:55:42/scan-011,12:55:42,12CO2,36.8709602355957,32.57615980877229,-4.294800426823414,4.294800426823414
PLSNestedFull,12:55:42/scan-012,12:55:42,13CO2,0.41237199306488037,0.389818575168122,-0.022553417896758354,0.022553417896758354
PLSNestedFull,12:55:42/scan-012,12:55:42,12CO2,36.8709602355957,34.85445348131776,-2.016506754277941,2.016506754277941
PLSNestedFull,12:55:42/scan-013,12:55:42,13CO2,0.41237199306488037,0.3780365562582467,-0.034335436806633646,0.034335436806633646
PLSNestedFull,12:55:42/scan-013,12:55:42,12CO2,36.8709602355957,33.8009852600285,-3.069974975567206,3.069974975567206
PLSNestedFull,12:55:42/scan-014,12:55:42,13CO2,0.41237199306488037,0.29454016116174286,-0.11783183190313751,0.11783183190313751
PLSNestedFull,12:55:42/scan-014,12:55:42,12CO2,36.8709602355957,26.335411155227675,-10.535549080368028,10.535549080368028
PLSNestedFull,12:55:42/scan-015,12:55:42,13CO2,0.41237199306488037,0.4401808456203806,0.027808852555500252,0.027808852555500252
PLSNestedFull,12:55:42/scan-015,12:55:42,12CO2,36.8709602355957,39.357442618099995,2.486482382504292,2.486482382504292
PLSNestedFull,12:55:42/scan-016,12:55:42,13CO2,0.41237199306488037,0.36866886885704275,-0.04370312420783762,0.04370312420783762
PLSNestedFull,12:55:42/scan-016,12:55:42,12CO2,36.8709602355957,32.963414109918446,-3.907546125677257,3.907546125677257
PLSNestedFull,12:55:42/scan-017,12:55:42,13CO2,0.41237199306488037,0.34145102459370125,-0.07092096847117912,0.07092096847117912
PLSNestedFull,12:55:42/scan-017,12:55:42,12CO2,36.8709602355957,30.529806345161262,-6.341153890434441,6.341153890434441
PLSNestedFull,12:55:42/scan-018,12:55:42,13CO2,0.41237199306488037,0.3587658595573924,-0.053606133507487996,0.053606133507487996
PLSNestedFull,12:55:42/scan-018,12:55:42,12CO2,36.8709602355957,32.07796336244536,-4.792996873150344,4.792996873150344
PLSNestedFull,12:55:42/scan-019,12:55:42,13CO2,0.41237199306488037,0.4297003753743963,0.017328382309515944,0.017328382309515944
PLSNestedFull,12:55:42/scan-019,12:55:42,12CO2,36.8709602355957,38.42035089581823,1.549390660222528,1.549390660222528
PLSNestedFull,13:05:15/scan-000,13:05:15,13CO2,0.8247429728507996,0.4823681171223675,-0.34237485572843207,0.34237485572843207
PLSNestedFull,13:05:15/scan-000,13:05:15,12CO2,73.7419204711914,43.129474144158124,-30.612446327033283,30.612446327033283
PLSNestedFull,13:05:15/scan-001,13:05:15,13CO2,0.8247429728507996,0.416239483336191,-0.4085034895146086,0.4085034895146086
PLSNestedFull,13:05:15/scan-001,13:05:15,12CO2,73.7419204711914,37.2167760611497,-36.525144410041705,36.525144410041705
PLSNestedFull,13:05:15/scan-002,13:05:15,13CO2,0.8247429728507996,0.8221130924206717,-0.0026298804301279066,0.0026298804301279066
PLSNestedFull,13:05:15/scan-002,13:05:15,12CO2,73.7419204711914,73.50673863356485,-0.23518183762655553,0.23518183762655553
PLSNestedFull,13:05:15/scan-003,13:05:15,13CO2,0.8247429728507996,0.9395896440112428,0.11484667116044323,0.11484667116044323
PLSNestedFull,13:05:15/scan-003,13:05:15,12CO2,73.7419204711914,84.010549255297,10.268628784105587,10.268628784105587
PLSNestedFull,13:05:15/scan-004,13:05:15,13CO2,0.8247429728507996,0.8078337679243804,-0.01690920492641912,0.01690920492641912
PLSNestedFull,13:05:15/scan-004,13:05:15,12CO2,73.7419204711914,72.22999466596946,-1.5119258052219493,1.5119258052219493
PLSNestedFull,13:05:15/scan-005,13:05:15,13CO2,0.8247429728507996,0.7517313767108429,-0.07301159613995667,0.07301159613995667
PLSNestedFull,13:05:15/scan-005,13:05:15,12CO2,73.7419204711914,67.213767148968,-6.528153322223403,6.528153322223403
PLSNestedFull,13:05:15/scan-006,13:05:15,13CO2,0.8247429728507996,0.8531412766341273,0.02839830378332775,0.02839830378332775
PLSNestedFull,13:05:15/scan-006,13:05:15,12CO2,73.7419204711914,76.28102796039246,2.539107489201058,2.539107489201058
PLSNestedFull,13:05:15/scan-007,13:05:15,13CO2,0.8247429728507996,0.8618572545351374,0.037114281684337835,0.037114281684337835
PLSNestedFull,13:05:15/scan-007,13:05:15,12CO2,73.7419204711914,77.06034295897842,3.318422487787018,3.318422487787018
PLSNestedFull,13:05:15/scan-008,13:05:15,13CO2,0.8247429728507996,0.8734757669937823,0.048732794142982705,0.048732794142982705
PLSNestedFull,13:05:15/scan-008,13:05:15,12CO2,73.7419204711914,78.09917703602491,4.357256564833506,4.357256564833506
PLSNestedFull,13:05:15/scan-009,13:05:15,13CO2,0.8247429728507996,0.9357780669511158,0.1110350941003162,0.1110350941003162
PLSNestedFull,13:05:15/scan-009,13:05:15,12CO2,73.7419204711914,83.66975852706489,9.92783805587348,9.92783805587348
PLSNestedFull,13:05:15/scan-010,13:05:15,13CO2,0.8247429728507996,0.9720789881573775,0.14733601530657792,0.14733601530657792
PLSNestedFull,13:05:15/scan-010,13:05:15,12CO2,73.7419204711914,86.9154867078656,13.17356623667419,13.17356623667419
PLSNestedFull,13:05:15/scan-011,13:05:15,13CO2,0.8247429728507996,0.9319432483915868,0.10720027554078726,0.10720027554078726
PLSNestedFull,13:05:15/scan-011,13:05:15,12CO2,73.7419204711914,83.3268687603994,9.584948289208,9.584948289208
PLSNestedFull,13:05:15/scan-012,13:05:15,13CO2,0.8247429728507996,0.8230510456316209,-0.0016919272191786572,0.0016919272191786572
PLSNestedFull,13:05:15/scan-012,13:05:15,12CO2,73.7419204711914,73.5906009277376,-0.15131954345380905,0.15131954345380905
PLSNestedFull,13:05:15/scan-013,13:05:15,13CO2,0.8247429728507996,0.7723031647202696,-0.05243980813052995,0.05243980813052995
PLSNestedFull,13:05:15/scan-013,13:05:15,12CO2,73.7419204711914,69.05312792369152,-4.688792547499887,4.688792547499887
PLSNestedFull,13:05:15/scan-014,13:05:15,13CO2,0.8247429728507996,0.8637530449769395,0.03901007212613994,0.03901007212613994
PLSNestedFull,13:05:15/scan-014,13:05:15,12CO2,73.7419204711914,77.2298435630963,3.4879230919048894,3.4879230919048894
PLSNestedFull,13:05:15/scan-015,13:05:15,13CO2,0.8247429728507996,0.9949503474626611,0.17020737461186153,0.17020737461186153
PLSNestedFull,13:05:15/scan-015,13:05:15,12CO2,73.7419204711914,88.96045921902278,15.218538747831374,15.218538747831374
PLSNestedFull,13:05:15/scan-016,13:05:15,13CO2,0.8247429728507996,0.9120718796782488,0.0873289068274492,0.0873289068274492
PLSNestedFull,13:05:15/scan-016,13:05:15,12CO2,73.7419204711914,81.55013237122776,7.808211900036355,7.808211900036355
PLSNestedFull,13:05:15/scan-017,13:05:15,13CO2,0.8247429728507996,0.8156750374511519,-0.009067935399647675,0.009067935399647675
PLSNestedFull,13:05:15/scan-017,13:05:15,12CO2,73.7419204711914,72.93109589376539,-0.8108245774260183,0.8108245774260183
PLSNestedFull,13:05:15/scan-018,13:05:15,13CO2,0.8247429728507996,0.8700202696234265,0.04527729677262693,0.04527729677262693
PLSNestedFull,13:05:15/scan-018,13:05:15,12CO2,73.7419204711914,77.7902127586849,4.048292287493496,4.048292287493496
PLSNestedFull,13:05:15/scan-019,13:05:15,13CO2,0.8247429728507996,0.8873093586485283,0.06256638579772877,0.06256638579772877
PLSNestedFull,13:05:15/scan-019,13:05:15,12CO2,73.7419204711914,79.33606374878042,5.594143277589012,5.594143277589012
PLSNestedFull,13:14:37/scan-000,13:14:37,13CO2,1.2371150255203247,0.8742969799769663,-0.3628180455433584,0.3628180455433584
PLSNestedFull,13:14:37/scan-000,13:14:37,12CO2,110.61288452148438,78.17260920269332,-32.44027531879105,32.44027531879105
PLSNestedFull,13:14:37/scan-001,13:14:37,13CO2,1.2371150255203247,0.9180836325589097,-0.31903139296141503,0.31903139296141503
PLSNestedFull,13:14:37/scan-001,13:14:37,12CO2,110.61288452148438,82.08766045609502,-28.525224065389352,28.525224065389352
PLSNestedFull,13:14:37/scan-002,13:14:37,13CO2,1.2371150255203247,1.187918520281285,-0.049196505239039734,0.049196505239039734
PLSNestedFull,13:14:37/scan-002,13:14:37,12CO2,110.61288452148438,106.21412647160129,-4.398758049883085,4.398758049883085
PLSNestedFull,13:14:37/scan-003,13:14:37,13CO2,1.2371150255203247,1.2740643406800702,0.03694931515974553,0.03694931515974553
PLSNestedFull,13:14:37/scan-003,13:14:37,12CO2,110.61288452148438,113.91659905440184,3.3037145329174677,3.3037145329174677
PLSNestedFull,13:14:37/scan-004,13:14:37,13CO2,1.2371150255203247,1.1395972535243366,-0.0975177719959881,0.0975177719959881
PLSNestedFull,13:14:37/scan-004,13:14:37,12CO2,110.61288452148438,101.89362260012261,-8.719261921361763,8.719261921361763
PLSNestedFull,13:14:37/scan-005,13:14:37,13CO2,1.2371150255203247,1.2811776578229503,0.04406263230262564,0.04406263230262564
PLSNestedFull,13:14:37/scan-005,13:14:37,12CO2,110.61288452148438,114.55260738425355,3.939722862769173,3.939722862769173
PLSNestedFull,13:14:37/scan-006,13:14:37,13CO2,1.2371150255203247,1.28808644686496,0.05097142134463528,0.05097142134463528
PLSNestedFull,13:14:37/scan-006,13:14:37,12CO2,110.61288452148438,115.17033901512343,4.557454493639057,4.557454493639057
PLSNestedFull,13:14:37/scan-007,13:14:37,13CO2,1.2371150255203247,1.2528137808454667,0.015698755325141978,0.015698755325141978
PLSNestedFull,13:14:37/scan-007,13:14:37,12CO2,110.61288452148438,112.01653874166212,1.4036542201777422,1.4036542201777422
PLSNestedFull,13:14:37/scan-008,13:14:37,13CO2,1.2371150255203247,1.2791399885613925,0.04202496304106784,0.04202496304106784
PLSNestedFull,13:14:37/scan-008,13:14:37,12CO2,110.61288452148438,114.37041889463515,3.7575343731507758,3.7575343731507758
PLSNestedFull,13:14:37/scan-009,13:14:37,13CO2,1.2371150255203247,1.2028035433324995,-0.034311482187825204,0.034311482187825204
PLSNestedFull,13:14:37/scan-009,13:14:37,12CO2,110.61288452148438,107.54502353629515,-3.0678609851892276,3.0678609851892276
PLSNestedFull,13:14:37/scan-010,13:14:37,13CO2,1.2371150255203247,1.20874350984743,-0.028371515672894754,0.028371515672894754
PLSNestedFull,13:14:37/scan-010,13:14:37,12CO2,110.61288452148438,108.07613039308443,-2.5367541283999486,2.5367541283999486
PLSNestedFull,13:14:37/scan-011,13:14:37,13CO2,1.2371150255203247,1.3632525409391876,0.12613751541886287,0.12613751541886287
PLSNestedFull,13:14:37/scan-011,13:14:37,12CO2,110.61288452148438,121.89109108064066,11.278206559156288,11.278206559156288
PLSNestedFull,13:14:37/scan-012,13:14:37,13CO2,1.2371150255203247,1.2348937223153738,-0.002221303204950953,0.002221303204950953
PLSNestedFull,13:14:37/scan-012,13:14:37,12CO2,110.61288452148438,110.41427628189021,-0.19860823959416507,0.19860823959416507
PLSNestedFull,13:14:37/scan-013,13:14:37,13CO2,1.2371150255203247,1.3071060979913434,0.06999107247101866,0.06999107247101866
PLSNestedFull,13:14:37/scan-013,13:14:37,12CO2,110.61288452148438,116.87092231620322,6.258037794718845,6.258037794718845
PLSNestedFull,13:14:37/scan-014,13:14:37,13CO2,1.2371150255203247,1.364609608943028,0.12749458342270326,0.12749458342270326
PLSNestedFull,13:14:37/scan-014,13:14:37,12CO2,110.61288452148438,122.01242799378232,11.39954347229795,11.39954347229795
PLSNestedFull,13:14:37/scan-015,13:14:37,13CO2,1.2371150255203247,1.397765828014012,0.16065080249368724,0.16065080249368724
PLSNestedFull,13:14:37/scan-015,13:14:37,12CO2,110.61288452148438,124.976990998327,14.364106476842622,14.364106476842622
PLSNestedFull,13:14:37/scan-016,13:14:37,13CO2,1.2371150255203247,1.4122489778591234,0.1751339523387987,0.1751339523387987
PLSNestedFull,13:14:37/scan-016,13:14:37,12CO2,110.61288452148438,126.27195746693411,15.659072945449736,15.659072945449736
PLSNestedFull,13:14:37/scan-017,13:14:37,13CO2,1.2371150255203247,1.2096019320074505,-0.02751309351287423,0.02751309351287423
PLSNestedFull,13:14:37/scan-017,13:14:37,12CO2,110.61288452148438,108.15287920272513,-2.4600053187592437,2.4600053187592437
PLSNestedFull,13:14:37/scan-018,13:14:37,13CO2,1.2371150255203247,1.2760507496615867,0.03893572414126201,0.03893572414126201
PLSNestedFull,13:14:37/scan-018,13:14:37,12CO2,110.61288452148438,114.09420871280665,3.4813241913222726,3.4813241913222726
PLSNestedFull,13:14:37/scan-019,13:14:37,13CO2,1.2371150255203247,1.2220603085931492,-0.015054716927175527,0.015054716927175527
PLSNestedFull,13:14:37/scan-019,13:14:37,12CO2,110.61288452148438,109.26680935261012,-1.3460751688742505,1.3460751688742505
PLSNestedFull,13:24:02/scan-000,13:24:02,13CO2,1.649487018585205,1.2911189067527398,-0.3583681118324653,0.3583681118324653
PLSNestedFull,13:24:02/scan-000,13:24:02,12CO2,147.4838409423828,115.44148990276054,-32.042351039622275,32.042351039622275
PLSNestedFull,13:24:02/scan-001,13:24:02,13CO2,1.649487018585205,1.2952525646294848,-0.3542344539557203,0.3542344539557203
PLSNestedFull,13:24:02/scan-001,13:24:02,12CO2,147.4838409423828,115.8110882438016,-31.672752698581206,31.672752698581206
PLSNestedFull,13:24:02/scan-002,13:24:02,13CO2,1.649487018585205,1.5383079304602645,-0.1111790881249406,0.1111790881249406
PLSNestedFull,13:24:02/scan-002,13:24:02,12CO2,147.4838409423828,137.54314359663925,-9.940697345743558,9.940697345743558
PLSNestedFull,13:24:02/scan-003,13:24:02,13CO2,1.649487018585205,1.491656081903206,-0.157830936681999,0.157830936681999
PLSNestedFull,13:24:02/scan-003,13:24:02,12CO2,147.4838409423828,133.37191006297132,-14.111930879411489,14.111930879411489
PLSNestedFull,13:24:02/scan-004,13:24:02,13CO2,1.649487018585205,1.6555855198356135,0.00609850125040845,0.00609850125040845
PLSNestedFull,13:24:02/scan-004,13:24:02,12CO2,147.4838409423828,148.02916597264218,0.5453250302593631,0.5453250302593631
PLSNestedFull,13:24:02/scan-005,13:24:02,13CO2,1.649487018585205,1.6108950567824558,-0.038591961802749264,0.038591961802749264
PLSNestedFull,13:24:02/scan-005,13:24:02,12CO2,147.4838409423828,144.03330327847812,-3.450537663904697,3.450537663904697
PLSNestedFull,13:24:02/scan-006,13:24:02,13CO2,1.649487018585205,1.621174270369337,-0.028312748215868044,0.028312748215868044
PLSNestedFull,13:24:02/scan-006,13:24:02,12CO2,147.4838409423828,144.95239277977586,-2.5314481626069494,2.5314481626069494
PLSNestedFull,13:24:02/scan-007,13:24:02,13CO2,1.649487018585205,1.6388603494998764,-0.010626669085328722,0.010626669085328722
PLSNestedFull,13:24:02/scan-007,13:24:02,12CO2,147.4838409423828,146.53373779057537,-0.9501031518074399,0.9501031518074399
PLSNestedFull,13:24:02/scan-008,13:24:02,13CO2,1.649487018585205,1.7247117063657391,0.07522468778053404,0.07522468778053404
PLSNestedFull,13:24:02/scan-008,13:24:02,12CO2,147.4838409423828,154.20987812926865,6.726037186885833,6.726037186885833
PLSNestedFull,13:24:02/scan-009,13:24:02,13CO2,1.649487018585205,1.6245723276250588,-0.024914690960146313,0.024914690960146313
PLSNestedFull,13:24:02/scan-009,13:24:02,12CO2,147.4838409423828,145.25621344848247,-2.227627493900343,2.227627493900343
PLSNestedFull,13:24:02/scan-010,13:24:02,13CO2,1.649487018585205,1.600039947425074,-0.04944707116013114,0.04944707116013114
PLSNestedFull,13:24:02/scan-010,13:24:02,12CO2,147.4838409423828,143.06272540412982,-4.421115538252991,4.421115538252991
PLSNestedFull,13:24:02/scan-011,13:24:02,13CO2,1.649487018585205,1.6517698265437235,0.002282807958518429,0.002282807958518429
PLSNestedFull,13:24:02/scan-011,13:24:02,12CO2,147.4838409423828,147.68800001890082,0.20415907651801035,0.20415907651801035
PLSNestedFull,13:24:02/scan-012,13:24:02,13CO2,1.649487018585205,1.7042334136036865,0.05474639501848144,0.05474639501848144
PLSNestedFull,13:24:02/scan-012,13:24:02,12CO2,147.4838409423828,152.3788729582712,4.8950320158883756,4.8950320158883756
PLSNestedFull,13:24:02/scan-013,13:24:02,13CO2,1.649487018585205,1.748149589309571,0.09866257072436602,0.09866257072436602
PLSNestedFull,13:24:02/scan-013,13:24:02,12CO2,147.4838409423828,156.30550764594756,8.821666703564745,8.821666703564745
PLSNestedFull,13:24:02/scan-014,13:24:02,13CO2,1.649487018585205,1.775137999401034,0.12565098081582882,0.12565098081582882
PLSNestedFull,13:24:02/scan-014,13:24:02,12CO2,147.4838409423828,158.71859189165664,11.234750949273831,11.234750949273831
PLSNestedFull,13:24:02/scan-015,13:24:02,13CO2,1.649487018585205,1.7336015339175839,0.08411451533237879,0.08411451533237879
PLSNestedFull,13:24:02/scan-015,13:24:02,12CO2,147.4838409423828,155.0047351134891,7.520894171106278,7.520894171106278
PLSNestedFull,13:24:02/scan-016,13:24:02,13CO2,1.649487018585205,1.8719725966307323,0.22248557804552727,0.22248557804552727
PLSNestedFull,13:24:02/scan-016,13:24:02,12CO2,147.4838409423828,167.37676555632336,19.89292461394055,19.89292461394055
PLSNestedFull,13:24:02/scan-017,13:24:02,13CO2,1.649487018585205,1.7732270581529157,0.12374003956771062,0.12374003956771062
PLSNestedFull,13:24:02/scan-017,13:24:02,12CO2,147.4838409423828,158.5477321539124,11.06389121152958,11.06389121152958
PLSNestedFull,13:24:02/scan-018,13:24:02,13CO2,1.649487018585205,1.6321192260176869,-0.017367792567518192,0.017367792567518192
PLSNestedFull,13:24:02/scan-018,13:24:02,12CO2,147.4838409423828,145.9310007811552,-1.552840161227607,1.552840161227607
PLSNestedFull,13:24:02/scan-019,13:24:02,13CO2,1.649487018585205,1.8384044703596372,0.1889174517744321,0.1889174517744321
PLSNestedFull,13:24:02/scan-019,13:24:02,12CO2,147.4838409423828,164.37537403430738,16.891533091924572,16.891533091924572
PLSNestedFull,13:33:30/scan-000,13:33:30,13CO2,2.0618579387664795,1.6046730852087978,-0.4571848535576817,0.4571848535576817
PLSNestedFull,13:33:30/scan-000,13:33:30,12CO2,184.3548126220703,143.47696350986055,-40.87784911220976,40.87784911220976
PLSNestedFull,13:33:30/scan-001,13:33:30,13CO2,2.0618579387664795,1.7347006932622038,-0.3271572455042757,0.3271572455042757
PLSNestedFull,13:33:30/scan-001,13:33:30,12CO2,184.3548126220703,155.10298738559322,-29.25182523647709,29.25182523647709
PLSNestedFull,13:33:30/scan-002,13:33:30,13CO2,2.0618579387664795,1.9192689870774655,-0.14258895168901398,0.14258895168901398
PLSNestedFull,13:33:30/scan-002,13:33:30,12CO2,184.3548126220703,171.60560221413542,-12.749210407934896,12.749210407934896
PLSNestedFull,13:33:30/scan-003,13:33:30,13CO2,2.0618579387664795,2.018788879986042,-0.04306905878043743,0.04306905878043743
PLSNestedFull,13:33:30/scan-003,13:33:30,12CO2,184.3548126220703,180.50387794835552,-3.8509346737147894,3.8509346737147894
PLSNestedFull,13:33:30/scan-004,13:33:30,13CO2,2.0618579387664795,2.105240734134646,0.04338279536816669,0.04338279536816669
PLSNestedFull,13:33:30/scan-004,13:33:30,12CO2,184.3548126220703,188.23370520584606,3.8788925837757517,3.8788925837757517
PLSNestedFull,13:33:30/scan-005,13:33:30,13CO2,2.0618579387664795,2.0447540536777753,-0.017103885088704196,0.017103885088704196
PLSNestedFull,13:33:30/scan-005,13:33:30,12CO2,184.3548126220703,182.82546494362242,-1.5293476784478912,1.5293476784478912
PLSNestedFull,13:33:30/scan-006,13:33:30,13CO2,2.0618579387664795,2.0882229544332462,0.026365015666766745,0.026365015666766745
PLSNestedFull,13:33:30/scan-006,13:33:30,12CO2,184.3548126220703,186.71211113307226,2.357298511001943,2.357298511001943
PLSNestedFull,13:33:30/scan-007,13:33:30,13CO2,2.0618579387664795,2.1574239885083077,0.09556604974182825,0.09556604974182825
PLSNestedFull,13:33:30/scan-007,13:33:30,12CO2,184.3548126220703,192.89950828020915,8.544695658138835,8.544695658138835
PLSNestedFull,13:33:30/scan-008,13:33:30,13CO2,2.0618579387664795,2.244751620200688,0.1828936814342086,0.1828936814342086
PLSNestedFull,13:33:30/scan-008,13:33:30,12CO2,184.3548126220703,200.70765087494527,16.35283825287496,16.35283825287496
PLSNestedFull,13:33:30/scan-009,13:33:30,13CO2,2.0618579387664795,2.0707745878403676,0.008916649073888117,0.008916649073888117
PLSNestedFull,13:33:30/scan-009,13:33:30,12CO2,184.3548126220703,185.15201465268086,0.7972020306105492,0.7972020306105492
PLSNestedFull,13:33:30/scan-010,13:33:30,13CO2,2.0618579387664795,2.1462661641502994,0.08440822538381987,0.08440822538381987
PLSNestedFull,13:33:30/scan-010,13:33:30,12CO2,184.3548126220703,191.90186764537629,7.5470550233059726,7.5470550233059726
PLSNestedFull,13:33:30/scan-011,13:33:30,13CO2,2.0618579387664795,2.0592500434715797,-0.002607895294899798,0.002607895294899798
PLSNestedFull,13:33:30/scan-011,13:33:30,12CO2,184.3548126220703,184.1215839354272,-0.23322868664311613,0.23322868664311613
PLSNestedFull,13:33:30/scan-012,13:33:30,13CO2,2.0618579387664795,2.132286662301525,0.07042872353504537,0.07042872353504537
PLSNestedFull,13:33:30/scan-012,13:33:30,12CO2,184.3548126220703,190.65193603755228,6.297123415481963,6.297123415481963
PLSNestedFull,13:33:30/scan-013,13:33:30,13CO2,2.0618579387664795,2.1358834582400323,0.07402551947355285,0.07402551947355285
PLSNestedFull,13:33:30/scan-013,13:33:30,12CO2,184.3548126220703,190.97352523510028,6.61871261302997,6.61871261302997
PLSNestedFull,13:33:30/scan-014,13:33:30,13CO2,2.0618579387664795,2.1942296900031466,0.1323717512366671,0.1323717512366671
PLSNestedFull,13:33:30/scan-014,13:33:30,12CO2,184.3548126220703,196.190378651755,11.835566029684685,11.835566029684685
PLSNestedFull,13:33:30/scan-015,13:33:30,13CO2,2.0618579387664795,2.090836000383925,0.028978061617445317,0.028978061617445317
PLSNestedFull,13:33:30/scan-015,13:33:30,12CO2,184.3548126220703,186.9457492688671,2.5909366467967914,2.5909366467967914
PLSNestedFull,13:33:30/scan-016,13:33:30,13CO2,2.0618579387664795,2.2585901058253666,0.19673216705888708,0.19673216705888708
PLSNestedFull,13:33:30/scan-016,13:33:30,12CO2,184.3548126220703,201.9449745640655,17.590161941995177,17.590161941995177
PLSNestedFull,13:33:30/scan-017,13:33:30,13CO2,2.0618579387664795,2.1942463213897048,0.13238838262322528,0.13238838262322528
PLSNestedFull,13:33:30/scan-017,13:33:30,12CO2,184.3548126220703,196.1918671115215,11.83705448945119,11.83705448945119
PLSNestedFull,13:33:30/scan-018,13:33:30,13CO2,2.0618579387664795,2.103286795331421,0.04142885656494144,0.04142885656494144
PLSNestedFull,13:33:30/scan-018,13:33:30,12CO2,184.3548126220703,188.05899907770265,3.704186455632339,3.704186455632339
PLSNestedFull,13:33:30/scan-019,13:33:30,13CO2,2.0618579387664795,2.1500252101327897,0.0881672713663102,0.0881672713663102
PLSNestedFull,13:33:30/scan-019,13:33:30,12CO2,184.3548126220703,192.23796932796884,7.883156705898529,7.883156705898529
PLSNestedFull,13:43:08/scan-000,13:43:08,13CO2,2.4742300510406494,2.046790644846318,-0.42743940619433163,0.42743940619433163
PLSNestedFull,13:43:08/scan-000,13:43:08,12CO2,221.22576904296875,183.00758694912088,-38.21818209384787,38.21818209384787
PLSNestedFull,13:43:08/scan-001,13:43:08,13CO2,2.4742300510406494,2.108220651189412,-0.3660093998512375,0.3660093998512375
PLSNestedFull,13:43:08/scan-001,13:43:08,12CO2,221.22576904296875,188.50016418658566,-32.725604856383086,32.725604856383086
PLSNestedFull,13:43:08/scan-002,13:43:08,13CO2,2.4742300510406494,2.3430239537327386,-0.13120609730791077,0.13120609730791077
PLSNestedFull,13:43:08/scan-002,13:43:08,12CO2,221.22576904296875,209.49439239732283,-11.731376645645923,11.731376645645923
PLSNestedFull,13:43:08/scan-003,13:43:08,13CO2,2.4742300510406494,2.453015120896046,-0.021214930144603628,0.021214930144603628
PLSNestedFull,13:43:08/scan-003,13:43:08,12CO2,221.22576904296875,219.32892063814703,-1.896848404821725,1.896848404821725
PLSNestedFull,13:43:08/scan-004,13:43:08,13CO2,2.4742300510406494,2.4713752436348475,-0.002854807405801907,0.002854807405801907
PLSNestedFull,13:43:08/scan-004,13:43:08,12CO2,221.22576904296875,220.97053313476124,-0.25523590820750996,0.25523590820750996
PLSNestedFull,13:43:08/scan-005,13:43:08,13CO2,2.4742300510406494,2.4136986622129735,-0.06053138882767595,0.06053138882767595
PLSNestedFull,13:43:08/scan-005,13:43:08,12CO2,221.22576904296875,215.81355696162007,-5.4122120813486845,5.4122120813486845
PLSNestedFull,13:43:08/scan-006,13:43:08,13CO2,2.4742300510406494,2.476275665352601,0.0020456143119513825,0.0020456143119513825
PLSNestedFull,13:43:08/scan-006,13:43:08,12CO2,221.22576904296875,221.40869149533188,0.18292245236312965,0.18292245236312965
PLSNestedFull,13:43:08/scan-007,13:43:08,13CO2,2.4742300510406494,2.2578606226114033,-0.2163694284292461,0.2163694284292461
PLSNestedFull,13:43:08/scan-007,13:43:08,12CO2,221.22576904296875,201.8797669359173,-19.346002107051447,19.346002107051447
PLSNestedFull,13:43:08/scan-008,13:43:08,13CO2,2.4742300510406494,2.4171001242871135,-0.0571299267535359,0.0571299267535359
PLSNestedFull,13:43:08/scan-008,13:43:08,12CO2,221.22576904296875,216.11768897254666,-5.108080070422091,5.108080070422091
PLSNestedFull,13:43:08/scan-009,13:43:08,13CO2,2.4742300510406494,2.4593984897189767,-0.014831561321672737,0.014831561321672737
PLSNestedFull,13:43:08/scan-009,13:43:08,12CO2,221.22576904296875,219.89966804987654,-1.3261009930922114,1.3261009930922114
PLSNestedFull,13:43:08/scan-010,13:43:08,13CO2,2.4742300510406494,2.4980741290734256,0.023844078032776217,0.023844078032776217
PLSNestedFull,13:43:08/scan-010,13:43:08,12CO2,221.22576904296875,223.3577336620852,2.131964619116445,2.131964619116445
PLSNestedFull,13:43:08/scan-011,13:43:08,13CO2,2.4742300510406494,2.3843698765953807,-0.08986017444526873,0.08986017444526873
PLSNestedFull,13:43:08/scan-011,13:43:08,12CO2,221.22576904296875,213.1912132958446,-8.034555747124159,8.034555747124159
PLSNestedFull,13:43:08/scan-012,13:43:08,13CO2,2.4742300510406494,2.4552132640664817,-0.019016786974167754,0.019016786974167754
PLSNestedFull,13:43:08/scan-012,13:43:08,12CO2,221.22576904296875,219.52546164494282,-1.7003073980259273,1.7003073980259273
PLSNestedFull,13:43:08/scan-013,13:43:08,13CO2,2.4742300510406494,2.5716579137035915,0.09742786266294212,0.09742786266294212
PLSNestedFull,13:43:08/scan-013,13:43:08,12CO2,221.22576904296875,229.93700890685636,8.711239863887613,8.711239863887613
PLSNestedFull,13:43:08/scan-014,13:43:08,13CO2,2.4742300510406494,2.416039570994159,-0.0581904800464903,0.0581904800464903
PLSNestedFull,13:43:08/scan-014,13:43:08,12CO2,221.22576904296875,216.02286334539073,-5.202905697578018,5.202905697578018
PLSNestedFull,13:43:08/scan-015,13:43:08,13CO2,2.4742300510406494,2.4514385677982893,-0.022791483242360133,0.022791483242360133
PLSNestedFull,13:43:08/scan-015,13:43:08,12CO2,221.22576904296875,219.1879588441733,-2.037810198795455,2.037810198795455
PLSNestedFull,13:43:08/scan-016,13:43:08,13CO2,2.4742300510406494,2.412591085499926,-0.061638965540723234,0.061638965540723234
PLSNestedFull,13:43:08/scan-016,13:43:08,12CO2,221.22576904296875,215.7145261987484,-5.511242844220362,5.511242844220362
PLSNestedFull,13:43:08/scan-017,13:43:08,13CO2,2.4742300510406494,2.4483298316492736,-0.025900219391375767,0.025900219391375767
PLSNestedFull,13:43:08/scan-017,13:43:08,12CO2,221.22576904296875,218.90999979530335,-2.3157692476654006,2.3157692476654006
PLSNestedFull,13:43:08/scan-018,13:43:08,13CO2,2.4742300510406494,2.521927252499027,0.047697201458377414,0.047697201458377414
PLSNestedFull,13:43:08/scan-018,13:43:08,12CO2,221.22576904296875,225.4904924451538,4.264723402185041,4.264723402185041
PLSNestedFull,13:43:08/scan-019,13:43:08,13CO2,2.4742300510406494,2.4224752658747226,-0.0517547851659268,0.0517547851659268
PLSNestedFull,13:43:08/scan-019,13:43:08,12CO2,221.22576904296875,216.59829136426967,-4.62747767869908,4.62747767869908
PLSNestedCompact,12:46:00/scan-000,12:46:00,13CO2,0.0,0.5572556448652646,0.5572556448652646,0.5572556448652646
PLSNestedCompact,12:46:00/scan-000,12:46:00,12CO2,0.0,49.825324728509614,49.825324728509614,49.825324728509614
PLSNestedCompact,12:46:00/scan-001,12:46:00,13CO2,0.0,0.18811312902947952,0.18811312902947952,0.18811312902947952
PLSNestedCompact,12:46:00/scan-001,12:46:00,12CO2,0.0,16.81954063162415,16.81954063162415,16.81954063162415
PLSNestedCompact,12:46:00/scan-002,12:46:00,13CO2,0.0,0.18049144744833168,0.18049144744833168,0.18049144744833168
PLSNestedCompact,12:46:00/scan-002,12:46:00,12CO2,0.0,16.138078434492257,16.138078434492257,16.138078434492257
PLSNestedCompact,12:46:00/scan-003,12:46:00,13CO2,0.0,0.3218911009368979,0.3218911009368979,0.3218911009368979
PLSNestedCompact,12:46:00/scan-003,12:46:00,12CO2,0.0,28.780914582373242,28.780914582373242,28.780914582373242
PLSNestedCompact,12:46:00/scan-004,12:46:00,13CO2,0.0,0.1400326494414541,0.1400326494414541,0.1400326494414541
PLSNestedCompact,12:46:00/scan-004,12:46:00,12CO2,0.0,12.520566822205708,12.520566822205708,12.520566822205708
PLSNestedCompact,12:46:00/scan-005,12:46:00,13CO2,0.0,0.25600840923441837,0.25600840923441837,0.25600840923441837
PLSNestedCompact,12:46:00/scan-005,12:46:00,12CO2,0.0,22.89021376095961,22.89021376095961,22.89021376095961
PLSNestedCompact,12:46:00/scan-006,12:46:00,13CO2,0.0,0.2138823944744035,0.2138823944744035,0.2138823944744035
PLSNestedCompact,12:46:00/scan-006,12:46:00,12CO2,0.0,19.123630179495407,19.123630179495407,19.123630179495407
PLSNestedCompact,12:46:00/scan-007,12:46:00,13CO2,0.0,0.25366899238852114,0.25366899238852114,0.25366899238852114
PLSNestedCompact,12:46:00/scan-007,12:46:00,12CO2,0.0,22.68104189434547,22.68104189434547,22.68104189434547
PLSNestedCompact,12:46:00/scan-008,12:46:00,13CO2,0.0,0.30538755412788965,0.30538755412788965,0.30538755412788965
PLSNestedCompact,12:46:00/scan-008,12:46:00,12CO2,0.0,27.3053037675094,27.3053037675094,27.3053037675094
PLSNestedCompact,12:46:00/scan-009,12:46:00,13CO2,0.0,0.16753482866772473,0.16753482866772473,0.16753482866772473
PLSNestedCompact,12:46:00/scan-009,12:46:00,12CO2,0.0,14.979580809243771,14.979580809243771,14.979580809243771
PLSNestedCompact,12:46:00/scan-010,12:46:00,13CO2,0.0,0.14732634512307485,0.14732634512307485,0.14732634512307485
PLSNestedCompact,12:46:00/scan-010,12:46:00,12CO2,0.0,13.172710109044417,13.172710109044417,13.172710109044417
PLSNestedCompact,12:46:00/scan-011,12:46:00,13CO2,0.0,0.15492701843757573,0.15492701843757573,0.15492701843757573
PLSNestedCompact,12:46:00/scan-011,12:46:00,12CO2,0.0,13.852308384558555,13.852308384558555,13.852308384558555
PLSNestedCompact,12:46:00/scan-012,12:46:00,13CO2,0.0,0.12221240141324818,0.12221240141324818,0.12221240141324818
PLSNestedCompact,12:46:00/scan-012,12:46:00,12CO2,0.0,10.927212795340026,10.927212795340026,10.927212795340026
PLSNestedCompact,12:46:00/scan-013,12:46:00,13CO2,0.0,0.2558839285204164,0.2558839285204164,0.2558839285204164
PLSNestedCompact,12:46:00/scan-013,12:46:00,12CO2,0.0,22.879066573691304,22.879066573691304,22.879066573691304
PLSNestedCompact,12:46:00/scan-014,12:46:00,13CO2,0.0,0.1717854775537444,0.1717854775537444,0.1717854775537444
PLSNestedCompact,12:46:00/scan-014,12:46:00,12CO2,0.0,15.359637078362908,15.359637078362908,15.359637078362908
PLSNestedCompact,12:46:00/scan-015,12:46:00,13CO2,0.0,0.1874646598023808,0.1874646598023808,0.1874646598023808
PLSNestedCompact,12:46:00/scan-015,12:46:00,12CO2,0.0,16.761539602350297,16.761539602350297,16.761539602350297
PLSNestedCompact,12:46:00/scan-016,12:46:00,13CO2,0.0,0.07361516560394499,0.07361516560394499,0.07361516560394499
PLSNestedCompact,12:46:00/scan-016,12:46:00,12CO2,0.0,6.5820347074070895,6.5820347074070895,6.5820347074070895
PLSNestedCompact,12:46:00/scan-017,12:46:00,13CO2,0.0,0.21968984488898569,0.21968984488898569,0.21968984488898569
PLSNestedCompact,12:46:00/scan-017,12:46:00,12CO2,0.0,19.64285741791548,19.64285741791548,19.64285741791548
PLSNestedCompact,12:46:00/scan-018,12:46:00,13CO2,0.0,0.19022719172798408,0.19022719172798408,0.19022719172798408
PLSNestedCompact,12:46:00/scan-018,12:46:00,12CO2,0.0,17.008546260734335,17.008546260734335,17.008546260734335
PLSNestedCompact,12:46:00/scan-019,12:46:00,13CO2,0.0,0.2186649141791388,0.2186649141791388,0.2186649141791388
PLSNestedCompact,12:46:00/scan-019,12:46:00,12CO2,0.0,19.551222704776123,19.551222704776123,19.551222704776123
PLSNestedCompact,12:55:42/scan-000,12:55:42,13CO2,0.41237199306488037,0.07150839184745394,-0.3408636012174264,0.3408636012174264
PLSNestedCompact,12:55:42/scan-000,12:55:42,12CO2,36.8709602355957,6.393728259110205,-30.4772319764855,30.4772319764855
PLSNestedCompact,12:55:42/scan-001,12:55:42,13CO2,0.41237199306488037,0.14795422616132825,-0.2644177669035521,0.2644177669035521
PLSNestedCompact,12:55:42/scan-001,12:55:42,12CO2,36.8709602355957,13.228897257227047,-23.642062978368656,23.642062978368656
PLSNestedCompact,12:55:42/scan-002,12:55:42,13CO2,0.41237199306488037,0.42817169797195476,0.015799704907074386,0.015799704907074386
PLSNestedCompact,12:55:42/scan-002,12:55:42,12CO2,36.8709602355957,38.283684769790256,1.4127245341945525,1.4127245341945525
PLSNestedCompact,12:55:42/scan-003,12:55:42,13CO2,0.41237199306488037,0.41785702314409534,0.00548503007921497,0.00548503007921497
PLSNestedCompact,12:55:42/scan-003,12:55:42,12CO2,36.8709602355957,37.361441171958404,0.49048093636270096,0.49048093636270096
PLSNestedCompact,12:55:42/scan-004,12:55:42,13CO2,0.41237199306488037,0.39431857196599107,-0.0180534210988893,0.0180534210988893
PLSNestedCompact,12:55:42/scan-004,12:55:42,12CO2,36.8709602355957,35.25681064064089,-1.6141495949548101,1.6141495949548101
PLSNestedCompact,12:55:42/scan-005,12:55:42,13CO2,0.41237199306488037,0.36378758881930073,-0.04858440424557964,0.04858440424557964
PLSNestedCompact,12:55:42/scan-005,12:55:42,12CO2,36.8709602355957,32.52696982206395,-4.343990413531756,4.343990413531756
PLSNestedCompact,12:55:42/scan-006,12:55:42,13CO2,0.41237199306488037,0.4528042932964753,0.04043230023159494,0.04043230023159494
PLSNestedCompact,12:55:42/scan-006,12:55:42,12CO2,36.8709602355957,40.48612536177137,3.6151651261756683,3.6151651261756683
PLSNestedCompact,12:55:42/scan-007,12:55:42,13CO2,0.41237199306488037,0.4645604407597379,0.05218844769485753,0.05218844769485753
PLSNestedCompact,12:55:42/scan-007,12:55:42,12CO2,36.8709602355957,41.53729452216638,4.666334286570674,4.666334286570674
PLSNestedCompact,12:55:42/scan-008,12:55:42,13CO2,0.41237199306488037,0.39306926756474725,-0.019302725500133122,0.019302725500133122
PLSNestedCompact,12:55:42/scan-008,12:55:42,12CO2,36.8709602355957,35.145107215559236,-1.7258530200364675,1.7258530200364675
PLSNestedCompact,12:55:42/scan-009,12:55:42,13CO2,0.41237199306488037,0.4149559342439164,0.0025839411790360423,0.0025839411790360423
PLSNestedCompact,12:55:42/scan-009,12:55:42,12CO2,36.8709602355957,37.10204385798251,0.23108362238680513,0.23108362238680513
PLSNestedCompact,12:55:42/scan-010,12:55:42,13CO2,0.41237199306488037,0.38767874705484984,-0.024693246010030534,0.024693246010030534
PLSNestedCompact,12:55:42/scan-010,12:55:42,12CO2,36.8709602355957,34.663121444087,-2.2078387915087063,2.2078387915087063
PLSNestedCompact,12:55:42/scan-011,12:55:42,13CO2,0.41237199306488037,0.27695424962127824,-0.13541774344360213,0.13541774344360213
PLSNestedCompact,12:55:42/scan-011,12:55:42,12CO2,36.8709602355957,24.763023951933704,-12.107936283662,12.107936283662
PLSNestedCompact,12:55:42/scan-012,12:55:42,13CO2,0.41237199306488037,0.3733184220200245,-0.03905357104485585,0.03905357104485585
PLSNestedCompact,12:55:42/scan-012,12:55:42,12CO2,36.8709602355957,33.37914456641957,-3.491815669176134,3.491815669176134
PLSNestedCompact,12:55:42/scan-013,12:55:42,13CO2,0.41237199306488037,0.28150091229767615,-0.13087108076720422,0.13087108076720422
PLSNestedCompact,12:55:42/scan-013,12:55:42,12CO2,36.8709602355957,25.169542585169935,-11.701417650425768,11.701417650425768
PLSNestedCompact,12:55:42/scan-014,12:55:42,13CO2,0.41237199306488037,0.403445262011067,-0.008926731053813364,0.008926731053813364
PLSNestedCompact,12:55:42/scan-014,12:55:42,12CO2,36.8709602355957,36.0728425405636,-0.7981176950321043,0.7981176950321043
PLSNestedCompact,12:55:42/scan-015,12:55:42,13CO2,0.41237199306488037,0.4396530104495392,0.027281017384658823,0.027281017384658823
PLSNestedCompact,12:55:42/scan-015,12:55:42,12CO2,36.8709602355957,39.31025585062642,2.4392956150307157,2.4392956150307157
PLSNestedCompact,12:55:42/scan-016,12:55:42,13CO2,0.41237199306488037,0.31901177151592464,-0.09336022154895574,0.09336022154895574
PLSNestedCompact,12:55:42/scan-016,12:55:42,12CO2,36.8709602355957,28.523482973517332,-8.347477262078371,8.347477262078371
PLSNestedCompact,12:55:42/scan-017,12:55:42,13CO2,0.41237199306488037,0.3161897312857975,-0.09618226177908284,0.09618226177908284
PLSNestedCompact,12:55:42/scan-017,12:55:42,12CO2,36.8709602355957,28.27114888133282,-8.599811354262883,8.599811354262883
PLSNestedCompact,12:55:42/scan-018,12:55:42,13CO2,0.41237199306488037,0.32876695436878123,-0.08360503869609914,0.08360503869609914
PLSNestedCompact,12:55:42/scan-018,12:55:42,12CO2,36.8709602355957,29.395706688936514,-7.475253546659189,7.475253546659189
PLSNestedCompact,12:55:42/scan-019,12:55:42,13CO2,0.41237199306488037,0.3475796923876979,-0.06479230067718245,0.06479230067718245
PLSNestedCompact,12:55:42/scan-019,12:55:42,12CO2,36.8709602355957,31.077778303503365,-5.793181932092338,5.793181932092338
PLSNestedCompact,13:05:15/scan-000,13:05:15,13CO2,0.8247429728507996,0.48939259098644505,-0.3353503818643545,0.3353503818643545
PLSNestedCompact,13:05:15/scan-000,13:05:15,12CO2,73.7419204711914,43.75753410507333,-29.984386366118073,29.984386366118073
PLSNestedCompact,13:05:15/scan-001,13:05:15,13CO2,0.8247429728507996,0.40754940728120836,-0.4171935655695912,0.4171935655695912
PLSNestedCompact,13:05:15/scan-001,13:05:15,12CO2,73.7419204711914,36.43977157553974,-37.30214889565167,37.30214889565167
PLSNestedCompact,13:05:15/scan-002,13:05:15,13CO2,0.8247429728507996,0.8127469189400403,-0.011996053910759308,0.011996053910759308
PLSNestedCompact,13:05:15/scan-002,13:05:15,12CO2,73.7419204711914,72.66926987844373,-1.072650592747678,1.072650592747678
PLSNestedCompact,13:05:15/scan-003,13:05:15,13CO2,0.8247429728507996,0.8993243334773791,0.0745813606265795,0.0745813606265795
PLSNestedCompact,13:05:15/scan-003,13:05:15,12CO2,73.7419204711914,80.41033089739625,6.668410426204844,6.668410426204844
PLSNestedCompact,13:05:15/scan-004,13:05:15,13CO2,0.8247429728507996,0.8837332986719544,0.05899032582115482,0.05899032582115482
PLSNestedCompact,13:05:15/scan-004,13:05:15,12CO2,73.7419204711914,79.01631592830856,5.274395457117151,5.274395457117151
PLSNestedCompact,13:05:15/scan-005,13:05:15,13CO2,0.8247429728507996,0.7845015594694096,-0.04024141338138998,0.04024141338138998
PLSNestedCompact,13:05:15/scan-005,13:05:15,12CO2,73.7419204711914,70.1438126780948,-3.5981077930966023,3.5981077930966023
PLSNestedCompact,13:05:15/scan-006,13:05:15,13CO2,0.8247429728507996,0.8934501487093323,0.0687071758585327,0.0687071758585327
PLSNestedCompact,13:05:15/scan-006,13:05:15,12CO2,73.7419204711914,79.88511312464149,6.143192653450086,6.143192653450086
PLSNestedCompact,13:05:15/scan-007,13:05:15,13CO2,0.8247429728507996,0.891814364006855,0.06707139115605543,0.06707139115605543
PLSNestedCompact,13:05:15/scan-007,13:05:15,12CO2,73.7419204711914,79.73886549939903,5.9969450282076195,5.9969450282076195
PLSNestedCompact,13:05:15/scan-008,13:05:15,13CO2,0.8247429728507996,0.8115414584780338,-0.013201514372765732,0.013201514372765732
PLSNestedCompact,13:05:15/scan-008,13:05:15,12CO2,73.7419204711914,72.56149828398473,-1.1804221872066734,1.1804221872066734
PLSNestedCompact,13:05:15/scan-009,13:05:15,13CO2,0.8247429728507996,0.8713813225640918,0.04663834971329228,0.04663834971329228
PLSNestedCompact,13:05:15/scan-009,13:05:15,12CO2,73.7419204711914,77.91190215634899,4.16998168515758,4.16998168515758
PLSNestedCompact,13:05:15/scan-010,13:05:15,13CO2,0.8247429728507996,0.8886059733580354,0.06386300050723581,0.06386300050723581
PLSNestedCompact,13:05:15/scan-010,13:05:15,12CO2,73.7419204711914,79.4519907906733,5.7100703194819005,5.7100703194819005
PLSNestedCompact,13:05:15/scan-011,13:05:15,13CO2,0.8247429728507996,0.9310006961207574,0.10625772326995786,0.10625772326995786
PLSNestedCompact,13:05:15/scan-011,13:05:15,12CO2,73.7419204711914,83.24258546778933,9.50066499659792,9.50066499659792
PLSNestedCompact,13:05:15/scan-012,13:05:15,13CO2,0.8247429728507996,0.9316149165505292,0.10687194369972963,0.10687194369972963
PLSNestedCompact,13:05:15/scan-012,13:05:15,12CO2,73.7419204711914,83.29750429918937,9.555583827997964,9.555583827997964
PLSNestedCompact,13:05:15/scan-013,13:05:15,13CO2,0.8247429728507996,0.9525308550216507,0.12778788217085113,0.12778788217085113
PLSNestedCompact,13:05:15/scan-013,13:05:15,12CO2,73.7419204711914,85.16764195427291,11.425721483081503,11.425721483081503
PLSNestedCompact,13:05:15/scan-014,13:05:15,13CO2,0.8247429728507996,0.8572610826987972,0.032518109847997634,0.032518109847997634
PLSNestedCompact,13:05:15/scan-014,13:05:15,12CO2,73.7419204711914,76.64938986158421,2.907469390392805,2.907469390392805
PLSNestedCompact,13:05:15/scan-015,13:05:15,13CO2,0.8247429728507996,1.0077313387880333,0.18298836593723378,0.18298836593723378
PLSNestedCompact,13:05:15/scan-015,13:05:15,12CO2,73.7419204711914,90.10322220409076,16.36130173289935,16.36130173289935
PLSNestedCompact,13:05:15/scan-016,13:05:15,13CO2,0.8247429728507996,0.9373158748701174,0.1125729020193178,0.1125729020193178
PLSNestedCompact,13:05:15/scan-016,13:05:15,12CO2,73.7419204711914,83.80724272732826,10.065322256136852,10.065322256136852
PLSNestedCompact,13:05:15/scan-017,13:05:15,13CO2,0.8247429728507996,0.9015086973187938,0.07676572446799423,0.07676572446799423
PLSNestedCompact,13:05:15/scan-017,13:05:15,12CO2,73.7419204711914,80.60564770645652,6.863727235265117,6.863727235265117
PLSNestedCompact,13:05:15/scan-018,13:05:15,13CO2,0.8247429728507996,0.9064034941219706,0.08166052127117107,0.08166052127117107
PLSNestedCompact,13:05:15/scan-018,13:05:15,12CO2,73.7419204711914,81.04330884425993,7.301388373068519,7.301388373068519
PLSNestedCompact,13:05:15/scan-019,13:05:15,13CO2,0.8247429728507996,0.8694342908777828,0.04469131802698323,0.04469131802698323
PLSNestedCompact,13:05:15/scan-019,13:05:15,12CO2,73.7419204711914,77.73780576002892,3.9958852888375134,3.9958852888375134
PLSNestedCompact,13:14:37/scan-000,13:14:37,13CO2,1.2371150255203247,0.868748667474833,-0.36836635804549167,0.36836635804549167
PLSNestedCompact,13:14:37/scan-000,13:14:37,12CO2,110.61288452148438,77.67652411075076,-32.93636041073361,32.93636041073361
PLSNestedCompact,13:14:37/scan-001,13:14:37,13CO2,1.2371150255203247,0.8736613141325565,-0.36345371138776816,0.36345371138776816
PLSNestedCompact,13:14:37/scan-001,13:14:37,12CO2,110.61288452148438,78.11577364867983,-32.49711087280454,32.49711087280454
PLSNestedCompact,13:14:37/scan-002,13:14:37,13CO2,1.2371150255203247,1.1999637242463677,-0.03715130127395705,0.03715130127395705
PLSNestedCompact,13:14:37/scan-002,13:14:37,12CO2,110.61288452148438,107.29111511706577,-3.3217694044186032,3.3217694044186032
PLSNestedCompact,13:14:37/scan-003,13:14:37,13CO2,1.2371150255203247,1.1863893861219768,-0.050725639398347955,0.050725639398347955
PLSNestedCompact,13:14:37/scan-003,13:14:37,12CO2,110.61288452148438,106.07740768539941,-4.5354768360849675,4.5354768360849675
PLSNestedCompact,13:14:37/scan-004,13:14:37,13CO2,1.2371150255203247,1.2392674522952807,0.0021524267749559733,0.0021524267749559733
PLSNestedCompact,13:14:37/scan-004,13:14:37,12CO2,110.61288452148438,110.80533825019282,0.19245372870844335,0.19245372870844335
PLSNestedCompact,13:14:37/scan-005,13:14:37,13CO2,1.2371150255203247,1.2668610425295717,0.02974601700924695,0.02974601700924695
PLSNestedCompact,13:14:37/scan-005,13:14:37,12CO2,110.61288452148438,113.27253589059286,2.659651369108488,2.659651369108488
PLSNestedCompact,13:14:37/scan-006,13:14:37,13CO2,1.2371150255203247,1.2184769359375596,-0.01863808958276514,0.01863808958276514
PLSNestedCompact,13:14:37/scan-006,13:14:37,12CO2,110.61288452148438,108.94641803943897,-1.6664664820454078,1.6664664820454078
PLSNestedCompact,13:14:37/scan-007,13:14:37,13CO2,1.2371150255203247,1.2610394992888043,0.023924473768479615,0.023924473768479615
PLSNestedCompact,13:14:37/scan-007,13:14:37,12CO2,110.61288452148438,112.7520207768949,2.13913625541052,2.13913625541052
PLSNestedCompact,13:14:37/scan-008,13:14:37,13CO2,1.2371150255203247,1.2784815008515664,0.041366475331241714,0.041366475331241714
PLSNestedCompact,13:14:37/scan-008,13:14:37,12CO2,110.61288452148438,114.31154410639745,3.6986595849130737,3.6986595849130737
PLSNestedCompact,13:14:37/scan-009,13:14:37,13CO2,1.2371150255203247,1.1931799996204975,-0.04393502589982723,0.04393502589982723
PLSNestedCompact,13:14:37/scan-009,13:14:37,12CO2,110.61288452148438,106.6845686506409,-3.928315870843477,3.928315870843477
PLSNestedCompact,13:14:37/scan-010,13:14:37,13CO2,1.2371150255203247,1.2368155024215002,-0.0002995230988245279,0.0002995230988245279
PLSNestedCompact,13:14:37/scan-010,13:14:37,12CO2,110.61288452148438,110.58610486164514,-0.026779659839235137,0.026779659839235137
PLSNestedCompact,13:14:37/scan-011,13:14:37,13CO2,1.2371150255203247,1.1946168815085543,-0.04249814401177043,0.04249814401177043
PLSNestedCompact,13:14:37/scan-011,13:14:37,12CO2,110.61288452148438,106.81304251164906,-3.7998420098353165,3.7998420098353165
PLSNestedCompact,13:14:37/scan-012,13:14:37,13CO2,1.2371150255203247,1.2179753812099703,-0.01913964431035442,0.01913964431035442
PLSNestedCompact,13:14:37/scan-012,13:14:37,12CO2,110.61288452148438,108.90157147084429,-1.7113130506400864,1.7113130506400864
PLSNestedCompact,13:14:37/scan-013,13:14:37,13CO2,1.2371150255203247,1.2252063076978073,-0.011908717822517456,0.011908717822517456
PLSNestedCompact,13:14:37/scan-013,13:14:37,12CO2,110.61288452148438,109.54810236404072,-1.0647821574436591,1.0647821574436591
PLSNestedCompact,13:14:37/scan-014,13:14:37,13CO2,1.2371150255203247,1.3347042336378614,0.09758920811753669,0.09758920811753669
PLSNestedCompact,13:14:37/scan-014,13:14:37,12CO2,110.61288452148438,119.33852881529914,8.725644293814767,8.725644293814767
PLSNestedCompact,13:14:37/scan-015,13:14:37,13CO2,1.2371150255203247,1.3494323547979539,0.11231732927762916,0.11231732927762916
PLSNestedCompact,13:14:37/scan-015,13:14:37,12CO2,110.61288452148438,120.65540014083822,10.04251561935385,10.04251561935385
PLSNestedCompact,13:14:37/scan-016,13:14:37,13CO2,1.2371150255203247,1.3560900647926746,0.11897503927234987,0.11897503927234987
PLSNestedCompact,13:14:37/scan-016,13:14:37,12CO2,110.61288452148438,121.25067928061779,10.637794759133413,10.637794759133413
PLSNestedCompact,13:14:37/scan-017,13:14:37,13CO2,1.2371150255203247,1.2886087387250114,0.05149371320468665,0.05149371320468665
PLSNestedCompact,13:14:37/scan-017,13:14:37,12CO2,110.61288452148438,115.21704056072461,4.604156039240237,4.604156039240237
PLSNestedCompact,13:14:37/scan-018,13:14:37,13CO2,1.2371150255203247,1.3153961756414383,0.07828115012111359,0.07828115012111359
PLSNestedCompact,13:14:37/scan-018,13:14:37,12CO2,110.61288452148438,117.61215819008281,6.999273668598434,6.999273668598434
PLSNestedCompact,13:14:37/scan-019,13:14:37,13CO2,1.2371150255203247,1.3668560511090808,0.1297410255887561,0.1297410255887561
PLSNestedCompact,13:14:37/scan-019,13:14:37,12CO2,110.61288452148438,122.2132868516131,11.60040233012873,11.60040233012873
PLSNestedCompact,13:24:02/scan-000,13:24:02,13CO2,1.649487018585205,1.301290921477753,-0.34819609710745203,0.34819609710745203
PLSNestedCompact,13:24:02/scan-000,13:24:02,12CO2,147.4838409423828,116.35098606160803,-31.132854880774786,31.132854880774786
PLSNestedCompact,13:24:02/scan-001,13:24:02,13CO2,1.649487018585205,1.32612100651899,-0.3233660120662152,0.3233660120662152
PLSNestedCompact,13:24:02/scan-001,13:24:02,12CO2,147.4838409423828,118.57109593102383,-28.91274501135898,28.91274501135898
PLSNestedCompact,13:24:02/scan-002,13:24:02,13CO2,1.649487018585205,1.602549901707176,-0.04693711687802904,0.04693711687802904
PLSNestedCompact,13:24:02/scan-002,13:24:02,12CO2,147.4838409423828,143.2871500129574,-4.196690929425415,4.196690929425415
PLSNestedCompact,13:24:02/scan-003,13:24:02,13CO2,1.649487018585205,1.5610797992773762,-0.08840721930782891,0.08840721930782891
PLSNestedCompact,13:24:02/scan-003,13:24:02,12CO2,147.4838409423828,139.57923498540546,-7.904605956977349,7.904605956977349
PLSNestedCompact,13:24:02/scan-004,13:24:02,13CO2,1.649487018585205,1.5476408961892183,-0.10184612239598678,0.10184612239598678
PLSNestedCompact,13:24:02/scan-004,13:24:02,12CO2,147.4838409423828,138.37763442137222,-9.106206521010591,9.106206521010591
PLSNestedCompact,13:24:02/scan-005,13:24:02,13CO2,1.649487018585205,1.5461511856860701,-0.10333583289913495,0.10333583289913495
PLSNestedCompact,13:24:02/scan-005,13:24:02,12CO2,147.4838409423828,138.24443333398344,-9.239407608399375,9.239407608399375
PLSNestedCompact,13:24:02/scan-006,13:24:02,13CO2,1.649487018585205,1.656742776101497,0.0072557575162919274,0.0072557575162919274
PLSNestedCompact,13:24:02/scan-006,13:24:02,12CO2,147.4838409423828,148.13264176743778,0.6488008250549626,0.6488008250549626
PLSNestedCompact,13:24:02/scan-007,13:24:02,13CO2,1.649487018585205,1.660554824224232,0.011067805639026984,0.011067805639026984
PLSNestedCompact,13:24:02/scan-007,13:24:02,12CO2,147.4838409423828,148.47348545882494,0.9896445164421266,0.9896445164421266
PLSNestedCompact,13:24:02/scan-008,13:24:02,13CO2,1.649487018585205,1.7629655078074133,0.11347848922220827,0.11347848922220827
PLSNestedCompact,13:24:02/scan-008,13:24:02,12CO2,147.4838409423828,157.6302246721197,10.146383729736897,10.146383729736897
PLSNestedCompact,13:24:02/scan-009,13:24:02,13CO2,1.649487018585205,1.6071706314952272,-0.04231638708997787,0.04231638708997787
PLSNestedCompact,13:24:02/scan-009,13:24:02,12CO2,147.4838409423828,143.70030637175068,-3.7835345706321277,3.7835345706321277
PLSNestedCompact,13:24:02/scan-010,13:24:02,13CO2,1.649487018585205,1.615419509272318,-0.034067509312887045,0.034067509312887045
PLSNestedCompact,13:24:02/scan-010,13:24:02,12CO2,147.4838409423828,144.4378522360251,-3.0459887063577185,3.0459887063577185
PLSNestedCompact,13:24:02/scan-011,13:24:02,13CO2,1.649487018585205,1.6827947422877583,0.033307723702553194,0.033307723702553194
PLSNestedCompact,13:24:02/scan-011,13:24:02,12CO2,147.4838409423828,150.46199764570508,2.97815670332227,2.97815670332227
PLSNestedCompact,13:24:02/scan-012,13:24:02,13CO2,1.649487018585205,1.686800419553716,0.03731340096851099,0.03731340096851099
PLSNestedCompact,13:24:02/scan-012,13:24:02,12CO2,147.4838409423828,150.82015889995606,3.336317957573243,3.336317957573243
PLSNestedCompact,13:24:02/scan-013,13:24:02,13CO2,1.649487018585205,1.6554143767806668,0.005927358195461752,0.005927358195461752
PLSNestedCompact,13:24:02/scan-013,13:24:02,12CO2,147.4838409423828,148.01386523568925,0.5300242933064396,0.5300242933064396
PLSNestedCompact,13:24:02/scan-014,13:24:02,13CO2,1.649487018585205,1.7438499710537707,0.09436295246856563,0.09436295246856563
PLSNestedCompact,13:24:02/scan-014,13:24:02,12CO2,147.4838409423828,155.92107069030803,8.437229747925215,8.437229747925215
PLSNestedCompact,13:24:02/scan-015,13:24:02,13CO2,1.649487018585205,1.7191443617546425,0.06965734316943739,0.06965734316943739
PLSNestedCompact,13:24:02/scan-015,13:24:02,12CO2,147.4838409423828,153.71208976386566,6.22824882148285,6.22824882148285
PLSNestedCompact,13:24:02/scan-016,13:24:02,13CO2,1.649487018585205,1.807987890364939,0.15850087177973382,0.15850087177973382
PLSNestedCompact,13:24:02/scan-016,13:24:02,12CO2,147.4838409423828,161.65575914934738,14.171918206964563,14.171918206964563
PLSNestedCompact,13:24:02/scan-017,13:24:02,13CO2,1.649487018585205,1.76564550060615,0.11615848202094492,0.11615848202094492
PLSNestedCompact,13:24:02/scan-017,13:24:02,12CO2,147.4838409423828,157.8698493731574,10.38600843077458,10.38600843077458
PLSNestedCompact,13:24:02/scan-018,13:24:02,13CO2,1.649487018585205,1.6230530606115476,-0.02643395797365744,0.02643395797365744
PLSNestedCompact,13:24:02/scan-018,13:24:02,12CO2,147.4838409423828,145.12037769381612,-2.3634632485666884,2.3634632485666884
PLSNestedCompact,13:24:02/scan-019,13:24:02,13CO2,1.649487018585205,1.737135510897882,0.08764849231267702,0.08764849231267702
PLSNestedCompact,13:24:02/scan-019,13:24:02,12CO2,147.4838409423828,155.3207155679875,7.836874625604679,7.836874625604679
PLSNestedCompact,13:33:30/scan-000,13:33:30,13CO2,2.0618579387664795,1.689297440815893,-0.37256049795058654,0.37256049795058654
PLSNestedCompact,13:33:30/scan-000,13:33:30,12CO2,184.3548126220703,151.043395710151,-33.31141691191931,33.31141691191931
PLSNestedCompact,13:33:30/scan-001,13:33:30,13CO2,2.0618579387664795,1.8137381666948835,-0.24811977207159597,0.24811977207159597
PLSNestedCompact,13:33:30/scan-001,13:33:30,12CO2,184.3548126220703,162.1698854640057,-22.184927158064625,22.184927158064625
PLSNestedCompact,13:33:30/scan-002,13:33:30,13CO2,2.0618579387664795,1.9489490872246846,-0.11290885154179486,0.11290885154179486
PLSNestedCompact,13:33:30/scan-002,13:33:30,12CO2,184.3548126220703,174.25935942585514,-10.095453196215175,10.095453196215175
PLSNestedCompact,13:33:30/scan-003,13:33:30,13CO2,2.0618579387664795,2.113283999819987,0.05142606105350733,0.05142606105350733
PLSNestedCompact,13:33:30/scan-003,13:33:30,12CO2,184.3548126220703,188.95286754730117,4.598054925230855,4.598054925230855
PLSNestedCompact,13:33:30/scan-004,13:33:30,13CO2,2.0618579387664795,2.141551023690684,0.07969308492420435,0.07969308492420435
PLSNestedCompact,13:33:30/scan-004,13:33:30,12CO2,184.3548126220703,191.4802768568297,7.1254642347593915,7.1254642347593915
PLSNestedCompact,13:33:30/scan-005,13:33:30,13CO2,2.0618579387664795,2.09762060678198,0.03576266801550032,0.03576266801550032
PLSNestedCompact,13:33:30/scan-005,13:33:30,12CO2,184.3548126220703,187.55237095062716,3.197558328556852,3.197558328556852
PLSNestedCompact,13:33:30/scan-006,13:33:30,13CO2,2.0618579387664795,2.084101953495076,0.022244014728596717,0.022244014728596717
PLSNestedCompact,13:33:30/scan-006,13:33:30,12CO2,184.3548126220703,186.3436434596302,1.988830837559874,1.988830837559874
PLSNestedCompact,13:33:30/scan-007,13:33:30,13CO2,2.0618579387664795,2.153133383830964,0.09127544506448437,0.09127544506448437
PLSNestedCompact,13:33:30/scan-007,13:33:30,12CO2,184.3548126220703,192.5158786166405,8.16106599457018,8.16106599457018
PLSNestedCompact,13:33:30/scan-008,13:33:30,13CO2,2.0618579387664795,2.1134935154813244,0.051635576714844866,0.051635576714844866
PLSNestedCompact,13:33:30/scan-008,13:33:30,12CO2,184.3548126220703,188.97160085887867,4.616788236808361,4.616788236808361
PLSNestedCompact,13:33:30/scan-009,13:33:30,13CO2,2.0618579387664795,2.1191924141453704,0.057334475378890914,0.057334475378890914
PLSNestedCompact,13:33:30/scan-009,13:33:30,12CO2,184.3548126220703,189.48114946234813,5.1263368402778156,5.1263368402778156
PLSNestedCompact,13:33:30/scan-010,13:33:30,13CO2,2.0618579387664795,2.050689657347928,-0.01116828141855164,0.01116828141855164
PLSNestedCompact,13:33:30/scan-010,13:33:30,12CO2,184.3548126220703,183.3561835345206,-0.9986290875497161,0.9986290875497161
PLSNestedCompact,13:33:30/scan-011,13:33:30,13CO2,2.0618579387664795,2.1061204581952477,0.04426251942876824,0.04426251942876824
PLSNestedCompact,13:33:30/scan-011,13:33:30,12CO2,184.3548126220703,188.31236008820713,3.957547466136816,3.957547466136816
PLSNestedCompact,13:33:30/scan-012,13:33:30,13CO2,2.0618579387664795,2.1450930224956615,0.08323508372918198,0.08323508372918198
PLSNestedCompact,13:33:30/scan-012,13:33:30,12CO2,184.3548126220703,191.79697410681933,7.442161484749022,7.442161484749022
PLSNestedCompact,13:33:30/scan-013,13:33:30,13CO2,2.0618579387664795,2.1240757937964374,0.062217855029957914,0.062217855029957914
PLSNestedCompact,13:33:30/scan-013,13:33:30,12CO2,184.3548126220703,189.91778156587958,5.562968943809267,5.562968943809267
PLSNestedCompact,13:33:30/scan-014,13:33:30,13CO2,2.0618579387664795,2.1698281630066774,0.10797022424019787,0.10797022424019787
PLSNestedCompact,13:33:30/scan-014,13:33:30,12CO2,184.3548126220703,194.00859123216932,9.65377861009901,9.65377861009901
PLSNestedCompact,13:33:30/scan-015,13:33:30,13CO2,2.0618579387664795,2.139669086210112,0.07781114744363249,0.07781114744363249
PLSNestedCompact,13:33:30/scan-015,13:33:30,12CO2,184.3548126220703,191.312009847119,6.957197225048674,6.957197225048674
PLSNestedCompact,13:33:30/scan-016,13:33:30,13CO2,2.0618579387664795,2.2176128178475314,0.1557548790810519,0.1557548790810519
PLSNestedCompact,13:33:30/scan-016,13:33:30,12CO2,184.3548126220703,198.2811111513766,13.92629852930628,13.92629852930628
PLSNestedCompact,13:33:30/scan-017,13:33:30,13CO2,2.0618579387664795,2.1564761699350172,0.09461823116853774,0.09461823116853774
PLSNestedCompact,13:33:30/scan-017,13:33:30,12CO2,184.3548126220703,192.81476307279942,8.45995045072911,8.45995045072911
PLSNestedCompact,13:33:30/scan-018,13:33:30,13CO2,2.0618579387664795,2.211482830337168,0.1496248915706886,0.1496248915706886
PLSNestedCompact,13:33:30/scan-018,13:33:30,12CO2,184.3548126220703,197.73301762152929,13.378204999458973,13.378204999458973
PLSNestedCompact,13:33:30/scan-019,13:33:30,13CO2,2.0618579387664795,2.1945636934329196,0.13270575466644008,0.13270575466644008
PLSNestedCompact,13:33:30/scan-019,13:33:30,12CO2,184.3548126220703,196.220243794445,11.865431172374684,11.865431172374684
PLSNestedCompact,13:43:08/scan-000,13:43:08,13CO2,2.4742300510406494,2.0926395860581897,-0.38159046498245974,0.38159046498245974
PLSNestedCompact,13:43:08/scan-000,13:43:08,12CO2,221.22576904296875,187.1070327541943,-34.11873628877444,34.11873628877444
PLSNestedCompact,13:43:08/scan-001,13:43:08,13CO2,2.4742300510406494,2.075089491773242,-0.39914055926740755,0.39914055926740755
PLSNestedCompact,13:43:08/scan-001,13:43:08,12CO2,221.22576904296875,185.53784445092708,-35.68792459204167,35.68792459204167
PLSNestedCompact,13:43:08/scan-002,13:43:08,13CO2,2.4742300510406494,2.351157263229648,-0.1230727878110014,0.1230727878110014
PLSNestedCompact,13:43:08/scan-002,13:43:08,12CO2,221.22576904296875,210.22160865191432,-11.004160391054427,11.004160391054427
PLSNestedCompact,13:43:08/scan-003,13:43:08,13CO2,2.4742300510406494,2.413967105728995,-0.06026294531165455,0.06026294531165455
PLSNestedCompact,13:43:08/scan-003,13:43:08,12CO2,221.22576904296875,215.8375612689771,-5.388207773991638,5.388207773991638
PLSNestedCompact,13:43:08/scan-004,13:43:08,13CO2,2.4742300510406494,2.4381836754214716,-0.036046375619177784,0.036046375619177784
PLSNestedCompact,13:43:08/scan-004,13:43:08,12CO2,221.22576904296875,218.00281286603013,-3.2229561769386237,3.2229561769386237
PLSNestedCompact,13:43:08/scan-005,13:43:08,13CO2,2.4742300510406494,2.3931559485094196,-0.08107410253122982,0.08107410253122982
PLSNestedCompact,13:43:08/scan-005,13:43:08,12CO2,221.22576904296875,213.97679392634058,-7.2489751166281735,7.2489751166281735
PLSNestedCompact,13:43:08/scan-006,13:43:08,13CO2,2.4742300510406494,2.373059091664768,-0.10117095937588161,0.10117095937588161
PLSNestedCompact,13:43:08/scan-006,13:43:08,12CO2,221.22576904296875,212.17989606196846,-9.045872981000286,9.045872981000286
PLSNestedCompact,13:43:08/scan-007,13:43:08,13CO2,2.4742300510406494,2.3316424594565994,-0.14258759158405,0.14258759158405
PLSNestedCompact,13:43:08/scan-007,13:43:08,12CO2,221.22576904296875,208.47675459634667,-12.749014446622084,12.749014446622084
PLSNestedCompact,13:43:08/scan-008,13:43:08,13CO2,2.4742300510406494,2.3971836165919127,-0.07704643444873671,0.07704643444873671
PLSNestedCompact,13:43:08/scan-008,13:43:08,12CO2,221.22576904296875,214.33691737392033,-6.888851669048421,6.888851669048421
PLSNestedCompact,13:43:08/scan-009,13:43:08,13CO2,2.4742300510406494,2.4458534567815287,-0.028376594259120758,0.028376594259120758
PLSNestedCompact,13:43:08/scan-009,13:43:08,12CO2,221.22576904296875,218.68858277543472,-2.5371862675340253,2.5371862675340253
PLSNestedCompact,13:43:08/scan-010,13:43:08,13CO2,2.4742300510406494,2.4396957855867036,-0.03453426545394578,0.03453426545394578
PLSNestedCompact,13:43:08/scan-010,13:43:08,12CO2,221.22576904296875,218.13801323810918,-3.087755804859569,3.087755804859569
PLSNestedCompact,13:43:08/scan-011,13:43:08,13CO2,2.4742300510406494,2.3915212574334097,-0.0827087936072397,0.0827087936072397
PLSNestedCompact,13:43:08/scan-011,13:43:08,12CO2,221.22576904296875,213.8306336941261,-7.3951353488426435,7.3951353488426435
PLSNestedCompact,13:43:08/scan-012,13:43:08,13CO2,2.4742300510406494,2.4726029942270005,-0.0016270568136489416,0.0016270568136489416
PLSNestedCompact,13:43:08/scan-012,13:43:08,12CO2,221.22576904296875,221.08031175640065,-0.14545728656810297,0.14545728656810297
PLSNestedCompact,13:43:08/scan-013,13:43:08,13CO2,2.4742300510406494,2.408603480084248,-0.06562657095640123,0.06562657095640123
PLSNestedCompact,13:43:08/scan-013,13:43:08,12CO2,221.22576904296875,215.3579885721037,-5.867780470865057,5.867780470865057
PLSNestedCompact,13:43:08/scan-014,13:43:08,13CO2,2.4742300510406494,2.4285435734348164,-0.045686477605833,0.045686477605833
PLSNestedCompact,13:43:08/scan-014,13:43:08,12CO2,221.22576904296875,217.14087173212806,-4.084897310840688,4.084897310840688
PLSNestedCompact,13:43:08/scan-015,13:43:08,13CO2,2.4742300510406494,2.4223673261733136,-0.051862724867335785,0.051862724867335785
PLSNestedCompact,13:43:08/scan-015,13:43:08,12CO2,221.22576904296875,216.58863991579705,-4.637129127171704,4.637129127171704
PLSNestedCompact,13:43:08/scan-016,13:43:08,13CO2,2.4742300510406494,2.4025373107168995,-0.07169274032374995,0.07169274032374995
PLSNestedCompact,13:43:08/scan-016,13:43:08,12CO2,221.22576904296875,214.8156001584779,-6.410168884490844,6.410168884490844
PLSNestedCompact,13:43:08/scan-017,13:43:08,13CO2,2.4742300510406494,2.4704944314141883,-0.003735619626461073,0.003735619626461073
PLSNestedCompact,13:43:08/scan-017,13:43:08,12CO2,221.22576904296875,220.89177909657747,-0.3339899463912843,0.3339899463912843
PLSNestedCompact,13:43:08/scan-018,13:43:08,13CO2,2.4742300510406494,2.5691331303198113,0.09490307927916186,0.09490307927916186
PLSNestedCompact,13:43:08/scan-018,13:43:08,12CO2,221.22576904296875,229.71125954162636,8.485490498657612,8.485490498657612
PLSNestedCompact,13:43:08/scan-019,13:43:08,13CO2,2.4742300510406494,2.397643334868464,-0.07658671617218538,0.07658671617218538
PLSNestedCompact,13:43:08/scan-019,13:43:08,12CO2,221.22576904296875,214.3780191784866,-6.847749864482154,6.847749864482154
