model,sample_id,group,target,actual,predicted,residual,absolute_error
Ridge,12:46:00/scan-000,12:46:00,13CO2,0.0,0.6532660126686096,0.6532660126686096,0.6532660126686096
Ridge,12:46:00/scan-000,12:46:00,12CO2,0.0,58.408729553222656,58.408729553222656,58.408729553222656
Ridge,12:46:00/scan-001,12:46:00,13CO2,0.0,0.4367109537124634,0.4367109537124634,0.4367109537124634
Ridge,12:46:00/scan-001,12:46:00,12CO2,0.0,39.046478271484375,39.046478271484375,39.046478271484375
Ridge,12:46:00/scan-002,12:46:00,13CO2,0.0,0.48281383514404297,0.48281383514404297,0.48281383514404297
Ridge,12:46:00/scan-002,12:46:00,12CO2,0.0,43.16974639892578,43.16974639892578,43.16974639892578
Ridge,12:46:00/scan-003,12:46:00,13CO2,0.0,0.5039729475975037,0.5039729475975037,0.5039729475975037
Ridge,12:46:00/scan-003,12:46:00,12CO2,0.0,45.060333251953125,45.060333251953125,45.060333251953125
Ridge,12:46:00/scan-004,12:46:00,13CO2,0.0,0.4803694486618042,0.4803694486618042,0.4803694486618042
Ridge,12:46:00/scan-004,12:46:00,12CO2,0.0,42.94853210449219,42.94853210449219,42.94853210449219
Ridge,12:46:00/scan-005,12:46:00,13CO2,0.0,0.40312623977661133,0.40312623977661133,0.40312623977661133
Ridge,12:46:00/scan-005,12:46:00,12CO2,0.0,36.043701171875,36.043701171875,36.043701171875
Ridge,12:46:00/scan-006,12:46:00,13CO2,0.0,0.38354194164276123,0.38354194164276123,0.38354194164276123
Ridge,12:46:00/scan-006,12:46:00,12CO2,0.0,34.29393005371094,34.29393005371094,34.29393005371094
Ridge,12:46:00/scan-007,12:46:00,13CO2,0.0,0.4683760404586792,0.4683760404586792,0.4683760404586792
Ridge,12:46:00/scan-007,12:46:00,12CO2,0.0,41.87724304199219,41.87724304199219,41.87724304199219
Ridge,12:46:00/scan-008,12:46:00,13CO2,0.0,0.5512663125991821,0.5512663125991821,0.5512663125991821
Ridge,12:46:00/scan-008,12:46:00,12CO2,0.0,49.28814697265625,49.28814697265625,49.28814697265625
Ridge,12:46:00/scan-009,12:46:00,13CO2,0.0,0.310449481010437,0.310449481010437,0.310449481010437
Ridge,12:46:00/scan-009,12:46:00,12CO2,0.0,27.75714111328125,27.75714111328125,27.75714111328125
Ridge,12:46:00/scan-010,12:46:00,13CO2,0.0,0.3019523620605469,0.3019523620605469,0.3019523620605469
Ridge,12:46:00/scan-010,12:46:00,12CO2,0.0,26.998619079589844,26.998619079589844,26.998619079589844
Ridge,12:46:00/scan-011,12:46:00,13CO2,0.0,0.39294683933258057,0.39294683933258057,0.39294683933258057
Ridge,12:46:00/scan-011,12:46:00,12CO2,0.0,35.13459014892578,35.13459014892578,35.13459014892578
Ridge,12:46:00/scan-012,12:46:00,13CO2,0.0,0.330035924911499,0.330035924911499,0.330035924911499
Ridge,12:46:00/scan-012,12:46:00,12CO2,0.0,29.510276794433594,29.510276794433594,29.510276794433594
Ridge,12:46:00/scan-013,12:46:00,13CO2,0.0,0.29036760330200195,0.29036760330200195,0.29036760330200195
Ridge,12:46:00/scan-013,12:46:00,12CO2,0.0,25.960487365722656,25.960487365722656,25.960487365722656
Ridge,12:46:00/scan-014,12:46:00,13CO2,0.0,0.29210543632507324,0.29210543632507324,0.29210543632507324
Ridge,12:46:00/scan-014,12:46:00,12CO2,0.0,26.117149353027344,26.117149353027344,26.117149353027344
Ridge,12:46:00/scan-015,12:46:00,13CO2,0.0,0.25650298595428467,0.25650298595428467,0.25650298595428467
Ridge,12:46:00/scan-015,12:46:00,12CO2,0.0,22.933311462402344,22.933311462402344,22.933311462402344
Ridge,12:46:00/scan-016,12:46:00,13CO2,0.0,0.15334534645080566,0.15334534645080566,0.15334534645080566
Ridge,12:46:00/scan-016,12:46:00,12CO2,0.0,13.711204528808594,13.711204528808594,13.711204528808594
Ridge,12:46:00/scan-017,12:46:00,13CO2,0.0,0.2678990364074707,0.2678990364074707,0.2678990364074707
Ridge,12:46:00/scan-017,12:46:00,12CO2,0.0,23.95325469970703,23.95325469970703,23.95325469970703
Ridge,12:46:00/scan-018,12:46:00,13CO2,0.0,0.19905376434326172,0.19905376434326172,0.19905376434326172
Ridge,12:46:00/scan-018,12:46:00,12CO2,0.0,17.797805786132812,17.797805786132812,17.797805786132812
Ridge,12:46:00/scan-019,12:46:00,13CO2,0.0,0.29387688636779785,0.29387688636779785,0.29387688636779785
Ridge,12:46:00/scan-019,12:46:00,12CO2,0.0,26.27532958984375,26.27532958984375,26.27532958984375
Ridge,12:55:42/scan-000,12:55:42,13CO2,0.41237199306488037,-0.03516066074371338,-0.44753265380859375,0.44753265380859375
Ridge,12:55:42/scan-000,12:55:42,12CO2,36.8709602355957,-3.1422576904296875,-40.01321792602539,40.01321792602539
Ridge,12:55:42/scan-001,12:55:42,13CO2,0.41237199306488037,0.16253936290740967,-0.2498326301574707,0.2498326301574707
Ridge,12:55:42/scan-001,12:55:42,12CO2,36.8709602355957,14.531768798828125,-22.339191436767578,22.339191436767578
Ridge,12:55:42/scan-002,12:55:42,13CO2,0.41237199306488037,0.3489905595779419,-0.06338143348693848,0.06338143348693848
Ridge,12:55:42/scan-002,12:55:42,12CO2,36.8709602355957,31.202056884765625,-5.668903350830078,5.668903350830078
Ridge,12:55:42/scan-003,12:55:42,13CO2,0.41237199306488037,0.384132981300354,-0.028239011764526367,0.028239011764526367
Ridge,12:55:42/scan-003,12:55:42,12CO2,36.8709602355957,34.34764099121094,-2.5233192443847656,2.5233192443847656
Ridge,12:55:42/scan-004,12:55:42,13CO2,0.41237199306488037,0.368788480758667,-0.04358351230621338,0.04358351230621338
Ridge,12:55:42/scan-004,12:55:42,12CO2,36.8709602355957,32.974510192871094,-3.8964500427246094,3.8964500427246094
Ridge,12:55:42/scan-005,12:55:42,13CO2,0.41237199306488037,0.27849507331848145,-0.13387691974639893,0.13387691974639893
Ridge,12:55:42/scan-005,12:55:42,12CO2,36.8709602355957,24.901649475097656,-11.969310760498047,11.969310760498047
Ridge,12:55:42/scan-006,12:55:42,13CO2,0.41237199306488037,0.5274747014045715,0.11510270833969116,0.11510270833969116
Ridge,12:55:42/scan-006,12:55:42,12CO2,36.8709602355957,47.16120147705078,10.290241241455078,10.290241241455078
Ridge,12:55:42/scan-007,12:55:42,13CO2,0.41237199306488037,0.3525646924972534,-0.05980730056762695,0.05980730056762695
Ridge,12:55:42/scan-007,12:55:42,12CO2,36.8709602355957,31.52411651611328,-5.346843719482422,5.346843719482422
Ridge,12:55:42/scan-008,12:55:42,13CO2,0.41237199306488037,0.3113229274749756,-0.10104906558990479,0.10104906558990479
Ridge,12:55:42/scan-008,12:55:42,12CO2,36.8709602355957,27.8365478515625,-9.034412384033203,9.034412384033203
Ridge,12:55:42/scan-009,12:55:42,13CO2,0.41237199306488037,0.4771408438682556,0.06476885080337524,0.06476885080337524
Ridge,12:55:42/scan-009,12:55:42,12CO2,36.8709602355957,42.66044616699219,5.789485931396484,5.789485931396484
Ridge,12:55:42/scan-010,12:55:42,13CO2,0.41237199306488037,0.4437568783760071,0.03138488531112671,0.03138488531112671
Ridge,12:55:42/scan-010,12:55:42,12CO2,36.8709602355957,39.677940368652344,2.8069801330566406,2.8069801330566406
Ridge,12:55:42/scan-011,12:55:42,13CO2,0.41237199306488037,0.33759820461273193,-0.07477378845214844,0.07477378845214844
Ridge,12:55:42/scan-011,12:55:42,12CO2,36.8709602355957,30.184310913085938,-6.686649322509766,6.686649322509766
Ridge,12:55:42/scan-012,12:55:42,13CO2,0.41237199306488037,0.260372519493103,-0.15199947357177734,0.15199947357177734
Ridge,12:55:42/scan-012,12:55:42,12CO2,36.8709602355957,23.27971649169922,-13.591243743896484,13.591243743896484
Ridge,12:55:42/scan-013,12:55:42,13CO2,0.41237199306488037,0.3199731111526489,-0.09239888191223145,0.09239888191223145
Ridge,12:55:42/scan-013,12:55:42,12CO2,36.8709602355957,28.609375,-8.261585235595703,8.261585235595703
Ridge,12:55:42/scan-014,12:55:42,13CO2,0.41237199306488037,0.3314725160598755,-0.08089947700500488,0.08089947700500488
Ridge,12:55:42/scan-014,12:55:42,12CO2,36.8709602355957,29.636703491210938,-7.234256744384766,7.234256744384766
Ridge,12:55:42/scan-015,12:55:42,13CO2,0.41237199306488037,0.3668621778488159,-0.04550981521606445,0.04550981521606445
Ridge,12:55:42/scan-015,12:55:42,12CO2,36.8709602355957,32.80162048339844,-4.069339752197266,4.069339752197266
Ridge,12:55:42/scan-016,12:55:42,13CO2,0.41237199306488037,0.3367220163345337,-0.07564997673034668,0.07564997673034668
Ridge,12:55:42/scan-016,12:55:42,12CO2,36.8709602355957,30.107192993164062,-6.763767242431641,6.763767242431641
Ridge,12:55:42/scan-017,12:55:42,13CO2,0.41237199306488037,0.2689399719238281,-0.14343202114105225,0.14343202114105225
Ridge,12:55:42/scan-017,12:55:42,12CO2,36.8709602355957,24.046829223632812,-12.82413101196289,12.82413101196289
Ridge,12:55:42/scan-018,12:55:42,13CO2,0.41237199306488037,0.36033594608306885,-0.05203604698181152,0.05203604698181152
Ridge,12:55:42/scan-018,12:55:42,12CO2,36.8709602355957,32.219078063964844,-4.651882171630859,4.651882171630859
Ridge,12:55:42/scan-019,12:55:42,13CO2,0.41237199306488037,0.4111880660057068,-0.001183927059173584,0.001183927059173584
Ridge,12:55:42/scan-019,12:55:42,12CO2,36.8709602355957,36.764503479003906,-0.10645675659179688,0.10645675659179688
Ridge,13:05:15/scan-000,13:05:15,13CO2,0.8247429728507996,0.40691959857940674,-0.4178233742713928,0.4178233742713928
Ridge,13:05:15/scan-000,13:05:15,12CO2,73.7419204711914,36.384796142578125,-37.35712432861328,37.35712432861328
Ridge,13:05:15/scan-001,13:05:15,13CO2,0.8247429728507996,0.3590630888938904,-0.4656798839569092,0.4656798839569092
Ridge,13:05:15/scan-001,13:05:15,12CO2,73.7419204711914,32.105224609375,-41.636695861816406,41.636695861816406
Ridge,13:05:15/scan-002,13:05:15,13CO2,0.8247429728507996,0.8193821907043457,-0.005360782146453857,0.005360782146453857
Ridge,13:05:15/scan-002,13:05:15,12CO2,73.7419204711914,73.263427734375,-0.47849273681640625,0.47849273681640625
Ridge,13:05:15/scan-003,13:05:15,13CO2,0.8247429728507996,0.9553613066673279,0.13061833381652832,0.13061833381652832
Ridge,13:05:15/scan-003,13:05:15,12CO2,73.7419204711914,85.42121887207031,11.679298400878906,11.679298400878906
Ridge,13:05:15/scan-004,13:05:15,13CO2,0.8247429728507996,0.8233017921447754,-0.00144118070602417,0.00144118070602417
Ridge,13:05:15/scan-004,13:05:15,12CO2,73.7419204711914,73.61248779296875,-0.12943267822265625,0.12943267822265625
Ridge,13:05:15/scan-005,13:05:15,13CO2,0.8247429728507996,0.9608980417251587,0.13615506887435913,0.13615506887435913
Ridge,13:05:15/scan-005,13:05:15,12CO2,73.7419204711914,85.91545867919922,12.173538208007812,12.173538208007812
Ridge,13:05:15/scan-006,13:05:15,13CO2,0.8247429728507996,1.0389153957366943,0.21417242288589478,0.21417242288589478
Ridge,13:05:15/scan-006,13:05:15,12CO2,73.7419204711914,92.89253234863281,19.150611877441406,19.150611877441406
Ridge,13:05:15/scan-007,13:05:15,13CO2,0.8247429728507996,1.000640869140625,0.17589789628982544,0.17589789628982544
Ridge,13:05:15/scan-007,13:05:15,12CO2,73.7419204711914,89.46939086914062,15.727470397949219,15.727470397949219
Ridge,13:05:15/scan-008,13:05:15,13CO2,0.8247429728507996,1.060198187828064,0.2354552149772644,0.2354552149772644
Ridge,13:05:15/scan-008,13:05:15,12CO2,73.7419204711914,94.7944107055664,21.052490234375,21.052490234375
Ridge,13:05:15/scan-009,13:05:15,13CO2,0.8247429728507996,0.4304482936859131,-0.3942946791648865,0.3942946791648865
Ridge,13:05:15/scan-009,13:05:15,12CO2,73.7419204711914,38.48693084716797,-35.25498962402344,35.25498962402344
Ridge,13:05:15/scan-010,13:05:15,13CO2,0.8247429728507996,1.0863924026489258,0.2616494297981262,0.2616494297981262
Ridge,13:05:15/scan-010,13:05:15,12CO2,73.7419204711914,97.13661193847656,23.394691467285156,23.394691467285156
Ridge,13:05:15/scan-011,13:05:15,13CO2,0.8247429728507996,0.909856915473938,0.08511394262313843,0.08511394262313843
Ridge,13:05:15/scan-011,13:05:15,12CO2,73.7419204711914,81.3536376953125,7.611717224121094,7.611717224121094
Ridge,13:05:15/scan-012,13:05:15,13CO2,0.8247429728507996,0.9866403341293335,0.16189736127853394,0.16189736127853394
Ridge,13:05:15/scan-012,13:05:15,12CO2,73.7419204711914,88.21855163574219,14.476631164550781,14.476631164550781
Ridge,13:05:15/scan-013,13:05:15,13CO2,0.8247429728507996,0.9172691106796265,0.0925261378288269,0.0925261378288269
Ridge,13:05:15/scan-013,13:05:15,12CO2,73.7419204711914,82.01457977294922,8.272659301757812,8.272659301757812
Ridge,13:05:15/scan-014,13:05:15,13CO2,0.8247429728507996,0.8688539266586304,0.04411095380783081,0.04411095380783081
Ridge,13:05:15/scan-014,13:05:15,12CO2,73.7419204711914,77.68695068359375,3.9450302124023438,3.9450302124023438
Ridge,13:05:15/scan-015,13:05:15,13CO2,0.8247429728507996,1.1897649765014648,0.3650220036506653,0.3650220036506653
Ridge,13:05:15/scan-015,13:05:15,12CO2,73.7419204711914,106.38034057617188,32.63842010498047,32.63842010498047
Ridge,13:05:15/scan-016,13:05:15,13CO2,0.8247429728507996,1.0717705488204956,0.24702757596969604,0.24702757596969604
Ridge,13:05:15/scan-016,13:05:15,12CO2,73.7419204711914,95.82832336425781,22.086402893066406,22.086402893066406
Ridge,13:05:15/scan-017,13:05:15,13CO2,0.8247429728507996,0.989810585975647,0.1650676131248474,0.1650676131248474
Ridge,13:05:15/scan-017,13:05:15,12CO2,73.7419204711914,88.50169372558594,14.759773254394531,14.759773254394531
Ridge,13:05:15/scan-018,13:05:15,13CO2,0.8247429728507996,0.8619736433029175,0.03723067045211792,0.03723067045211792
Ridge,13:05:15/scan-018,13:05:15,12CO2,73.7419204711914,77.07133483886719,3.3294143676757812,3.3294143676757812
Ridge,13:05:15/scan-019,13:05:15,13CO2,0.8247429728507996,0.911420464515686,0.08667749166488647,0.08667749166488647
Ridge,13:05:15/scan-019,13:05:15,12CO2,73.7419204711914,81.49181365966797,7.7498931884765625,7.7498931884765625
Ridge,13:14:37/scan-000,13:14:37,13CO2,1.2371150255203247,0.8785732984542847,-0.35854172706604004,0.35854172706604004
Ridge,13:14:37/scan-000,13:14:37,12CO2,110.61288452148438,78.55509948730469,-32.05778503417969,32.05778503417969
Ridge,13:14:37/scan-001,13:14:37,13CO2,1.2371150255203247,0.9705429077148438,-0.26657211780548096,0.26657211780548096
Ridge,13:14:37/scan-001,13:14:37,12CO2,110.61288452148438,86.7774658203125,-23.835418701171875,23.835418701171875
Ridge,13:14:37/scan-002,13:14:37,13CO2,1.2371150255203247,1.1823092699050903,-0.054805755615234375,0.054805755615234375
Ridge,13:14:37/scan-002,13:14:37,12CO2,110.61288452148438,105.71308898925781,-4.8997955322265625,4.8997955322265625
Ridge,13:14:37/scan-003,13:14:37,13CO2,1.2371150255203247,1.3765244483947754,0.13940942287445068,0.13940942287445068
Ridge,13:14:37/scan-003,13:14:37,12CO2,110.61288452148438,123.07809448242188,12.4652099609375,12.4652099609375
Ridge,13:14:37/scan-004,13:14:37,13CO2,1.2371150255203247,0.9988157749176025,-0.23829925060272217,0.23829925060272217
Ridge,13:14:37/scan-004,13:14:37,12CO2,110.61288452148438,89.30540466308594,-21.307479858398438,21.307479858398438
Ridge,13:14:37/scan-005,13:14:37,13CO2,1.2371150255203247,1.3367818593978882,0.09966683387756348,0.09966683387756348
Ridge,13:14:37/scan-005,13:14:37,12CO2,110.61288452148438,119.5237808227539,8.910896301269531,8.910896301269531
Ridge,13:14:37/scan-006,13:14:37,13CO2,1.2371150255203247,1.2638962268829346,0.026781201362609863,0.026781201362609863
Ridge,13:14:37/scan-006,13:14:37,12CO2,110.61288452148438,113.00801849365234,2.3951339721679688,2.3951339721679688
Ridge,13:14:37/scan-007,13:14:37,13CO2,1.2371150255203247,1.2268670797348022,-0.010247945785522461,0.010247945785522461
Ridge,13:14:37/scan-007,13:14:37,12CO2,110.61288452148438,109.69647216796875,-0.916412353515625,0.916412353515625
Ridge,13:14:37/scan-008,13:14:37,13CO2,1.2371150255203247,1.2015562057495117,-0.03555881977081299,0.03555881977081299
Ridge,13:14:37/scan-008,13:14:37,12CO2,110.61288452148438,107.43284606933594,-3.1800384521484375,3.1800384521484375
Ridge,13:14:37/scan-009,13:14:37,13CO2,1.2371150255203247,1.1656888723373413,-0.0714261531829834,0.0714261531829834
Ridge,13:14:37/scan-009,13:14:37,12CO2,110.61288452148438,104.22659301757812,-6.38629150390625,6.38629150390625
Ridge,13:14:37/scan-010,13:14:37,13CO2,1.2371150255203247,1.1502001285552979,-0.08691489696502686,0.08691489696502686
Ridge,13:14:37/scan-010,13:14:37,12CO2,110.61288452148438,102.8414306640625,-7.771453857421875,7.771453857421875
Ridge,13:14:37/scan-011,13:14:37,13CO2,1.2371150255203247,1.2908905744552612,0.05377554893493652,0.05377554893493652
Ridge,13:14:37/scan-011,13:14:37,12CO2,110.61288452148438,115.42101287841797,4.808128356933594,4.808128356933594
Ridge,13:14:37/scan-012,13:14:37,13CO2,1.2371150255203247,1.3394453525543213,0.10233032703399658,0.10233032703399658
Ridge,13:14:37/scan-012,13:14:37,12CO2,110.61288452148438,119.76290893554688,9.1500244140625,9.1500244140625
Ridge,13:14:37/scan-013,13:14:37,13CO2,1.2371150255203247,1.2906577587127686,0.05354273319244385,0.05354273319244385
Ridge,13:14:37/scan-013,13:14:37,12CO2,110.61288452148438,115.39981079101562,4.78692626953125,4.78692626953125
Ridge,13:14:37/scan-014,13:14:37,13CO2,1.2371150255203247,1.4193440675735474,0.18222904205322266,0.18222904205322266
Ridge,13:14:37/scan-014,13:14:37,12CO2,110.61288452148438,126.9070053100586,16.29412078857422,16.29412078857422
Ridge,13:14:37/scan-015,13:14:37,13CO2,1.2371150255203247,1.44398832321167,0.20687329769134521,0.20687329769134521
Ridge,13:14:37/scan-015,13:14:37,12CO2,110.61288452148438,129.10922241210938,18.496337890625,18.496337890625
Ridge,13:14:37/scan-016,13:14:37,13CO2,1.2371150255203247,1.3907774686813354,0.15366244316101074,0.15366244316101074
Ridge,13:14:37/scan-016,13:14:37,12CO2,110.61288452148438,124.35135650634766,13.738471984863281,13.738471984863281
Ridge,13:14:37/scan-017,13:14:37,13CO2,1.2371150255203247,1.2150073051452637,-0.022107720375061035,0.022107720375061035
Ridge,13:14:37/scan-017,13:14:37,12CO2,110.61288452148438,108.63668823242188,-1.9761962890625,1.9761962890625
Ridge,13:14:37/scan-018,13:14:37,13CO2,1.2371150255203247,1.3434970378875732,0.10638201236724854,0.10638201236724854
Ridge,13:14:37/scan-018,13:14:37,12CO2,110.61288452148438,120.12506103515625,9.512176513671875,9.512176513671875
Ridge,13:14:37/scan-019,13:14:37,13CO2,1.2371150255203247,1.4311342239379883,0.19401919841766357,0.19401919841766357
Ridge,13:14:37/scan-019,13:14:37,12CO2,110.61288452148438,127.96009063720703,17.347206115722656,17.347206115722656
Ridge,13:24:02/scan-000,13:24:02,13CO2,1.649487018585205,1.3754841089248657,-0.27400290966033936,0.27400290966033936
Ridge,13:24:02/scan-000,13:24:02,12CO2,147.4838409423828,122.98435974121094,-24.499481201171875,24.499481201171875
Ridge,13:24:02/scan-001,13:24:02,13CO2,1.649487018585205,1.194159746170044,-0.45532727241516113,0.45532727241516113
Ridge,13:24:02/scan-001,13:24:02,12CO2,147.4838409423828,106.7729263305664,-40.710914611816406,40.710914611816406
Ridge,13:24:02/scan-002,13:24:02,13CO2,1.649487018585205,1.3408786058425903,-0.30860841274261475,0.30860841274261475
Ridge,13:24:02/scan-002,13:24:02,12CO2,147.4838409423828,119.89083862304688,-27.593002319335938,27.593002319335938
Ridge,13:24:02/scan-003,13:24:02,13CO2,1.649487018585205,1.2650902271270752,-0.3843967914581299,0.3843967914581299
Ridge,13:24:02/scan-003,13:24:02,12CO2,147.4838409423828,113.11457824707031,-34.3692626953125,34.3692626953125
Ridge,13:24:02/scan-004,13:24:02,13CO2,1.649487018585205,1.7534472942352295,0.10396027565002441,0.10396027565002441
Ridge,13:24:02/scan-004,13:24:02,12CO2,147.4838409423828,156.77911376953125,9.295272827148438,9.295272827148438
Ridge,13:24:02/scan-005,13:24:02,13CO2,1.649487018585205,1.5027886629104614,-0.14669835567474365,0.14669835567474365
Ridge,13:24:02/scan-005,13:24:02,12CO2,147.4838409423828,134.3672637939453,-13.1165771484375,13.1165771484375
Ridge,13:24:02/scan-006,13:24:02,13CO2,1.649487018585205,1.711930751800537,0.06244373321533203,0.06244373321533203
Ridge,13:24:02/scan-006,13:24:02,12CO2,147.4838409423828,153.06765747070312,5.5838165283203125,5.5838165283203125
Ridge,13:24:02/scan-007,13:24:02,13CO2,1.649487018585205,1.4304020404815674,-0.2190849781036377,0.2190849781036377
Ridge,13:24:02/scan-007,13:24:02,12CO2,147.4838409423828,127.89497375488281,-19.5888671875,19.5888671875
Ridge,13:24:02/scan-008,13:24:02,13CO2,1.649487018585205,1.6858394145965576,0.03635239601135254,0.03635239601135254
Ridge,13:24:02/scan-008,13:24:02,12CO2,147.4838409423828,150.734375,3.2505340576171875,3.2505340576171875
Ridge,13:24:02/scan-009,13:24:02,13CO2,1.649487018585205,1.4367109537124634,-0.2127760648727417,0.2127760648727417
Ridge,13:24:02/scan-009,13:24:02,12CO2,147.4838409423828,128.46072387695312,-19.023117065429688,19.023117065429688
Ridge,13:24:02/scan-010,13:24:02,13CO2,1.649487018585205,1.3819773197174072,-0.26750969886779785,0.26750969886779785
Ridge,13:24:02/scan-010,13:24:02,12CO2,147.4838409423828,123.56546783447266,-23.918373107910156,23.918373107910156
Ridge,13:24:02/scan-011,13:24:02,13CO2,1.649487018585205,1.6836392879486084,0.03415226936340332,0.03415226936340332
Ridge,13:24:02/scan-011,13:24:02,12CO2,147.4838409423828,150.53683471679688,3.0529937744140625,3.0529937744140625
Ridge,13:24:02/scan-012,13:24:02,13CO2,1.649487018585205,1.682120442390442,0.032633423805236816,0.032633423805236816
Ridge,13:24:02/scan-012,13:24:02,12CO2,147.4838409423828,150.40185546875,2.9180145263671875,2.9180145263671875
Ridge,13:24:02/scan-013,13:24:02,13CO2,1.649487018585205,1.8555288314819336,0.20604181289672852,0.20604181289672852
Ridge,13:24:02/scan-013,13:24:02,12CO2,147.4838409423828,165.90673828125,18.422897338867188,18.422897338867188
Ridge,13:24:02/scan-014,13:24:02,13CO2,1.649487018585205,1.7208997011184692,0.07141268253326416,0.07141268253326416
Ridge,13:24:02/scan-014,13:24:02,12CO2,147.4838409423828,153.8700714111328,6.38623046875,6.38623046875
Ridge,13:24:02/scan-015,13:24:02,13CO2,1.649487018585205,1.6513991355895996,0.0019121170043945312,0.0019121170043945312
Ridge,13:24:02/scan-015,13:24:02,12CO2,147.4838409423828,147.65545654296875,0.1716156005859375,0.1716156005859375
Ridge,13:24:02/scan-016,13:24:02,13CO2,1.649487018585205,1.8037190437316895,0.15423202514648438,0.15423202514648438
Ridge,13:24:02/scan-016,13:24:02,12CO2,147.4838409423828,161.27593994140625,13.792098999023438,13.792098999023438
Ridge,13:24:02/scan-017,13:24:02,13CO2,1.649487018585205,1.713973879814148,0.06448686122894287,0.06448686122894287
Ridge,13:24:02/scan-017,13:24:02,12CO2,147.4838409423828,153.25030517578125,5.7664642333984375,5.7664642333984375
Ridge,13:24:02/scan-018,13:24:02,13CO2,1.649487018585205,1.6393852233886719,-0.010101795196533203,0.010101795196533203
Ridge,13:24:02/scan-018,13:24:02,12CO2,147.4838409423828,146.58102416992188,-0.9028167724609375,0.9028167724609375
Ridge,13:24:02/scan-019,13:24:02,13CO2,1.649487018585205,1.7527645826339722,0.10327756404876709,0.10327756404876709
Ridge,13:24:02/scan-019,13:24:02,12CO2,147.4838409423828,156.7177276611328,9.23388671875,9.23388671875
Ridge,13:33:30/scan-000,13:33:30,13CO2,2.0618579387664795,1.768914818763733,-0.2929431200027466,0.2929431200027466
Ridge,13:33:30/scan-000,13:33:30,12CO2,184.3548126220703,158.16030883789062,-26.194503784179688,26.194503784179688
Ridge,13:33:30/scan-001,13:33:30,13CO2,2.0618579387664795,1.7964835166931152,-0.26537442207336426,0.26537442207336426
Ridge,13:33:30/scan-001,13:33:30,12CO2,184.3548126220703,160.62860107421875,-23.726211547851562,23.726211547851562
Ridge,13:33:30/scan-002,13:33:30,13CO2,2.0618579387664795,1.9339594841003418,-0.1278984546661377,0.1278984546661377
Ridge,13:33:30/scan-002,13:33:30,12CO2,184.3548126220703,172.91912841796875,-11.435684204101562,11.435684204101562
Ridge,13:33:30/scan-003,13:33:30,13CO2,2.0618579387664795,2.1126344203948975,0.05077648162841797,0.05077648162841797
Ridge,13:33:30/scan-003,13:33:30,12CO2,184.3548126220703,188.89605712890625,4.5412445068359375,4.5412445068359375
Ridge,13:33:30/scan-004,13:33:30,13CO2,2.0618579387664795,2.1995723247528076,0.13771438598632812,0.13771438598632812
Ridge,13:33:30/scan-004,13:33:30,12CO2,184.3548126220703,196.66635131835938,12.311538696289062,12.311538696289062
Ridge,13:33:30/scan-005,13:33:30,13CO2,2.0618579387664795,1.9164913892745972,-0.14536654949188232,0.14536654949188232
Ridge,13:33:30/scan-005,13:33:30,12CO2,184.3548126220703,171.35635375976562,-12.998458862304688,12.998458862304688
Ridge,13:33:30/scan-006,13:33:30,13CO2,2.0618579387664795,1.9845170974731445,-0.07734084129333496,0.07734084129333496
Ridge,13:33:30/scan-006,13:33:30,12CO2,184.3548126220703,177.43936157226562,-6.9154510498046875,6.9154510498046875
Ridge,13:33:30/scan-007,13:33:30,13CO2,2.0618579387664795,2.2000317573547363,0.13817381858825684,0.13817381858825684
Ridge,13:33:30/scan-007,13:33:30,12CO2,184.3548126220703,196.71002197265625,12.355209350585938,12.355209350585938
Ridge,13:33:30/scan-008,13:33:30,13CO2,2.0618579387664795,2.3640990257263184,0.30224108695983887,0.30224108695983887
Ridge,13:33:30/scan-008,13:33:30,12CO2,184.3548126220703,211.37808227539062,27.023269653320312,27.023269653320312
Ridge,13:33:30/scan-009,13:33:30,13CO2,2.0618579387664795,2.279526948928833,0.21766901016235352,0.21766901016235352
Ridge,13:33:30/scan-009,13:33:30,12CO2,184.3548126220703,203.81695556640625,19.462142944335938,19.462142944335938
Ridge,13:33:30/scan-010,13:33:30,13CO2,2.0618579387664795,2.213130235671997,0.15127229690551758,0.15127229690551758
Ridge,13:33:30/scan-010,13:33:30,12CO2,184.3548126220703,197.88070678710938,13.525894165039062,13.525894165039062
Ridge,13:33:30/scan-011,13:33:30,13CO2,2.0618579387664795,2.1017799377441406,0.03992199897766113,0.03992199897766113
Ridge,13:33:30/scan-011,13:33:30,12CO2,184.3548126220703,187.9249267578125,3.5701141357421875,3.5701141357421875
Ridge,13:33:30/scan-012,13:33:30,13CO2,2.0618579387664795,2.1015825271606445,0.03972458839416504,0.03972458839416504
Ridge,13:33:30/scan-012,13:33:30,12CO2,184.3548126220703,187.90478515625,3.5499725341796875,3.5499725341796875
Ridge,13:33:30/scan-013,13:33:30,13CO2,2.0618579387664795,2.4553604125976562,0.39350247383117676,0.39350247383117676
Ridge,13:33:30/scan-013,13:33:30,12CO2,184.3548126220703,219.54019165039062,35.18537902832031,35.18537902832031
Ridge,13:33:30/scan-014,13:33:30,13CO2,2.0618579387664795,2.0773632526397705,0.015505313873291016,0.015505313873291016
Ridge,13:33:30/scan-014,13:33:30,12CO2,184.3548126220703,185.73956298828125,1.3847503662109375,1.3847503662109375
Ridge,13:33:30/scan-015,13:33:30,13CO2,2.0618579387664795,2.1511383056640625,0.08928036689758301,0.08928036689758301
Ridge,13:33:30/scan-015,13:33:30,12CO2,184.3548126220703,192.3370361328125,7.9822235107421875,7.9822235107421875
Ridge,13:33:30/scan-016,13:33:30,13CO2,2.0618579387664795,2.3779475688934326,0.3160896301269531,0.3160896301269531
Ridge,13:33:30/scan-016,13:33:30,12CO2,184.3548126220703,212.61526489257812,28.260452270507812,28.260452270507812
Ridge,13:33:30/scan-017,13:33:30,13CO2,2.0618579387664795,2.211449146270752,0.14959120750427246,0.14959120750427246
Ridge,13:33:30/scan-017,13:33:30,12CO2,184.3548126220703,197.73028564453125,13.375473022460938,13.375473022460938
Ridge,13:33:30/scan-018,13:33:30,13CO2,2.0618579387664795,2.075761079788208,0.013903141021728516,0.013903141021728516
Ridge,13:33:30/scan-018,13:33:30,12CO2,184.3548126220703,185.59739685058594,1.242584228515625,1.242584228515625
Ridge,13:33:30/scan-019,13:33:30,13CO2,2.0618579387664795,2.1015706062316895,0.03971266746520996,0.03971266746520996
Ridge,13:33:30/scan-019,13:33:30,12CO2,184.3548126220703,187.90576171875,3.5509490966796875,3.5509490966796875
Ridge,13:43:08/scan-000,13:43:08,13CO2,2.4742300510406494,2.00415301322937,-0.4700770378112793,0.4700770378112793
Ridge,13:43:08/scan-000,13:43:08,12CO2,221.22576904296875,179.19577026367188,-42.029998779296875,42.029998779296875
Ridge,13:43:08/scan-001,13:43:08,13CO2,2.4742300510406494,1.9764399528503418,-0.4977900981903076,0.4977900981903076
Ridge,13:43:08/scan-001,13:43:08,12CO2,221.22576904296875,176.71731567382812,-44.508453369140625,44.508453369140625
Ridge,13:43:08/scan-002,13:43:08,13CO2,2.4742300510406494,2.4525887966156006,-0.021641254425048828,0.021641254425048828
Ridge,13:43:08/scan-002,13:43:08,12CO2,221.22576904296875,219.29129028320312,-1.934478759765625,1.934478759765625
Ridge,13:43:08/scan-003,13:43:08,13CO2,2.4742300510406494,2.4400010108947754,-0.03422904014587402,0.03422904014587402
Ridge,13:43:08/scan-003,13:43:08,12CO2,221.22576904296875,218.16232299804688,-3.063446044921875,3.063446044921875
Ridge,13:43:08/scan-004,13:43:08,13CO2,2.4742300510406494,2.430086135864258,-0.0441439151763916,0.0441439151763916
Ridge,13:43:08/scan-004,13:43:08,12CO2,221.22576904296875,217.27572631835938,-3.950042724609375,3.950042724609375
Ridge,13:43:08/scan-005,13:43:08,13CO2,2.4742300510406494,2.4326374530792236,-0.04159259796142578,0.04159259796142578
Ridge,13:43:08/scan-005,13:43:08,12CO2,221.22576904296875,217.505615234375,-3.72015380859375,3.72015380859375
Ridge,13:43:08/scan-006,13:43:08,13CO2,2.4742300510406494,2.324678897857666,-0.1495511531829834,0.1495511531829834
Ridge,13:43:08/scan-006,13:43:08,12CO2,221.22576904296875,207.85330200195312,-13.372467041015625,13.372467041015625
Ridge,13:43:08/scan-007,13:43:08,13CO2,2.4742300510406494,2.0590314865112305,-0.41519856452941895,0.41519856452941895
Ridge,13:43:08/scan-007,13:43:08,12CO2,221.22576904296875,184.1020050048828,-37.12376403808594,37.12376403808594
Ridge,13:43:08/scan-008,13:43:08,13CO2,2.4742300510406494,2.235386610031128,-0.23884344100952148,0.23884344100952148
Ridge,13:43:08/scan-008,13:43:08,12CO2,221.22576904296875,199.86822509765625,-21.3575439453125,21.3575439453125
Ridge,13:43:08/scan-009,13:43:08,13CO2,2.4742300510406494,2.329864025115967,-0.14436602592468262,0.14436602592468262
Ridge,13:43:08/scan-009,13:43:08,12CO2,221.22576904296875,208.31686401367188,-12.908905029296875,12.908905029296875
Ridge,13:43:08/scan-010,13:43:08,13CO2,2.4742300510406494,2.330146312713623,-0.14408373832702637,0.14408373832702637
Ridge,13:43:08/scan-010,13:43:08,12CO2,221.22576904296875,208.342529296875,-12.88323974609375,12.88323974609375
Ridge,13:43:08/scan-011,13:43:08,13CO2,2.4742300510406494,2.335662841796875,-0.13856720924377441,0.13856720924377441
Ridge,13:43:08/scan-011,13:43:08,12CO2,221.22576904296875,208.83444213867188,-12.391326904296875,12.391326904296875
Ridge,13:43:08/scan-012,13:43:08,13CO2,2.4742300510406494,2.4058775901794434,-0.06835246086120605,0.06835246086120605
Ridge,13:43:08/scan-012,13:43:08,12CO2,221.22576904296875,215.11288452148438,-6.112884521484375,6.112884521484375
Ridge,13:43:08/scan-013,13:43:08,13CO2,2.4742300510406494,2.6826725006103516,0.20844244956970215,0.20844244956970215
Ridge,13:43:08/scan-013,13:43:08,12CO2,221.22576904296875,239.86187744140625,18.6361083984375,18.6361083984375
Ridge,13:43:08/scan-014,13:43:08,13CO2,2.4742300510406494,2.348465919494629,-0.1257641315460205,0.1257641315460205
Ridge,13:43:08/scan-014,13:43:08,12CO2,221.22576904296875,209.97918701171875,-11.24658203125,11.24658203125
Ridge,13:43:08/scan-015,13:43:08,13CO2,2.4742300510406494,2.444478988647461,-0.029751062393188477,0.029751062393188477
Ridge,13:43:08/scan-015,13:43:08,12CO2,221.22576904296875,218.56365966796875,-2.662109375,2.662109375
Ridge,13:43:08/scan-016,13:43:08,13CO2,2.4742300510406494,2.40476393699646,-0.06946611404418945,0.06946611404418945
Ridge,13:43:08/scan-016,13:43:08,12CO2,221.22576904296875,215.01364135742188,-6.212127685546875,6.212127685546875
Ridge,13:43:08/scan-017,13:43:08,13CO2,2.4742300510406494,2.129520893096924,-0.3447091579437256,0.3447091579437256
Ridge,13:43:08/scan-017,13:43:08,12CO2,221.22576904296875,190.40390014648438,-30.821868896484375,30.821868896484375
Ridge,13:43:08/scan-018,13:43:08,13CO2,2.4742300510406494,2.4194529056549072,-0.05477714538574219,0.05477714538574219
Ridge,13:43:08/scan-018,13:43:08,12CO2,221.22576904296875,216.32992553710938,-4.895843505859375,4.895843505859375
Ridge,13:43:08/scan-019,13:43:08,13CO2,2.4742300510406494,2.0982141494750977,-0.37601590156555176,0.37601590156555176
Ridge,13:43:08/scan-019,13:43:08,12CO2,221.22576904296875,187.60284423828125,-33.6229248046875,33.6229248046875
RandomForest,12:46:00/scan-000,12:46:00,13CO2,0.0,0.7305162313282488,0.7305162313282488,0.7305162313282488
RandomForest,12:46:00/scan-000,12:46:00,12CO2,0.0,65.31690615463256,65.31690615463256,65.31690615463256
RandomForest,12:46:00/scan-001,12:46:00,13CO2,0.0,0.4360145994822184,0.4360145994822184,0.4360145994822184
RandomForest,12:46:00/scan-001,12:46:00,12CO2,0.0,38.984895301818845,38.984895301818845,38.984895301818845
RandomForest,12:46:00/scan-002,12:46:00,13CO2,0.0,0.41567096090316774,0.41567096090316774,0.41567096090316774
RandomForest,12:46:00/scan-002,12:46:00,12CO2,0.0,37.16592791748047,37.16592791748047,37.16592791748047
RandomForest,12:46:00/scan-003,12:46:00,13CO2,0.0,0.41237199306488037,0.41237199306488037,0.41237199306488037
RandomForest,12:46:00/scan-003,12:46:00,12CO2,0.0,36.8709602355957,36.8709602355957,36.8709602355957
RandomForest,12:46:00/scan-004,12:46:00,13CO2,0.0,0.41649570286273957,0.41649570286273957,0.41649570286273957
RandomForest,12:46:00/scan-004,12:46:00,12CO2,0.0,37.23966983795166,37.23966983795166,37.23966983795166
RandomForest,12:46:00/scan-005,12:46:00,13CO2,0.0,0.4131967350244522,0.4131967350244522,0.4131967350244522
RandomForest,12:46:00/scan-005,12:46:00,12CO2,0.0,36.944702156066896,36.944702156066896,36.944702156066896
RandomForest,12:46:00/scan-006,12:46:00,13CO2,0.0,0.4131967350244522,0.4131967350244522,0.4131967350244522
RandomForest,12:46:00/scan-006,12:46:00,12CO2,0.0,36.944702156066896,36.944702156066896,36.944702156066896
RandomForest,12:46:00/scan-007,12:46:00,13CO2,0.0,0.41567096090316774,0.41567096090316774,0.41567096090316774
RandomForest,12:46:00/scan-007,12:46:00,12CO2,0.0,37.16592791748047,37.16592791748047,37.16592791748047
RandomForest,12:46:00/scan-008,12:46:00,13CO2,0.0,0.4173204448223114,0.4173204448223114,0.4173204448223114
RandomForest,12:46:00/scan-008,12:46:00,12CO2,0.0,37.31341175842285,37.31341175842285,37.31341175842285
RandomForest,12:46:00/scan-009,12:46:00,13CO2,0.0,0.42721734833717345,0.42721734833717345,0.42721734833717345
RandomForest,12:46:00/scan-009,12:46:00,12CO2,0.0,38.19831480407715,38.19831480407715,38.19831480407715
RandomForest,12:46:00/scan-010,12:46:00,13CO2,0.0,0.41237199306488037,0.41237199306488037,0.41237199306488037
RandomForest,12:46:00/scan-010,12:46:00,12CO2,0.0,36.8709602355957,36.8709602355957,36.8709602355957
RandomForest,12:46:00/scan-011,12:46:00,13CO2,0.0,0.41237199306488037,0.41237199306488037,0.41237199306488037
RandomForest,12:46:00/scan-011,12:46:00,12CO2,0.0,36.8709602355957,36.8709602355957,36.8709602355957
RandomForest,12:46:00/scan-012,12:46:00,13CO2,0.0,0.4131967350244522,0.4131967350244522,0.4131967350244522
RandomForest,12:46:00/scan-012,12:46:00,12CO2,0.0,36.944702156066896,36.944702156066896,36.944702156066896
RandomForest,12:46:00/scan-013,12:46:00,13CO2,0.0,0.43134105813503265,0.43134105813503265,0.43134105813503265
RandomForest,12:46:00/scan-013,12:46:00,12CO2,0.0,38.567024406433106,38.567024406433106,38.567024406433106
RandomForest,12:46:00/scan-014,12:46:00,13CO2,0.0,0.41402147698402403,0.41402147698402403,0.41402147698402403
RandomForest,12:46:00/scan-014,12:46:00,12CO2,0.0,37.01844407653809,37.01844407653809,37.01844407653809
RandomForest,12:46:00/scan-015,12:46:00,13CO2,0.0,0.6492791472375393,0.6492791472375393,0.6492791472375393
RandomForest,12:46:00/scan-015,12:46:00,12CO2,0.0,58.053326984405516,58.053326984405516,58.053326984405516
RandomForest,12:46:00/scan-016,12:46:00,13CO2,0.0,0.4317534301877022,0.4317534301877022,0.4317534301877022
RandomForest,12:46:00/scan-016,12:46:00,12CO2,0.0,38.6038953704834,38.6038953704834,38.6038953704834
RandomForest,12:46:00/scan-017,12:46:00,13CO2,0.0,0.41402147698402403,0.41402147698402403,0.41402147698402403
RandomForest,12:46:00/scan-017,12:46:00,12CO2,0.0,37.01844407653809,37.01844407653809,37.01844407653809
RandomForest,12:46:00/scan-018,12:46:00,13CO2,0.0,0.4131967350244522,0.4131967350244522,0.4131967350244522
RandomForest,12:46:00/scan-018,12:46:00,12CO2,0.0,36.944702156066896,36.944702156066896,36.944702156066896
RandomForest,12:46:00/scan-019,12:46:00,13CO2,0.0,0.4148462189435959,0.4148462189435959,0.4148462189435959
RandomForest,12:46:00/scan-019,12:46:00,12CO2,0.0,37.092185997009274,37.092185997009274,37.092185997009274
RandomForest,12:55:42/scan-000,12:55:42,13CO2,0.41237199306488037,0.014845373511314392,-0.397526619553566,0.397526619553566
RandomForest,12:55:42/scan-000,12:55:42,12CO2,36.8709602355957,1.3273545684814454,-35.54360566711426,35.54360566711426
RandomForest,12:55:42/scan-001,12:55:42,13CO2,0.41237199306488037,0.01814434540271759,-0.3942276476621628,0.3942276476621628
RandomForest,12:55:42/scan-001,12:55:42,12CO2,36.8709602355957,1.622322250366211,-35.24863798522949,35.24863798522949
RandomForest,12:55:42/scan-002,12:55:42,13CO2,0.41237199306488037,0.5982135892709095,0.18584159620602914,0.18584159620602914
RandomForest,12:55:42/scan-002,12:55:42,12CO2,36.8709602355957,53.487473114013675,16.61651287841797,16.61651287841797
RandomForest,12:55:42/scan-003,12:55:42,13CO2,0.41237199306488037,0.586529728035132,0.17415773497025167,0.17415773497025167
RandomForest,12:55:42/scan-003,12:55:42,12CO2,36.8709602355957,52.44279589080811,15.571835655212404,15.571835655212404
RandomForest,12:55:42/scan-004,12:55:42,13CO2,0.41237199306488037,0.48446777863303825,0.07209578556815788,0.07209578556815788
RandomForest,12:55:42/scan-004,12:55:42,12CO2,36.8709602355957,43.31723318862915,6.44627295303345,6.44627295303345
RandomForest,12:55:42/scan-005,12:55:42,13CO2,0.41237199306488037,0.5733338359395662,0.16096184287468585,0.16096184287468585
RandomForest,12:55:42/scan-005,12:55:42,12CO2,36.8709602355957,51.26292513275146,14.39196489715576,14.39196489715576
RandomForest,12:55:42/scan-006,12:55:42,13CO2,0.41237199306488037,0.6720968157152335,0.2597248226503531,0.2597248226503531
RandomForest,12:55:42/scan-006,12:55:42,12CO2,36.8709602355957,60.093520168304444,23.22255993270874,23.22255993270874
RandomForest,12:55:42/scan-007,12:55:42,13CO2,0.41237199306488037,0.5683853803674379,0.15601338730255754,0.15601338730255754
RandomForest,12:55:42/scan-007,12:55:42,12CO2,36.8709602355957,50.820473625183105,13.949513389587402,13.949513389587402
RandomForest,12:55:42/scan-008,12:55:42,13CO2,0.41237199306488037,0.6470108808875082,0.23463888782262787,0.23463888782262787
RandomForest,12:55:42/scan-008,12:55:42,12CO2,36.8709602355957,57.85053673553467,20.979576499938965,20.979576499938965
RandomForest,12:55:42/scan-009,12:55:42,13CO2,0.41237199306488037,0.4899660658737024,0.07759407280882202,0.07759407280882202
RandomForest,12:55:42/scan-009,12:55:42,12CO2,36.8709602355957,43.80884599685669,6.937885761260986,6.937885761260986
RandomForest,12:55:42/scan-010,12:55:42,13CO2,0.41237199306488037,0.6389009085098902,0.22652891544500986,0.22652891544500986
RandomForest,12:55:42/scan-010,12:55:42,12CO2,36.8709602355957,57.12540785217285,20.254447616577146,20.254447616577146
RandomForest,12:55:42/scan-011,12:55:42,13CO2,0.41237199306488037,0.47972550682226817,0.0673535137573878,0.0673535137573878
RandomForest,12:55:42/scan-011,12:55:42,12CO2,36.8709602355957,42.89321714782715,6.022256912231448,6.022256912231448
RandomForest,12:55:42/scan-012,12:55:42,13CO2,0.41237199306488037,0.6044678874115149,0.19209589434663454,0.19209589434663454
RandomForest,12:55:42/scan-012,12:55:42,12CO2,36.8709602355957,54.04668265914917,17.175722423553466,17.175722423553466
RandomForest,12:55:42/scan-013,12:55:42,13CO2,0.41237199306488037,0.5309283020794392,0.11855630901455882,0.11855630901455882
RandomForest,12:55:42/scan-013,12:55:42,12CO2,36.8709602355957,47.471361392974856,10.600401157379153,10.600401157379153
RandomForest,12:55:42/scan-014,12:55:42,13CO2,0.41237199306488037,0.4182821547786395,0.005910161713759132,0.005910161713759132
RandomForest,12:55:42/scan-014,12:55:42,12CO2,36.8709602355957,37.39944406890869,0.5284838333129898,0.5284838333129898
RandomForest,12:55:42/scan-015,12:55:42,13CO2,0.41237199306488037,0.632990251481533,0.2206182584166526,0.2206182584166526
RandomForest,12:55:42/scan-015,12:55:42,12CO2,36.8709602355957,56.59692409515381,19.725963859558107,19.725963859558107
RandomForest,12:55:42/scan-016,12:55:42,13CO2,0.41237199306488037,0.5209626554648082,0.10859066239992787,0.10859066239992787
RandomForest,12:55:42/scan-016,12:55:42,12CO2,36.8709602355957,46.58031317138672,9.709352935791017,9.709352935791017
RandomForest,12:55:42/scan-017,12:55:42,13CO2,0.41237199306488037,0.5568389742175738,0.1444669811526934,0.1444669811526934
RandomForest,12:55:42/scan-017,12:55:42,12CO2,36.8709602355957,49.788086708068846,12.917126472473143,12.917126472473143
RandomForest,12:55:42/scan-018,12:55:42,13CO2,0.41237199306488037,0.584330403625965,0.17195841056108463,0.17195841056108463
RandomForest,12:55:42/scan-018,12:55:42,12CO2,36.8709602355957,52.246150703430175,15.375190467834472,15.375190467834472
RandomForest,12:55:42/scan-019,12:55:42,13CO2,0.41237199306488037,0.6879043861528238,0.2755323930879434,0.2755323930879434
RandomForest,12:55:42/scan-019,12:55:42,12CO2,36.8709602355957,61.506906955718996,24.635946720123293,24.635946720123293
RandomForest,13:05:15/scan-000,13:05:15,13CO2,0.8247429728507996,0.37573961244026816,-0.4490033604105314,0.4490033604105314
RandomForest,13:05:15/scan-000,13:05:15,12CO2,73.7419204711914,33.59558994229635,-40.14633052889506,40.14633052889506
RandomForest,13:05:15/scan-001,13:05:15,13CO2,0.8247429728507996,0.2599318072398504,-0.5648111656109491,0.5648111656109491
RandomForest,13:05:15/scan-001,13:05:15,12CO2,73.7419204711914,23.24099529139201,-50.500925179799395,50.500925179799395
RandomForest,13:05:15/scan-002,13:05:15,13CO2,0.8247429728507996,0.801994343896707,-0.022748628954092576,0.022748628954092576
RandomForest,13:05:15/scan-002,13:05:15,12CO2,73.7419204711914,71.70787428601582,-2.0340461851755833,2.0340461851755833
RandomForest,13:05:15/scan-003,13:05:15,13CO2,0.8247429728507996,1.1176647479136783,0.29292177506287875,0.29292177506287875
RandomForest,13:05:15/scan-003,13:05:15,12CO2,73.7419204711914,99.93259574635823,26.190675275166825,26.190675275166825
RandomForest,13:05:15/scan-004,13:05:15,13CO2,0.8247429728507996,1.1157403414646783,0.2909973686138787,0.2909973686138787
RandomForest,13:05:15/scan-004,13:05:15,12CO2,73.7419204711914,99.76053127924601,26.018610808054603,26.018610808054603
RandomForest,13:05:15/scan-005,13:05:15,13CO2,0.8247429728507996,1.0134034767746924,0.18866050392389289,0.18866050392389289
RandomForest,13:05:15/scan-005,13:05:15,12CO2,73.7419204711914,90.6103875281016,16.86846705691019,16.86846705691019
RandomForest,13:05:15/scan-006,13:05:15,13CO2,0.8247429728507996,1.0753279376427332,0.2505849647919336,0.2505849647919336
RandomForest,13:05:15/scan-006,13:05:15,12CO2,73.7419204711914,96.14717696253459,22.40525649134318,22.40525649134318
RandomForest,13:05:15/scan-007,13:05:15,13CO2,0.8247429728507996,1.1425445000330607,0.3178015271822612,0.3178015271822612
RandomForest,13:05:15/scan-007,13:05:15,12CO2,73.7419204711914,102.15714373906451,28.415223267873102,28.415223267873102
RandomForest,13:05:15/scan-008,13:05:15,13CO2,0.8247429728507996,1.016152617673079,0.1914096448222795,0.1914096448222795
RandomForest,13:05:15/scan-008,13:05:15,12CO2,73.7419204711914,90.85619397036236,17.11427349917095,17.11427349917095
RandomForest,13:05:15/scan-009,13:05:15,13CO2,0.8247429728507996,1.0483176045219105,0.2235746316711109,0.2235746316711109
RandomForest,13:05:15/scan-009,13:05:15,12CO2,73.7419204711914,93.73212891451517,19.990208443323766,19.990208443323766
RandomForest,13:05:15/scan-010,13:05:15,13CO2,0.8247429728507996,1.0981458259820938,0.2734028531312942,0.2734028531312942
RandomForest,13:05:15/scan-010,13:05:15,12CO2,73.7419204711914,98.1873702392578,24.445449768066396,24.445449768066396
RandomForest,13:05:15/scan-011,13:05:15,13CO2,0.8247429728507996,1.1793830304145814,0.3546400575637818,0.3546400575637818
RandomForest,13:05:15/scan-011,13:05:15,12CO2,73.7419204711914,105.45094960403442,31.709029132843014,31.709029132843014
RandomForest,13:05:15/scan-012,13:05:15,13CO2,0.8247429728507996,1.1463933033943179,0.3216503305435183,0.3216503305435183
RandomForest,13:05:15/scan-012,13:05:15,12CO2,73.7419204711914,102.50127269999186,28.759352228800452,28.759352228800452
RandomForest,13:05:15/scan-013,13:05:15,13CO2,0.8247429728507996,1.1597266492446265,0.334983676393827,0.334983676393827
RandomForest,13:05:15/scan-013,13:05:15,12CO2,73.7419204711914,103.69343380482991,29.951513333638502,29.951513333638502
RandomForest,13:05:15/scan-014,13:05:15,13CO2,0.8247429728507996,1.1557403809229532,0.3309974080721536,0.3309974080721536
RandomForest,13:05:15/scan-014,13:05:15,12CO2,73.7419204711914,103.33701462809243,29.595094156901027,29.595094156901027
RandomForest,13:05:15/scan-015,13:05:15,13CO2,0.8247429728507996,1.2259810065031052,0.4012380336523056,0.4012380336523056
RandomForest,13:05:15/scan-015,13:05:15,12CO2,73.7419204711914,109.61736838912962,35.87544791793822,35.87544791793822
RandomForest,13:05:15/scan-016,13:05:15,13CO2,0.8247429728507996,1.2186957813103994,0.3939528084595998,0.3939528084595998
RandomForest,13:05:15/scan-016,13:05:15,12CO2,73.7419204711914,108.96598133214313,35.224060860951724,35.224060860951724
RandomForest,13:05:15/scan-017,13:05:15,13CO2,0.8247429728507996,1.1357403640548387,0.31099739120403913,0.31099739120403913
RandomForest,13:05:15/scan-017,13:05:15,12CO2,73.7419204711914,101.54877291170754,27.80685244051614,27.80685244051614
RandomForest,13:05:15/scan-018,13:05:15,13CO2,0.8247429728507996,1.1446063523689904,0.3198633795181909,0.3198633795181909
RandomForest,13:05:15/scan-018,13:05:15,12CO2,73.7419204711914,102.34149860254922,28.599578131357816,28.599578131357816
RandomForest,13:05:15/scan-019,13:05:15,13CO2,0.8247429728507996,1.1775960793892541,0.3528531065384546,0.3528531065384546
RandomForest,13:05:15/scan-019,13:05:15,12CO2,73.7419204711914,105.29117552439371,31.5492550532023,31.5492550532023
RandomForest,13:14:37/scan-000,13:14:37,13CO2,1.2371150255203247,0.8235058599114418,-0.41360916560888294,0.41360916560888294
RandomForest,13:14:37/scan-000,13:14:37,12CO2,110.61288452148438,73.63130759048462,-36.98157693099975,36.98157693099975
RandomForest,13:14:37/scan-001,13:14:37,13CO2,1.2371150255203247,0.8412378579378128,-0.3958771675825119,0.3958771675825119
RandomForest,13:14:37/scan-001,13:14:37,12CO2,110.61288452148438,75.21675888061523,-35.396125640869144,35.396125640869144
RandomForest,13:14:37/scan-002,13:14:37,13CO2,1.2371150255203247,1.3682493010163308,0.1311342754960061,0.1311342754960061
RandomForest,13:14:37/scan-002,13:14:37,12CO2,110.61288452148438,122.33784607315063,11.724961551666254,11.724961551666254
RandomForest,13:14:37/scan-003,13:14:37,13CO2,1.2371150255203247,1.378558596253395,0.14144357073307035,0.14144357073307035
RandomForest,13:14:37/scan-003,13:14:37,12CO2,110.61288452148438,123.25962010192872,12.646735580444343,12.646735580444343
RandomForest,13:14:37/scan-004,13:14:37,13CO2,1.2371150255203247,1.403713305413723,0.16659827989339826,0.16659827989339826
RandomForest,13:14:37/scan-004,13:14:37,12CO2,110.61288452148438,125.50874865341187,14.895864131927496,14.895864131927496
RandomForest,13:14:37/scan-005,13:14:37,13CO2,1.2371150255203247,1.481239237368107,0.2441242118477822,0.2441242118477822
RandomForest,13:14:37/scan-005,13:14:37,12CO2,110.61288452148438,132.44048917770385,21.827604656219478,21.827604656219478
RandomForest,13:14:37/scan-006,13:14:37,13CO2,1.2371150255203247,1.3731977652907372,0.13608273977041252,0.13608273977041252
RandomForest,13:14:37/scan-006,13:14:37,12CO2,110.61288452148438,122.78029759597779,12.16741307449341,12.16741307449341
RandomForest,13:14:37/scan-007,13:14:37,13CO2,1.2371150255203247,1.5311362468004226,0.2940212212800979,0.2940212212800979
RandomForest,13:14:37/scan-007,13:14:37,12CO2,110.61288452148438,136.90187538909913,26.288990867614757,26.288990867614757
RandomForest,13:14:37/scan-008,13:14:37,13CO2,1.2371150255203247,1.4470123584866523,0.20989733296632762,0.20989733296632762
RandomForest,13:14:37/scan-008,13:14:37,12CO2,110.61288452148438,129.38019946670533,18.76731494522096,18.76731494522096
RandomForest,13:14:37/scan-009,13:14:37,13CO2,1.2371150255203247,1.5266001535058022,0.28948512798547754,0.28948512798547754
RandomForest,13:14:37/scan-009,13:14:37,12CO2,110.61288452148438,136.49629482650758,25.883410305023205,25.883410305023205
RandomForest,13:14:37/scan-010,13:14:37,13CO2,1.2371150255203247,1.474228909790516,0.2371138842701912,0.2371138842701912
RandomForest,13:14:37/scan-010,13:14:37,12CO2,110.61288452148438,131.81368286514282,21.200798343658448,21.200798343658448
RandomForest,13:14:37/scan-011,13:14:37,13CO2,1.2371150255203247,1.5605521173079808,0.3234370917876561,0.3234370917876561
RandomForest,13:14:37/scan-011,13:14:37,12CO2,110.61288452148438,139.53200391260785,28.919119391123473,28.919119391123473
RandomForest,13:14:37/scan-012,13:14:37,13CO2,1.2371150255203247,1.528538308429718,0.29142328290939323,0.29142328290939323
RandomForest,13:14:37/scan-012,13:14:37,12CO2,110.61288452148438,136.66958831672667,26.0567037952423,26.0567037952423
RandomForest,13:14:37/scan-013,13:14:37,13CO2,1.2371150255203247,1.6197962285280227,0.38268120300769803,0.38268120300769803
RandomForest,13:14:37/scan-013,13:14:37,12CO2,110.61288452148438,144.82913185119628,34.216247329711905,34.216247329711905
RandomForest,13:14:37/scan-014,13:14:37,13CO2,1.2371150255203247,1.5204145720005036,0.28329954648017885,0.28329954648017885
RandomForest,13:14:37/scan-014,13:14:37,12CO2,110.61288452148438,135.94323044586181,25.33034592437744,25.33034592437744
RandomForest,13:14:37/scan-015,13:14:37,13CO2,1.2371150255203247,1.5958786532878875,0.35876362776756276,0.35876362776756276
RandomForest,13:14:37/scan-015,13:14:37,12CO2,110.61288452148438,142.69061615753174,32.07773163604736,32.07773163604736
RandomForest,13:14:37/scan-016,13:14:37,13CO2,1.2371150255203247,1.5628888956308364,0.32577387011051173,0.32577387011051173
RandomForest,13:14:37/scan-016,13:14:37,12CO2,110.61288452148438,139.7409393386841,29.12805481719971,29.12805481719971
RandomForest,13:14:37/scan-017,13:14:37,13CO2,1.2371150255203247,1.5851569784879684,0.34804195296764373,0.34804195296764373
RandomForest,13:14:37/scan-017,13:14:37,12CO2,110.61288452148438,141.73197121429445,31.119086692810072,31.119086692810072
RandomForest,13:14:37/scan-018,13:14:37,13CO2,1.2371150255203247,1.587768665452798,0.35065363993247334,0.35065363993247334
RandomForest,13:14:37/scan-018,13:14:37,12CO2,110.61288452148438,141.96548731104534,31.35260278956096,31.35260278956096
RandomForest,13:14:37/scan-019,13:14:37,13CO2,1.2371150255203247,1.5777342886924743,0.34061926317214963,0.34061926317214963
RandomForest,13:14:37/scan-019,13:14:37,12CO2,110.61288452148438,141.06829388427735,30.455409362792977,30.455409362792977
RandomForest,13:24:02/scan-000,13:24:02,13CO2,1.649487018585205,1.2441253384947777,-0.4053616800904274,0.4053616800904274
RandomForest,13:24:02/scan-000,13:24:02,12CO2,147.4838409423828,111.23969091033936,-36.24415003204345,36.24415003204345
RandomForest,13:24:02/scan-001,13:24:02,13CO2,1.649487018585205,1.2229569170673686,-0.42653010151783644,0.42653010151783644
RandomForest,13:24:02/scan-001,13:24:02,12CO2,147.4838409423828,109.34698142623901,-38.1368595161438,38.1368595161438
RandomForest,13:24:02/scan-002,13:24:02,13CO2,1.649487018585205,1.5870809304316837,-0.06240608815352133,0.06240608815352133
RandomForest,13:24:02/scan-002,13:24:02,12CO2,147.4838409423828,141.9040426864624,-5.579798255920423,5.579798255920423
RandomForest,13:24:02/scan-003,13:24:02,13CO2,1.649487018585205,1.8028886641263961,0.15340164554119107,0.15340164554119107
RandomForest,13:24:02/scan-003,13:24:02,12CO2,147.4838409423828,161.19984718322755,13.716006240844735,13.716006240844735
RandomForest,13:24:02/scan-004,13:24:02,13CO2,1.649487018585205,1.8758784124851227,0.22639139389991758,0.22639139389991758
RandomForest,13:24:02/scan-004,13:24:02,12CO2,147.4838409423828,167.7260078277588,20.24216688537598,20.24216688537598
RandomForest,13:24:02/scan-005,13:24:02,13CO2,1.649487018585205,1.9063938991427423,0.2569068805575372,0.2569068805575372
RandomForest,13:24:02/scan-005,13:24:02,12CO2,147.4838409423828,170.45445915985107,22.970618217468257,22.970618217468257
RandomForest,13:24:02/scan-006,13:24:02,13CO2,1.649487018585205,1.822682492673397,0.17319547408819203,0.17319547408819203
RandomForest,13:24:02/scan-006,13:24:02,12CO2,147.4838409423828,162.9696534690857,15.485812526702887,15.485812526702887
RandomForest,13:24:02/scan-007,13:24:02,13CO2,1.649487018585205,1.8235072381496429,0.1740202195644378,0.1740202195644378
RandomForest,13:24:02/scan-007,13:24:02,12CO2,147.4838409423828,163.0433953857422,15.559554443359389,15.559554443359389
RandomForest,13:24:02/scan-008,13:24:02,13CO2,1.649487018585205,1.9554661042690278,0.3059790856838227,0.3059790856838227
RandomForest,13:24:02/scan-008,13:24:02,12CO2,147.4838409423828,174.84210388183592,27.358262939453112,27.358262939453112
RandomForest,13:24:02/scan-009,13:24:02,13CO2,1.649487018585205,1.8746412988305092,0.22515428024530415,0.22515428024530415
RandomForest,13:24:02/scan-009,13:24:02,12CO2,147.4838409423828,167.61539492034913,20.13155397796632,20.13155397796632
RandomForest,13:24:02/scan-010,13:24:02,13CO2,1.649487018585205,1.9393836181163788,0.28989659953117375,0.28989659953117375
RandomForest,13:24:02/scan-010,13:24:02,12CO2,147.4838409423828,173.4041362762451,25.9202953338623,25.9202953338623
RandomForest,13:24:02/scan-011,13:24:02,13CO2,1.649487018585205,1.8597959263324737,0.21030890774726863,0.21030890774726863
RandomForest,13:24:02/scan-011,13:24:02,12CO2,147.4838409423828,166.28804022216798,18.804199279785166,18.804199279785166
RandomForest,13:24:02/scan-012,13:24:02,13CO2,1.649487018585205,1.9134042143821717,0.2639171957969666,0.2639171957969666
RandomForest,13:24:02/scan-012,13:24:02,12CO2,147.4838409423828,171.08126556396485,23.597424621582036,23.597424621582036
RandomForest,13:24:02/scan-013,13:24:02,13CO2,1.649487018585205,1.8762907845973968,0.22680376601219177,0.22680376601219177
RandomForest,13:24:02/scan-013,13:24:02,12CO2,147.4838409423828,167.7628787841797,20.279037841796878,20.279037841796878
RandomForest,13:24:02/scan-014,13:24:02,13CO2,1.649487018585205,1.9496929051876069,0.3002058866024018,0.3002058866024018
RandomForest,13:24:02/scan-014,13:24:02,12CO2,147.4838409423828,174.32591036987304,26.84206942749023,26.84206942749023
RandomForest,13:24:02/scan-015,13:24:02,13CO2,1.649487018585205,1.931136186480522,0.281649167895317,0.281649167895317
RandomForest,13:24:02/scan-015,13:24:02,12CO2,147.4838409423828,172.66671701049805,25.182876068115235,25.182876068115235
RandomForest,13:24:02/scan-016,13:24:02,13CO2,1.649487018585205,1.9175279303193091,0.26804091173410405,0.26804091173410405
RandomForest,13:24:02/scan-016,13:24:02,12CO2,147.4838409423828,171.4499751815796,23.966134239196776,23.966134239196776
RandomForest,13:24:02/scan-017,13:24:02,13CO2,1.649487018585205,1.8861876995563507,0.2367006809711456,0.2367006809711456
RandomForest,13:24:02/scan-017,13:24:02,12CO2,147.4838409423828,168.64778192138672,21.16394097900391,21.16394097900391
RandomForest,13:24:02/scan-018,13:24:02,13CO2,1.649487018585205,1.8164969227910042,0.1670099042057991,0.1670099042057991
RandomForest,13:24:02/scan-018,13:24:02,12CO2,147.4838409423828,162.4165889968872,14.932748054504401,14.932748054504401
RandomForest,13:24:02/scan-019,13:24:02,13CO2,1.649487018585205,1.9257753620147704,0.2762883434295653,0.2762883434295653
RandomForest,13:24:02/scan-019,13:24:02,12CO2,147.4838409423828,172.18739443969727,24.70355349731446,24.70355349731446
RandomForest,13:33:30/scan-000,13:33:30,13CO2,2.0618579387664795,1.674229305744171,-0.38762863302230843,0.38762863302230843
RandomForest,13:33:30/scan-000,13:33:30,12CO2,184.3548126220703,149.69609884643555,-34.658713775634766,34.658713775634766
RandomForest,13:33:30/scan-001,13:33:30,13CO2,2.0618579387664795,1.7404836591879527,-0.3213742795785268,0.3213742795785268
RandomForest,13:33:30/scan-001,13:33:30,12CO2,184.3548126220703,155.6200337931315,-28.7347788289388,28.7347788289388
RandomForest,13:33:30/scan-002,13:33:30,13CO2,2.0618579387664795,1.9039202426671982,-0.15793769609928132,0.15793769609928132
RandomForest,13:33:30/scan-002,13:33:30,12CO2,184.3548126220703,170.23322578430177,-14.121586837768547,14.121586837768547
RandomForest,13:33:30/scan-003,13:33:30,13CO2,2.0618579387664795,2.326188675284386,0.2643307365179064,0.2643307365179064
RandomForest,13:33:30/scan-003,13:33:30,12CO2,184.3548126220703,207.98909297180177,23.634280349731455,23.634280349731455
RandomForest,13:33:30/scan-004,13:33:30,13CO2,2.0618579387664795,2.3455701379776,0.28371219921112045,0.28371219921112045
RandomForest,13:33:30/scan-004,13:33:30,12CO2,184.3548126220703,209.72202825927735,25.36721563720704,25.36721563720704
RandomForest,13:33:30/scan-005,13:33:30,13CO2,2.0618579387664795,2.3439206519126894,0.2820627131462099,0.2820627131462099
RandomForest,13:33:30/scan-005,13:33:30,12CO2,184.3548126220703,209.57454440307617,25.219731781005862,25.219731781005862
RandomForest,13:33:30/scan-006,13:33:30,13CO2,2.0618579387664795,2.2738174892663956,0.2119595504999161,0.2119595504999161
RandomForest,13:33:30/scan-006,13:33:30,12CO2,184.3548126220703,203.30648057556152,18.95166795349121,18.95166795349121
RandomForest,13:33:30/scan-007,13:33:30,13CO2,2.0618579387664795,2.355054680407047,0.29319674164056764,0.29319674164056764
RandomForest,13:33:30/scan-007,13:33:30,12CO2,184.3548126220703,210.57006046295166,26.215247840881347,26.215247840881347
RandomForest,13:33:30/scan-008,13:33:30,13CO2,2.0618579387664795,2.3385598217248917,0.27670188295841225,0.27670188295841225
RandomForest,13:33:30/scan-008,13:33:30,12CO2,184.3548126220703,209.09522187805175,24.740409255981433,24.740409255981433
RandomForest,13:33:30/scan-009,13:33:30,13CO2,2.0618579387664795,2.3814464594125746,0.3195885206460951,0.3195885206460951
RandomForest,13:33:30/scan-009,13:33:30,12CO2,184.3548126220703,212.92980213928223,28.574989517211918,28.574989517211918
RandomForest,13:33:30/scan-010,13:33:30,13CO2,2.0618579387664795,2.350106224179268,0.28824828541278835,0.28824828541278835
RandomForest,13:33:30/scan-010,13:33:30,12CO2,184.3548126220703,210.12760887145996,25.772796249389643,25.772796249389643
RandomForest,13:33:30/scan-011,13:33:30,13CO2,2.0618579387664795,2.3686629428863526,0.3068050041198731,0.3068050041198731
RandomForest,13:33:30/scan-011,13:33:30,12CO2,184.3548126220703,211.78680224609374,27.43198962402343,27.43198962402343
RandomForest,13:33:30/scan-012,13:33:30,13CO2,2.0618579387664795,2.388044403672218,0.32618646490573866,0.32618646490573866
RandomForest,13:33:30/scan-012,13:33:30,12CO2,184.3548126220703,213.5197375640869,29.164924942016597,29.164924942016597
RandomForest,13:33:30/scan-013,13:33:30,13CO2,2.0618579387664795,2.3063948425054552,0.24453690373897574,0.24453690373897574
RandomForest,13:33:30/scan-013,13:33:30,12CO2,184.3548126220703,206.2192866973877,21.86447407531739,21.86447407531739
RandomForest,13:33:30/scan-014,13:33:30,13CO2,2.0618579387664795,2.444539301872253,0.3826813631057737,0.3826813631057737
RandomForest,13:33:30/scan-014,13:33:30,12CO2,184.3548126220703,218.57105963134765,34.21624700927734,34.21624700927734
RandomForest,13:33:30/scan-015,13:33:30,13CO2,2.0618579387664795,2.350518594264984,0.2886606554985045,0.2886606554985045
RandomForest,13:33:30/scan-015,13:33:30,12CO2,184.3548126220703,210.16447985839844,25.809667236328124,25.809667236328124
RandomForest,13:33:30/scan-016,13:33:30,13CO2,2.0618579387664795,2.4126492373148603,0.35079129854838076,0.35079129854838076
RandomForest,13:33:30/scan-016,13:33:30,12CO2,184.3548126220703,215.71970508829753,31.364892466227218,31.364892466227218
RandomForest,13:33:30/scan-017,13:33:30,13CO2,2.0618579387664795,2.4024774062633516,0.3406194674968721,0.3406194674968721
RandomForest,13:33:30/scan-017,13:33:30,12CO2,184.3548126220703,214.81022131347657,30.455408691406262,30.455408691406262
RandomForest,13:33:30/scan-018,13:33:30,13CO2,2.0618579387664795,2.4033021502494814,0.34144421148300186,0.34144421148300186
RandomForest,13:33:30/scan-018,13:33:30,12CO2,184.3548126220703,214.88396322631837,30.52915060424806,30.52915060424806
RandomForest,13:33:30/scan-019,13:33:30,13CO2,2.0618579387664795,2.4164980387687685,0.35464010000228896,0.35464010000228896
RandomForest,13:33:30/scan-019,13:33:30,12CO2,184.3548126220703,216.06383407592773,31.709021453857417,31.709021453857417
RandomForest,13:43:08/scan-000,13:43:08,13CO2,2.4742300510406494,2.061033196926117,-0.41319685411453255,0.41319685411453255
RandomForest,13:43:08/scan-000,13:43:08,12CO2,221.22576904296875,184.28107067871093,-36.94469836425782,36.94469836425782
RandomForest,13:43:08/scan-001,13:43:08,13CO2,2.4742300510406494,2.056909487724304,-0.41732056331634526,0.41732056331634526
RandomForest,13:43:08/scan-001,13:43:08,12CO2,221.22576904296875,183.91236096191406,-37.31340808105469,37.31340808105469
RandomForest,13:43:08/scan-002,13:43:08,13CO2,2.4742300510406494,2.058421514431636,-0.4158085366090134,0.4158085366090134
RandomForest,13:43:08/scan-002,13:43:08,12CO2,221.22576904296875,184.04755452473958,-37.17821451822917,37.17821451822917
RandomForest,13:43:08/scan-003,13:43:08,13CO2,2.4742300510406494,2.059796084165573,-0.4144339668750763,0.4144339668750763
RandomForest,13:43:08/scan-003,13:43:08,12CO2,221.22576904296875,184.17045776367186,-37.05531127929689,37.05531127929689
RandomForest,13:43:08/scan-004,13:43:08,13CO2,2.4742300510406494,2.0618579387664795,-0.4123721122741699,0.4123721122741699
RandomForest,13:43:08/scan-004,13:43:08,12CO2,221.22576904296875,184.3548126220703,-36.87095642089844,36.87095642089844
RandomForest,13:43:08/scan-005,13:43:08,13CO2,2.4742300510406494,2.059383713245392,-0.41484633779525737,0.41484633779525737
RandomForest,13:43:08/scan-005,13:43:08,12CO2,221.22576904296875,184.1335867919922,-37.09218225097655,37.09218225097655
RandomForest,13:43:08/scan-006,13:43:08,13CO2,2.4742300510406494,2.059383713245392,-0.41484633779525737,0.41484633779525737
RandomForest,13:43:08/scan-006,13:43:08,12CO2,221.22576904296875,184.1335867919922,-37.09218225097655,37.09218225097655
RandomForest,13:43:08/scan-007,13:43:08,13CO2,2.4742300510406494,2.057734229564667,-0.41649582147598263,0.41649582147598263
RandomForest,13:43:08/scan-007,13:43:08,12CO2,221.22576904296875,183.98610290527344,-37.23966613769531,37.23966613769531
RandomForest,13:43:08/scan-008,13:43:08,13CO2,2.4742300510406494,2.0602084550857542,-0.4140215959548952,0.4140215959548952
RandomForest,13:43:08/scan-008,13:43:08,12CO2,221.22576904296875,184.20732873535155,-37.0184403076172,37.0184403076172
RandomForest,13:43:08/scan-009,13:43:08,13CO2,2.4742300510406494,2.0606208260059358,-0.41360922503471365,0.41360922503471365
RandomForest,13:43:08/scan-009,13:43:08,12CO2,221.22576904296875,184.24419970703124,-36.98156933593751,36.98156933593751
RandomForest,13:43:08/scan-010,13:43:08,13CO2,2.4742300510406494,2.0614455678462984,-0.412784483194351,0.412784483194351
RandomForest,13:43:08/scan-010,13:43:08,12CO2,221.22576904296875,184.31794165039062,-36.90782739257813,36.90782739257813
RandomForest,13:43:08/scan-011,13:43:08,13CO2,2.4742300510406494,2.0602084550857542,-0.4140215959548952,0.4140215959548952
RandomForest,13:43:08/scan-011,13:43:08,12CO2,221.22576904296875,184.20732873535155,-37.0184403076172,37.0184403076172
RandomForest,13:43:08/scan-012,13:43:08,13CO2,2.4742300510406494,2.061033196926117,-0.41319685411453255,0.41319685411453255
RandomForest,13:43:08/scan-012,13:43:08,12CO2,221.22576904296875,184.28107067871093,-36.94469836425782,36.94469836425782
RandomForest,13:43:08/scan-013,13:43:08,13CO2,2.4742300510406494,2.0596586271921797,-0.4145714238484697,0.4145714238484697
RandomForest,13:43:08/scan-013,13:43:08,12CO2,221.22576904296875,184.15816743977865,-37.0676016031901,37.0676016031901
RandomForest,13:43:08/scan-014,13:43:08,13CO2,2.4742300510406494,2.0602084550857542,-0.4140215959548952,0.4140215959548952
RandomForest,13:43:08/scan-014,13:43:08,12CO2,221.22576904296875,184.20732873535155,-37.0184403076172,37.0184403076172
RandomForest,13:43:08/scan-015,13:43:08,13CO2,2.4742300510406494,2.061033196926117,-0.41319685411453255,0.41319685411453255
RandomForest,13:43:08/scan-015,13:43:08,12CO2,221.22576904296875,184.28107067871093,-36.94469836425782,36.94469836425782
RandomForest,13:43:08/scan-016,13:43:08,13CO2,2.4742300510406494,2.058421514431636,-0.4158085366090134,0.4158085366090134
RandomForest,13:43:08/scan-016,13:43:08,12CO2,221.22576904296875,184.04755452473958,-37.17821451822917,37.17821451822917
RandomForest,13:43:08/scan-017,13:43:08,13CO2,2.4742300510406494,2.0606208260059358,-0.41360922503471365,0.41360922503471365
RandomForest,13:43:08/scan-017,13:43:08,12CO2,221.22576904296875,184.24419970703124,-36.98156933593751,36.98156933593751
RandomForest,13:43:08/scan-018,13:43:08,13CO2,2.4742300510406494,2.058421514431636,-0.4158085366090134,0.4158085366090134
RandomForest,13:43:08/scan-018,13:43:08,12CO2,221.22576904296875,184.04755452473958,-37.17821451822917,37.17821451822917
RandomForest,13:43:08/scan-019,13:43:08,13CO2,2.4742300510406494,2.0618579387664795,-0.4123721122741699,0.4123721122741699
RandomForest,13:43:08/scan-019,13:43:08,12CO2,221.22576904296875,184.3548126220703,-36.87095642089844,36.87095642089844
XGBoost,12:46:00/scan-000,12:46:00,13CO2,0.0,0.7696124315261841,0.7696124315261841,0.7696124315261841
XGBoost,12:46:00/scan-000,12:46:00,12CO2,0.0,66.61954498291016,66.61954498291016,66.61954498291016
XGBoost,12:46:00/scan-001,12:46:00,13CO2,0.0,0.4195204973220825,0.4195204973220825,0.4195204973220825
XGBoost,12:46:00/scan-001,12:46:00,12CO2,0.0,37.06770706176758,37.06770706176758,37.06770706176758
XGBoost,12:46:00/scan-002,12:46:00,13CO2,0.0,0.41522017121315,0.41522017121315,0.41522017121315
XGBoost,12:46:00/scan-002,12:46:00,12CO2,0.0,35.634769439697266,35.634769439697266,35.634769439697266
XGBoost,12:46:00/scan-003,12:46:00,13CO2,0.0,0.4342202842235565,0.4342202842235565,0.4342202842235565
XGBoost,12:46:00/scan-003,12:46:00,12CO2,0.0,38.37966537475586,38.37966537475586,38.37966537475586
XGBoost,12:46:00/scan-004,12:46:00,13CO2,0.0,0.4263854920864105,0.4263854920864105,0.4263854920864105
XGBoost,12:46:00/scan-004,12:46:00,12CO2,0.0,37.830081939697266,37.830081939697266,37.830081939697266
XGBoost,12:46:00/scan-005,12:46:00,13CO2,0.0,0.4169107973575592,0.4169107973575592,0.4169107973575592
XGBoost,12:46:00/scan-005,12:46:00,12CO2,0.0,37.086509704589844,37.086509704589844,37.086509704589844
XGBoost,12:46:00/scan-006,12:46:00,13CO2,0.0,0.4314228892326355,0.4314228892326355,0.4314228892326355
XGBoost,12:46:00/scan-006,12:46:00,12CO2,0.0,37.321529388427734,37.321529388427734,37.321529388427734
XGBoost,12:46:00/scan-007,12:46:00,13CO2,0.0,0.4186013638973236,0.4186013638973236,0.4186013638973236
XGBoost,12:46:00/scan-007,12:46:00,12CO2,0.0,34.9914665222168,34.9914665222168,34.9914665222168
XGBoost,12:46:00/scan-008,12:46:00,13CO2,0.0,0.4399947226047516,0.4399947226047516,0.4399947226047516
XGBoost,12:46:00/scan-008,12:46:00,12CO2,0.0,36.12109375,36.12109375,36.12109375
XGBoost,12:46:00/scan-009,12:46:00,13CO2,0.0,0.4394407570362091,0.4394407570362091,0.4394407570362091
XGBoost,12:46:00/scan-009,12:46:00,12CO2,0.0,37.024288177490234,37.024288177490234,37.024288177490234
XGBoost,12:46:00/scan-010,12:46:00,13CO2,0.0,0.42715221643447876,0.42715221643447876,0.42715221643447876
XGBoost,12:46:00/scan-010,12:46:00,12CO2,0.0,37.10017013549805,37.10017013549805,37.10017013549805
XGBoost,12:46:00/scan-011,12:46:00,13CO2,0.0,0.4209531247615814,0.4209531247615814,0.4209531247615814
XGBoost,12:46:00/scan-011,12:46:00,12CO2,0.0,32.76634216308594,32.76634216308594,32.76634216308594
XGBoost,12:46:00/scan-012,12:46:00,13CO2,0.0,0.4104231297969818,0.4104231297969818,0.4104231297969818
XGBoost,12:46:00/scan-012,12:46:00,12CO2,0.0,36.68149948120117,36.68149948120117,36.68149948120117
XGBoost,12:46:00/scan-013,12:46:00,13CO2,0.0,0.4264064133167267,0.4264064133167267,0.4264064133167267
XGBoost,12:46:00/scan-013,12:46:00,12CO2,0.0,33.099266052246094,33.099266052246094,33.099266052246094
XGBoost,12:46:00/scan-014,12:46:00,13CO2,0.0,0.4275650084018707,0.4275650084018707,0.4275650084018707
XGBoost,12:46:00/scan-014,12:46:00,12CO2,0.0,37.24308776855469,37.24308776855469,37.24308776855469
XGBoost,12:46:00/scan-015,12:46:00,13CO2,0.0,0.6710003614425659,0.6710003614425659,0.6710003614425659
XGBoost,12:46:00/scan-015,12:46:00,12CO2,0.0,63.74264907836914,63.74264907836914,63.74264907836914
XGBoost,12:46:00/scan-016,12:46:00,13CO2,0.0,0.431530237197876,0.431530237197876,0.431530237197876
XGBoost,12:46:00/scan-016,12:46:00,12CO2,0.0,37.81187057495117,37.81187057495117,37.81187057495117
XGBoost,12:46:00/scan-017,12:46:00,13CO2,0.0,0.41194263100624084,0.41194263100624084,0.41194263100624084
XGBoost,12:46:00/scan-017,12:46:00,12CO2,0.0,36.884124755859375,36.884124755859375,36.884124755859375
XGBoost,12:46:00/scan-018,12:46:00,13CO2,0.0,0.4159180521965027,0.4159180521965027,0.4159180521965027
XGBoost,12:46:00/scan-018,12:46:00,12CO2,0.0,37.0266227722168,37.0266227722168,37.0266227722168
XGBoost,12:46:00/scan-019,12:46:00,13CO2,0.0,0.43142494559288025,0.43142494559288025,0.43142494559288025
XGBoost,12:46:00/scan-019,12:46:00,12CO2,0.0,35.919368743896484,35.919368743896484,35.919368743896484
XGBoost,12:55:42/scan-000,12:55:42,13CO2,0.41237199306488037,0.0035995510406792164,-0.40877244202420115,0.40877244202420115
XGBoost,12:55:42/scan-000,12:55:42,12CO2,36.8709602355957,-0.11375777423381805,-36.98471800982952,36.98471800982952
XGBoost,12:55:42/scan-001,12:55:42,13CO2,0.41237199306488037,0.003007689956575632,-0.40936430310830474,0.40936430310830474
XGBoost,12:55:42/scan-001,12:55:42,12CO2,36.8709602355957,0.5641916394233704,-36.30676859617233,36.30676859617233
XGBoost,12:55:42/scan-002,12:55:42,13CO2,0.41237199306488037,0.709778904914856,0.2974069118499756,0.2974069118499756
XGBoost,12:55:42/scan-002,12:55:42,12CO2,36.8709602355957,59.469852447509766,22.598892211914062,22.598892211914062
XGBoost,12:55:42/scan-003,12:55:42,13CO2,0.41237199306488037,0.7156121134757996,0.3032401204109192,0.3032401204109192
XGBoost,12:55:42/scan-003,12:55:42,12CO2,36.8709602355957,59.23789596557617,22.36693572998047,22.36693572998047
XGBoost,12:55:42/scan-004,12:55:42,13CO2,0.41237199306488037,0.7011175155639648,0.2887455224990845,0.2887455224990845
XGBoost,12:55:42/scan-004,12:55:42,12CO2,36.8709602355957,57.5511474609375,20.680187225341797,20.680187225341797
XGBoost,12:55:42/scan-005,12:55:42,13CO2,0.41237199306488037,0.7131676077842712,0.30079561471939087,0.30079561471939087
XGBoost,12:55:42/scan-005,12:55:42,12CO2,36.8709602355957,54.759578704833984,17.88861846923828,17.88861846923828
XGBoost,12:55:42/scan-006,12:55:42,13CO2,0.41237199306488037,0.8125215768814087,0.4001495838165283,0.4001495838165283
XGBoost,12:55:42/scan-006,12:55:42,12CO2,36.8709602355957,68.8420181274414,31.971057891845703,31.971057891845703
XGBoost,12:55:42/scan-007,12:55:42,13CO2,0.41237199306488037,0.6955888867378235,0.2832168936729431,0.2832168936729431
XGBoost,12:55:42/scan-007,12:55:42,12CO2,36.8709602355957,56.18098068237305,19.310020446777344,19.310020446777344
XGBoost,12:55:42/scan-008,12:55:42,13CO2,0.41237199306488037,0.7072931528091431,0.2949211597442627,0.2949211597442627
XGBoost,12:55:42/scan-008,12:55:42,12CO2,36.8709602355957,57.77001953125,20.899059295654297,20.899059295654297
XGBoost,12:55:42/scan-009,12:55:42,13CO2,0.41237199306488037,0.7236216068267822,0.31124961376190186,0.31124961376190186
XGBoost,12:55:42/scan-009,12:55:42,12CO2,36.8709602355957,58.494590759277344,21.62363052368164,21.62363052368164
XGBoost,12:55:42/scan-010,12:55:42,13CO2,0.41237199306488037,0.7279870510101318,0.31561505794525146,0.31561505794525146
XGBoost,12:55:42/scan-010,12:55:42,12CO2,36.8709602355957,61.4649543762207,24.593994140625,24.593994140625
XGBoost,12:55:42/scan-011,12:55:42,13CO2,0.41237199306488037,0.7084667086601257,0.29609471559524536,0.29609471559524536
XGBoost,12:55:42/scan-011,12:55:42,12CO2,36.8709602355957,58.11817932128906,21.24721908569336,21.24721908569336
XGBoost,12:55:42/scan-012,12:55:42,13CO2,0.41237199306488037,0.7034589052200317,0.29108691215515137,0.29108691215515137
XGBoost,12:55:42/scan-012,12:55:42,12CO2,36.8709602355957,58.422821044921875,21.551860809326172,21.551860809326172
XGBoost,12:55:42/scan-013,12:55:42,13CO2,0.41237199306488037,0.733129620552063,0.3207576274871826,0.3207576274871826
XGBoost,12:55:42/scan-013,12:55:42,12CO2,36.8709602355957,62.662750244140625,25.791790008544922,25.791790008544922
XGBoost,12:55:42/scan-014,12:55:42,13CO2,0.41237199306488037,0.7142928242683411,0.3019208312034607,0.3019208312034607
XGBoost,12:55:42/scan-014,12:55:42,12CO2,36.8709602355957,56.831825256347656,19.960865020751953,19.960865020751953
XGBoost,12:55:42/scan-015,12:55:42,13CO2,0.41237199306488037,0.7115675806999207,0.2991955876350403,0.2991955876350403
XGBoost,12:55:42/scan-015,12:55:42,12CO2,36.8709602355957,62.84685516357422,25.975894927978516,25.975894927978516
XGBoost,12:55:42/scan-016,12:55:42,13CO2,0.41237199306488037,0.6959971785545349,0.28362518548965454,0.28362518548965454
XGBoost,12:55:42/scan-016,12:55:42,12CO2,36.8709602355957,58.63982009887695,21.76885986328125,21.76885986328125
XGBoost,12:55:42/scan-017,12:55:42,13CO2,0.41237199306488037,0.7019197940826416,0.28954780101776123,0.28954780101776123
XGBoost,12:55:42/scan-017,12:55:42,12CO2,36.8709602355957,58.531150817871094,21.66019058227539,21.66019058227539
XGBoost,12:55:42/scan-018,12:55:42,13CO2,0.41237199306488037,0.7216453552246094,0.309273362159729,0.309273362159729
XGBoost,12:55:42/scan-018,12:55:42,12CO2,36.8709602355957,57.47850036621094,20.607540130615234,20.607540130615234
XGBoost,12:55:42/scan-019,12:55:42,13CO2,0.41237199306488037,0.7180576324462891,0.3056856393814087,0.3056856393814087
XGBoost,12:55:42/scan-019,12:55:42,12CO2,36.8709602355957,61.377628326416016,24.506668090820312,24.506668090820312
XGBoost,13:05:15/scan-000,13:05:15,13CO2,0.8247429728507996,0.21985869109630585,-0.6048842817544937,0.6048842817544937
XGBoost,13:05:15/scan-000,13:05:15,12CO2,73.7419204711914,24.001811981201172,-49.740108489990234,49.740108489990234
XGBoost,13:05:15/scan-001,13:05:15,13CO2,0.8247429728507996,0.24750733375549316,-0.5772356390953064,0.5772356390953064
XGBoost,13:05:15/scan-001,13:05:15,12CO2,73.7419204711914,17.410791397094727,-56.33112907409668,56.33112907409668
XGBoost,13:05:15/scan-002,13:05:15,13CO2,0.8247429728507996,0.6957609057426453,-0.1289820671081543,0.1289820671081543
XGBoost,13:05:15/scan-002,13:05:15,12CO2,73.7419204711914,51.321292877197266,-22.42062759399414,22.42062759399414
XGBoost,13:05:15/scan-003,13:05:15,13CO2,0.8247429728507996,0.8975139856338501,0.07277101278305054,0.07277101278305054
XGBoost,13:05:15/scan-003,13:05:15,12CO2,73.7419204711914,57.67683410644531,-16.065086364746094,16.065086364746094
XGBoost,13:05:15/scan-004,13:05:15,13CO2,0.8247429728507996,0.7183721661567688,-0.10637080669403076,0.10637080669403076
XGBoost,13:05:15/scan-004,13:05:15,12CO2,73.7419204711914,52.0003776550293,-21.74154281616211,21.74154281616211
XGBoost,13:05:15/scan-005,13:05:15,13CO2,0.8247429728507996,0.6914492249488831,-0.1332937479019165,0.1332937479019165
XGBoost,13:05:15/scan-005,13:05:15,12CO2,73.7419204711914,51.17161178588867,-22.570308685302734,22.570308685302734
XGBoost,13:05:15/scan-006,13:05:15,13CO2,0.8247429728507996,0.8890571594238281,0.06431418657302856,0.06431418657302856
XGBoost,13:05:15/scan-006,13:05:15,12CO2,73.7419204711914,57.625057220458984,-16.116863250732422,16.116863250732422
XGBoost,13:05:15/scan-007,13:05:15,13CO2,0.8247429728507996,0.7415817379951477,-0.08316123485565186,0.08316123485565186
XGBoost,13:05:15/scan-007,13:05:15,12CO2,73.7419204711914,53.060855865478516,-20.68106460571289,20.68106460571289
XGBoost,13:05:15/scan-008,13:05:15,13CO2,0.8247429728507996,0.8833951354026794,0.05865216255187988,0.05865216255187988
XGBoost,13:05:15/scan-008,13:05:15,12CO2,73.7419204711914,56.548194885253906,-17.1937255859375,17.1937255859375
XGBoost,13:05:15/scan-009,13:05:15,13CO2,0.8247429728507996,0.7360210418701172,-0.08872193098068237,0.08872193098068237
XGBoost,13:05:15/scan-009,13:05:15,12CO2,73.7419204711914,52.38349533081055,-21.35842514038086,21.35842514038086
XGBoost,13:05:15/scan-010,13:05:15,13CO2,0.8247429728507996,0.8967198729515076,0.07197690010070801,0.07197690010070801
XGBoost,13:05:15/scan-010,13:05:15,12CO2,73.7419204711914,60.43528747558594,-13.306632995605469,13.306632995605469
XGBoost,13:05:15/scan-011,13:05:15,13CO2,0.8247429728507996,1.194807767868042,0.37006479501724243,0.37006479501724243
XGBoost,13:05:15/scan-011,13:05:15,12CO2,73.7419204711914,109.37487030029297,35.63294982910156,35.63294982910156
XGBoost,13:05:15/scan-012,13:05:15,13CO2,0.8247429728507996,1.2084197998046875,0.38367682695388794,0.38367682695388794
XGBoost,13:05:15/scan-012,13:05:15,12CO2,73.7419204711914,110.11666870117188,36.37474822998047,36.37474822998047
XGBoost,13:05:15/scan-013,13:05:15,13CO2,0.8247429728507996,1.1945768594741821,0.36983388662338257,0.36983388662338257
XGBoost,13:05:15/scan-013,13:05:15,12CO2,73.7419204711914,108.85758209228516,35.11566162109375,35.11566162109375
XGBoost,13:05:15/scan-014,13:05:15,13CO2,0.8247429728507996,1.180845856666565,0.3561028838157654,0.3561028838157654
XGBoost,13:05:15/scan-014,13:05:15,12CO2,73.7419204711914,107.6109390258789,33.8690185546875,33.8690185546875
XGBoost,13:05:15/scan-015,13:05:15,13CO2,0.8247429728507996,1.2299408912658691,0.4051979184150696,0.4051979184150696
XGBoost,13:05:15/scan-015,13:05:15,12CO2,73.7419204711914,111.46355438232422,37.72163391113281,37.72163391113281
XGBoost,13:05:15/scan-016,13:05:15,13CO2,0.8247429728507996,1.0839941501617432,0.2592511773109436,0.2592511773109436
XGBoost,13:05:15/scan-016,13:05:15,12CO2,73.7419204711914,105.8626937866211,32.12077331542969,32.12077331542969
XGBoost,13:05:15/scan-017,13:05:15,13CO2,0.8247429728507996,1.0426360368728638,0.2178930640220642,0.2178930640220642
XGBoost,13:05:15/scan-017,13:05:15,12CO2,73.7419204711914,103.9328842163086,30.190963745117188,30.190963745117188
XGBoost,13:05:15/scan-018,13:05:15,13CO2,0.8247429728507996,0.6944304704666138,-0.1303125023841858,0.1303125023841858
XGBoost,13:05:15/scan-018,13:05:15,12CO2,73.7419204711914,52.1872673034668,-21.55465316772461,21.55465316772461
XGBoost,13:05:15/scan-019,13:05:15,13CO2,0.8247429728507996,0.7006320357322693,-0.12411093711853027,0.12411093711853027
XGBoost,13:05:15/scan-019,13:05:15,12CO2,73.7419204711914,51.420833587646484,-22.321086883544922,22.321086883544922
XGBoost,13:14:37/scan-000,13:14:37,13CO2,1.2371150255203247,0.7985539436340332,-0.4385610818862915,0.4385610818862915
XGBoost,13:14:37/scan-000,13:14:37,12CO2,110.61288452148438,73.60057830810547,-37.012306213378906,37.012306213378906
XGBoost,13:14:37/scan-001,13:14:37,13CO2,1.2371150255203247,0.8294632434844971,-0.40765178203582764,0.40765178203582764
XGBoost,13:14:37/scan-001,13:14:37,12CO2,110.61288452148438,73.80477905273438,-36.80810546875,36.80810546875
XGBoost,13:14:37/scan-002,13:14:37,13CO2,1.2371150255203247,1.0537344217300415,-0.1833806037902832,0.1833806037902832
XGBoost,13:14:37/scan-002,13:14:37,12CO2,110.61288452148438,100.15447998046875,-10.458404541015625,10.458404541015625
XGBoost,13:14:37/scan-003,13:14:37,13CO2,1.2371150255203247,1.0530132055282593,-0.18410181999206543,0.18410181999206543
XGBoost,13:14:37/scan-003,13:14:37,12CO2,110.61288452148438,100.65907287597656,-9.953811645507812,9.953811645507812
XGBoost,13:14:37/scan-004,13:14:37,13CO2,1.2371150255203247,1.039759874343872,-0.19735515117645264,0.19735515117645264
XGBoost,13:14:37/scan-004,13:14:37,12CO2,110.61288452148438,96.89555358886719,-13.717330932617188,13.717330932617188
XGBoost,13:14:37/scan-005,13:14:37,13CO2,1.2371150255203247,1.0635573863983154,-0.17355763912200928,0.17355763912200928
XGBoost,13:14:37/scan-005,13:14:37,12CO2,110.61288452148438,102.53167724609375,-8.081207275390625,8.081207275390625
XGBoost,13:14:37/scan-006,13:14:37,13CO2,1.2371150255203247,1.1634706258773804,-0.07364439964294434,0.07364439964294434
XGBoost,13:14:37/scan-006,13:14:37,12CO2,110.61288452148438,105.06822204589844,-5.5446624755859375,5.5446624755859375
XGBoost,13:14:37/scan-007,13:14:37,13CO2,1.2371150255203247,1.6369740962982178,0.39985907077789307,0.39985907077789307
XGBoost,13:14:37/scan-007,13:14:37,12CO2,110.61288452148438,146.9706268310547,36.35774230957031,36.35774230957031
XGBoost,13:14:37/scan-008,13:14:37,13CO2,1.2371150255203247,1.4849252700805664,0.2478102445602417,0.2478102445602417
XGBoost,13:14:37/scan-008,13:14:37,12CO2,110.61288452148438,140.3014678955078,29.688583374023438,29.688583374023438
XGBoost,13:14:37/scan-009,13:14:37,13CO2,1.2371150255203247,1.176856279373169,-0.06025874614715576,0.06025874614715576
XGBoost,13:14:37/scan-009,13:14:37,12CO2,110.61288452148438,106.24801635742188,-4.3648681640625,4.3648681640625
XGBoost,13:14:37/scan-010,13:14:37,13CO2,1.2371150255203247,1.5182840824127197,0.281169056892395,0.281169056892395
XGBoost,13:14:37/scan-010,13:14:37,12CO2,110.61288452148438,143.75836181640625,33.145477294921875,33.145477294921875
XGBoost,13:14:37/scan-011,13:14:37,13CO2,1.2371150255203247,1.6234818696975708,0.3863668441772461,0.3863668441772461
XGBoost,13:14:37/scan-011,13:14:37,12CO2,110.61288452148438,146.69371032714844,36.08082580566406,36.08082580566406
XGBoost,13:14:37/scan-012,13:14:37,13CO2,1.2371150255203247,1.0671557188034058,-0.16995930671691895,0.16995930671691895
XGBoost,13:14:37/scan-012,13:14:37,12CO2,110.61288452148438,101.54296112060547,-9.069923400878906,9.069923400878906
XGBoost,13:14:37/scan-013,13:14:37,13CO2,1.2371150255203247,1.5181965827941895,0.28108155727386475,0.28108155727386475
XGBoost,13:14:37/scan-013,13:14:37,12CO2,110.61288452148438,142.95848083496094,32.34559631347656,32.34559631347656
XGBoost,13:14:37/scan-014,13:14:37,13CO2,1.2371150255203247,1.495227336883545,0.2581123113632202,0.2581123113632202
XGBoost,13:14:37/scan-014,13:14:37,12CO2,110.61288452148438,141.24066162109375,30.627777099609375,30.627777099609375
XGBoost,13:14:37/scan-015,13:14:37,13CO2,1.2371150255203247,1.6424410343170166,0.4053260087966919,0.4053260087966919
XGBoost,13:14:37/scan-015,13:14:37,12CO2,110.61288452148438,148.21678161621094,37.60389709472656,37.60389709472656
XGBoost,13:14:37/scan-016,13:14:37,13CO2,1.2371150255203247,1.634299635887146,0.3971846103668213,0.3971846103668213
XGBoost,13:14:37/scan-016,13:14:37,12CO2,110.61288452148438,147.11631774902344,36.50343322753906,36.50343322753906
XGBoost,13:14:37/scan-017,13:14:37,13CO2,1.2371150255203247,1.0548549890518188,-0.18226003646850586,0.18226003646850586
XGBoost,13:14:37/scan-017,13:14:37,12CO2,110.61288452148438,99.92134857177734,-10.691535949707031,10.691535949707031
XGBoost,13:14:37/scan-018,13:14:37,13CO2,1.2371150255203247,1.4954841136932373,0.2583690881729126,0.2583690881729126
XGBoost,13:14:37/scan-018,13:14:37,12CO2,110.61288452148438,138.86598205566406,28.253097534179688,28.253097534179688
XGBoost,13:14:37/scan-019,13:14:37,13CO2,1.2371150255203247,1.0638163089752197,-0.17329871654510498,0.17329871654510498
XGBoost,13:14:37/scan-019,13:14:37,12CO2,110.61288452148438,97.9618148803711,-12.651069641113281,12.651069641113281
XGBoost,13:24:02/scan-000,13:24:02,13CO2,1.649487018585205,1.2469791173934937,-0.4025079011917114,0.4025079011917114
XGBoost,13:24:02/scan-000,13:24:02,12CO2,147.4838409423828,110.7860107421875,-36.69783020019531,36.69783020019531
XGBoost,13:24:02/scan-001,13:24:02,13CO2,1.649487018585205,1.233455777168274,-0.41603124141693115,0.41603124141693115
XGBoost,13:24:02/scan-001,13:24:02,12CO2,147.4838409423828,109.1900405883789,-38.293800354003906,38.293800354003906
XGBoost,13:24:02/scan-002,13:24:02,13CO2,1.649487018585205,1.378319501876831,-0.271167516708374,0.271167516708374
XGBoost,13:24:02/scan-002,13:24:02,12CO2,147.4838409423828,138.5122528076172,-8.971588134765625,8.971588134765625
XGBoost,13:24:02/scan-003,13:24:02,13CO2,1.649487018585205,1.4244921207427979,-0.22499489784240723,0.22499489784240723
XGBoost,13:24:02/scan-003,13:24:02,12CO2,147.4838409423828,142.73313903808594,-4.750701904296875,4.750701904296875
XGBoost,13:24:02/scan-004,13:24:02,13CO2,1.649487018585205,1.488601565361023,-0.16088545322418213,0.16088545322418213
XGBoost,13:24:02/scan-004,13:24:02,12CO2,147.4838409423828,145.49842834472656,-1.98541259765625,1.98541259765625
XGBoost,13:24:02/scan-005,13:24:02,13CO2,1.649487018585205,1.4583218097686768,-0.19116520881652832,0.19116520881652832
XGBoost,13:24:02/scan-005,13:24:02,12CO2,147.4838409423828,146.7134552001953,-0.7703857421875,0.7703857421875
XGBoost,13:24:02/scan-006,13:24:02,13CO2,1.649487018585205,1.4972988367080688,-0.15218818187713623,0.15218818187713623
XGBoost,13:24:02/scan-006,13:24:02,12CO2,147.4838409423828,148.8695068359375,1.3856658935546875,1.3856658935546875
XGBoost,13:24:02/scan-007,13:24:02,13CO2,1.649487018585205,1.979720115661621,0.330233097076416,0.330233097076416
XGBoost,13:24:02/scan-007,13:24:02,12CO2,147.4838409423828,179.95669555664062,32.47285461425781,32.47285461425781
XGBoost,13:24:02/scan-008,13:24:02,13CO2,1.649487018585205,2.0452890396118164,0.39580202102661133,0.39580202102661133
XGBoost,13:24:02/scan-008,13:24:02,12CO2,147.4838409423828,182.36398315429688,34.88014221191406,34.88014221191406
XGBoost,13:24:02/scan-009,13:24:02,13CO2,1.649487018585205,1.494634985923767,-0.154852032661438,0.154852032661438
XGBoost,13:24:02/scan-009,13:24:02,12CO2,147.4838409423828,147.28640747070312,-0.1974334716796875,0.1974334716796875
XGBoost,13:24:02/scan-010,13:24:02,13CO2,1.649487018585205,1.9710708856582642,0.3215838670730591,0.3215838670730591
XGBoost,13:24:02/scan-010,13:24:02,12CO2,147.4838409423828,176.5322265625,29.048385620117188,29.048385620117188
XGBoost,13:24:02/scan-011,13:24:02,13CO2,1.649487018585205,1.490114450454712,-0.15937256813049316,0.15937256813049316
XGBoost,13:24:02/scan-011,13:24:02,12CO2,147.4838409423828,148.22622680664062,0.7423858642578125,0.7423858642578125
XGBoost,13:24:02/scan-012,13:24:02,13CO2,1.649487018585205,1.469862937927246,-0.17962408065795898,0.17962408065795898
XGBoost,13:24:02/scan-012,13:24:02,12CO2,147.4838409423828,145.83746337890625,-1.6463775634765625,1.6463775634765625
XGBoost,13:24:02/scan-013,13:24:02,13CO2,1.649487018585205,1.9505767822265625,0.3010897636413574,0.3010897636413574
XGBoost,13:24:02/scan-013,13:24:02,12CO2,147.4838409423828,177.0634002685547,29.579559326171875,29.579559326171875
XGBoost,13:24:02/scan-014,13:24:02,13CO2,1.649487018585205,1.4909789562225342,-0.1585080623626709,0.1585080623626709
XGBoost,13:24:02/scan-014,13:24:02,12CO2,147.4838409423828,148.1395721435547,0.655731201171875,0.655731201171875
XGBoost,13:24:02/scan-015,13:24:02,13CO2,1.649487018585205,2.0046727657318115,0.35518574714660645,0.35518574714660645
XGBoost,13:24:02/scan-015,13:24:02,12CO2,147.4838409423828,178.9520263671875,31.468185424804688,31.468185424804688
XGBoost,13:24:02/scan-016,13:24:02,13CO2,1.649487018585205,1.4883639812469482,-0.16112303733825684,0.16112303733825684
XGBoost,13:24:02/scan-016,13:24:02,12CO2,147.4838409423828,147.12034606933594,-0.363494873046875,0.363494873046875
XGBoost,13:24:02/scan-017,13:24:02,13CO2,1.649487018585205,1.367958426475525,-0.2815285921096802,0.2815285921096802
XGBoost,13:24:02/scan-017,13:24:02,12CO2,147.4838409423828,138.40249633789062,-9.081344604492188,9.081344604492188
XGBoost,13:24:02/scan-018,13:24:02,13CO2,1.649487018585205,1.36171555519104,-0.28777146339416504,0.28777146339416504
XGBoost,13:24:02/scan-018,13:24:02,12CO2,147.4838409423828,139.0726318359375,-8.411209106445312,8.411209106445312
XGBoost,13:24:02/scan-019,13:24:02,13CO2,1.649487018585205,1.4924944639205933,-0.15699255466461182,0.15699255466461182
XGBoost,13:24:02/scan-019,13:24:02,12CO2,147.4838409423828,149.2498321533203,1.7659912109375,1.7659912109375
XGBoost,13:33:30/scan-000,13:33:30,13CO2,2.0618579387664795,1.6446294784545898,-0.41722846031188965,0.41722846031188965
XGBoost,13:33:30/scan-000,13:33:30,12CO2,184.3548126220703,148.1048583984375,-36.24995422363281,36.24995422363281
XGBoost,13:33:30/scan-001,13:33:30,13CO2,2.0618579387664795,1.6892242431640625,-0.372633695602417,0.372633695602417
XGBoost,13:33:30/scan-001,13:33:30,12CO2,184.3548126220703,152.47726440429688,-31.877548217773438,31.877548217773438
XGBoost,13:33:30/scan-002,13:33:30,13CO2,2.0618579387664795,1.7968910932540894,-0.26496684551239014,0.26496684551239014
XGBoost,13:33:30/scan-002,13:33:30,12CO2,184.3548126220703,160.62705993652344,-23.727752685546875,23.727752685546875
XGBoost,13:33:30/scan-003,13:33:30,13CO2,2.0618579387664795,1.8909393548965454,-0.17091858386993408,0.17091858386993408
XGBoost,13:33:30/scan-003,13:33:30,12CO2,184.3548126220703,164.73434448242188,-19.620468139648438,19.620468139648438
XGBoost,13:33:30/scan-004,13:33:30,13CO2,2.0618579387664795,1.8940482139587402,-0.16780972480773926,0.16780972480773926
XGBoost,13:33:30/scan-004,13:33:30,12CO2,184.3548126220703,164.8470916748047,-19.507720947265625,19.507720947265625
XGBoost,13:33:30/scan-005,13:33:30,13CO2,2.0618579387664795,1.907029390335083,-0.15482854843139648,0.15482854843139648
XGBoost,13:33:30/scan-005,13:33:30,12CO2,184.3548126220703,166.11407470703125,-18.240737915039062,18.240737915039062
XGBoost,13:33:30/scan-006,13:33:30,13CO2,2.0618579387664795,1.8674060106277466,-0.1944519281387329,0.1944519281387329
XGBoost,13:33:30/scan-006,13:33:30,12CO2,184.3548126220703,162.7187042236328,-21.6361083984375,21.6361083984375
XGBoost,13:33:30/scan-007,13:33:30,13CO2,2.0618579387664795,1.8543232679367065,-0.20753467082977295,0.20753467082977295
XGBoost,13:33:30/scan-007,13:33:30,12CO2,184.3548126220703,163.35748291015625,-20.997329711914062,20.997329711914062
XGBoost,13:33:30/scan-008,13:33:30,13CO2,2.0618579387664795,1.9142093658447266,-0.14764857292175293,0.14764857292175293
XGBoost,13:33:30/scan-008,13:33:30,12CO2,184.3548126220703,166.11351013183594,-18.241302490234375,18.241302490234375
XGBoost,13:33:30/scan-009,13:33:30,13CO2,2.0618579387664795,1.9096689224243164,-0.15218901634216309,0.15218901634216309
XGBoost,13:33:30/scan-009,13:33:30,12CO2,184.3548126220703,165.18675231933594,-19.168060302734375,19.168060302734375
XGBoost,13:33:30/scan-010,13:33:30,13CO2,2.0618579387664795,1.8827975988388062,-0.17906033992767334,0.17906033992767334
XGBoost,13:33:30/scan-010,13:33:30,12CO2,184.3548126220703,164.19244384765625,-20.162368774414062,20.162368774414062
XGBoost,13:33:30/scan-011,13:33:30,13CO2,2.0618579387664795,1.8652862310409546,-0.1965717077255249,0.1965717077255249
XGBoost,13:33:30/scan-011,13:33:30,12CO2,184.3548126220703,165.38011169433594,-18.974700927734375,18.974700927734375
XGBoost,13:33:30/scan-012,13:33:30,13CO2,2.0618579387664795,1.9187570810317993,-0.14310085773468018,0.14310085773468018
XGBoost,13:33:30/scan-012,13:33:30,12CO2,184.3548126220703,165.81536865234375,-18.539443969726562,18.539443969726562
XGBoost,13:33:30/scan-013,13:33:30,13CO2,2.0618579387664795,2.452707529067993,0.39084959030151367,0.39084959030151367
XGBoost,13:33:30/scan-013,13:33:30,12CO2,184.3548126220703,221.1796112060547,36.824798583984375,36.824798583984375
XGBoost,13:33:30/scan-014,13:33:30,13CO2,2.0618579387664795,2.4510498046875,0.3891918659210205,0.3891918659210205
XGBoost,13:33:30/scan-014,13:33:30,12CO2,184.3548126220703,220.60433959960938,36.24952697753906,36.24952697753906
XGBoost,13:33:30/scan-015,13:33:30,13CO2,2.0618579387664795,2.470608711242676,0.4087507724761963,0.4087507724761963
XGBoost,13:33:30/scan-015,13:33:30,12CO2,184.3548126220703,220.41043090820312,36.05561828613281,36.05561828613281
XGBoost,13:33:30/scan-016,13:33:30,13CO2,2.0618579387664795,2.4564321041107178,0.3945741653442383,0.3945741653442383
XGBoost,13:33:30/scan-016,13:33:30,12CO2,184.3548126220703,220.72557067871094,36.370758056640625,36.370758056640625
XGBoost,13:33:30/scan-017,13:33:30,13CO2,2.0618579387664795,2.46347713470459,0.40161919593811035,0.40161919593811035
XGBoost,13:33:30/scan-017,13:33:30,12CO2,184.3548126220703,220.97906494140625,36.62425231933594,36.62425231933594
XGBoost,13:33:30/scan-018,13:33:30,13CO2,2.0618579387664795,2.4469618797302246,0.3851039409637451,0.3851039409637451
XGBoost,13:33:30/scan-018,13:33:30,12CO2,184.3548126220703,220.73854064941406,36.38372802734375,36.38372802734375
XGBoost,13:33:30/scan-019,13:33:30,13CO2,2.0618579387664795,1.9033530950546265,-0.15850484371185303,0.15850484371185303
XGBoost,13:33:30/scan-019,13:33:30,12CO2,184.3548126220703,165.9514923095703,-18.4033203125,18.4033203125
XGBoost,13:43:08/scan-000,13:43:08,13CO2,2.4742300510406494,2.0661158561706543,-0.4081141948699951,0.4081141948699951
XGBoost,13:43:08/scan-000,13:43:08,12CO2,221.22576904296875,185.26458740234375,-35.961181640625,35.961181640625
XGBoost,13:43:08/scan-001,13:43:08,13CO2,2.4742300510406494,2.0454256534576416,-0.4288043975830078,0.4288043975830078
XGBoost,13:43:08/scan-001,13:43:08,12CO2,221.22576904296875,184.3111114501953,-36.91465759277344,36.91465759277344
XGBoost,13:43:08/scan-002,13:43:08,13CO2,2.4742300510406494,2.0441572666168213,-0.4300727844238281,0.4300727844238281
XGBoost,13:43:08/scan-002,13:43:08,12CO2,221.22576904296875,182.83872985839844,-38.38703918457031,38.38703918457031
XGBoost,13:43:08/scan-003,13:43:08,13CO2,2.4742300510406494,2.0589041709899902,-0.4153258800506592,0.4153258800506592
XGBoost,13:43:08/scan-003,13:43:08,12CO2,221.22576904296875,184.71487426757812,-36.510894775390625,36.510894775390625
XGBoost,13:43:08/scan-004,13:43:08,13CO2,2.4742300510406494,2.054635524749756,-0.41959452629089355,0.41959452629089355
XGBoost,13:43:08/scan-004,13:43:08,12CO2,221.22576904296875,183.4473876953125,-37.77838134765625,37.77838134765625
XGBoost,13:43:08/scan-005,13:43:08,13CO2,2.4742300510406494,2.036414623260498,-0.43781542778015137,0.43781542778015137
XGBoost,13:43:08/scan-005,13:43:08,12CO2,221.22576904296875,182.1649932861328,-39.06077575683594,39.06077575683594
XGBoost,13:43:08/scan-006,13:43:08,13CO2,2.4742300510406494,2.0259745121002197,-0.4482555389404297,0.4482555389404297
XGBoost,13:43:08/scan-006,13:43:08,12CO2,221.22576904296875,180.27877807617188,-40.946990966796875,40.946990966796875
XGBoost,13:43:08/scan-007,13:43:08,13CO2,2.4742300510406494,2.04600191116333,-0.42822813987731934,0.42822813987731934
XGBoost,13:43:08/scan-007,13:43:08,12CO2,221.22576904296875,183.09603881835938,-38.129730224609375,38.129730224609375
XGBoost,13:43:08/scan-008,13:43:08,13CO2,2.4742300510406494,2.025512456893921,-0.4487175941467285,0.4487175941467285
XGBoost,13:43:08/scan-008,13:43:08,12CO2,221.22576904296875,181.8426055908203,-39.38316345214844,39.38316345214844
XGBoost,13:43:08/scan-009,13:43:08,13CO2,2.4742300510406494,2.038257122039795,-0.4359729290008545,0.4359729290008545
XGBoost,13:43:08/scan-009,13:43:08,12CO2,221.22576904296875,182.76309204101562,-38.462677001953125,38.462677001953125
XGBoost,13:43:08/scan-010,13:43:08,13CO2,2.4742300510406494,2.03114652633667,-0.4430835247039795,0.4430835247039795
XGBoost,13:43:08/scan-010,13:43:08,12CO2,221.22576904296875,179.67442321777344,-41.55134582519531,41.55134582519531
XGBoost,13:43:08/scan-011,13:43:08,13CO2,2.4742300510406494,2.052049398422241,-0.4221806526184082,0.4221806526184082
XGBoost,13:43:08/scan-011,13:43:08,12CO2,221.22576904296875,184.0994110107422,-37.12635803222656,37.12635803222656
XGBoost,13:43:08/scan-012,13:43:08,13CO2,2.4742300510406494,2.0472564697265625,-0.4269735813140869,0.4269735813140869
XGBoost,13:43:08/scan-012,13:43:08,12CO2,221.22576904296875,182.3345947265625,-38.89117431640625,38.89117431640625
XGBoost,13:43:08/scan-013,13:43:08,13CO2,2.4742300510406494,2.013568162918091,-0.4606618881225586,0.4606618881225586
XGBoost,13:43:08/scan-013,13:43:08,12CO2,221.22576904296875,182.1202392578125,-39.10552978515625,39.10552978515625
XGBoost,13:43:08/scan-014,13:43:08,13CO2,2.4742300510406494,2.0408339500427246,-0.4333961009979248,0.4333961009979248
XGBoost,13:43:08/scan-014,13:43:08,12CO2,221.22576904296875,183.0291748046875,-38.19659423828125,38.19659423828125
XGBoost,13:43:08/scan-015,13:43:08,13CO2,2.4742300510406494,2.0547986030578613,-0.4194314479827881,0.4194314479827881
XGBoost,13:43:08/scan-015,13:43:08,12CO2,221.22576904296875,183.21905517578125,-38.0067138671875,38.0067138671875
XGBoost,13:43:08/scan-016,13:43:08,13CO2,2.4742300510406494,2.0369625091552734,-0.437267541885376,0.437267541885376
XGBoost,13:43:08/scan-016,13:43:08,12CO2,221.22576904296875,183.51792907714844,-37.70783996582031,37.70783996582031
XGBoost,13:43:08/scan-017,13:43:08,13CO2,2.4742300510406494,2.0006661415100098,-0.47356390953063965,0.47356390953063965
XGBoost,13:43:08/scan-017,13:43:08,12CO2,221.22576904296875,179.9292449951172,-41.29652404785156,41.29652404785156
XGBoost,13:43:08/scan-018,13:43:08,13CO2,2.4742300510406494,2.0276143550872803,-0.44661569595336914,0.44661569595336914
XGBoost,13:43:08/scan-018,13:43:08,12CO2,221.22576904296875,182.41873168945312,-38.807037353515625,38.807037353515625
XGBoost,13:43:08/scan-019,13:43:08,13CO2,2.4742300510406494,2.063084363937378,-0.4111456871032715,0.4111456871032715
XGBoost,13:43:08/scan-019,13:43:08,12CO2,221.22576904296875,184.51132202148438,-36.714447021484375,36.714447021484375
GradientBoosting,12:46:00/scan-000,12:46:00,13CO2,0.0,0.787247146442476,0.787247146442476,0.787247146442476
GradientBoosting,12:46:00/scan-000,12:46:00,12CO2,0.0,70.38934037911899,70.38934037911899,70.38934037911899
GradientBoosting,12:46:00/scan-001,12:46:00,13CO2,0.0,0.41121559789461243,0.41121559789461243,0.41121559789461243
GradientBoosting,12:46:00/scan-001,12:46:00,12CO2,0.0,36.76756515458279,36.76756515458279,36.76756515458279
GradientBoosting,12:46:00/scan-002,12:46:00,13CO2,0.0,0.4128223479258446,0.4128223479258446,0.4128223479258446
GradientBoosting,12:46:00/scan-002,12:46:00,12CO2,0.0,36.91122764803357,36.91122764803357,36.91122764803357
GradientBoosting,12:46:00/scan-003,12:46:00,13CO2,0.0,0.40476322528763864,0.40476322528763864,0.40476322528763864
GradientBoosting,12:46:00/scan-003,12:46:00,12CO2,0.0,36.19064892599191,36.19064892599191,36.19064892599191
GradientBoosting,12:46:00/scan-004,12:46:00,13CO2,0.0,0.41615530936056955,0.41615530936056955,0.41615530936056955
GradientBoosting,12:46:00/scan-004,12:46:00,12CO2,0.0,37.20923434988659,37.20923434988659,37.20923434988659
GradientBoosting,12:46:00/scan-005,12:46:00,13CO2,0.0,0.41244164866608657,0.41244164866608657,0.41244164866608657
GradientBoosting,12:46:00/scan-005,12:46:00,12CO2,0.0,36.87718835868069,36.87718835868069,36.87718835868069
GradientBoosting,12:46:00/scan-006,12:46:00,13CO2,0.0,0.4237321632576815,0.4237321632576815,0.4237321632576815
GradientBoosting,12:46:00/scan-006,12:46:00,12CO2,0.0,37.886695098811096,37.886695098811096,37.886695098811096
GradientBoosting,12:46:00/scan-007,12:46:00,13CO2,0.0,0.41502033526643534,0.41502033526643534,0.41502033526643534
GradientBoosting,12:46:00/scan-007,12:46:00,12CO2,0.0,37.10775446636565,37.10775446636565,37.10775446636565
GradientBoosting,12:46:00/scan-008,12:46:00,13CO2,0.0,0.40458420776340687,0.40458420776340687,0.40458420776340687
GradientBoosting,12:46:00/scan-008,12:46:00,12CO2,0.0,36.17464256304045,36.17464256304045,36.17464256304045
GradientBoosting,12:46:00/scan-009,12:46:00,13CO2,0.0,0.41672038586107824,0.41672038586107824,0.41672038586107824
GradientBoosting,12:46:00/scan-009,12:46:00,12CO2,0.0,37.259759138564654,37.259759138564654,37.259759138564654
GradientBoosting,12:46:00/scan-010,12:46:00,13CO2,0.0,0.41309528158514036,0.41309528158514036,0.41309528158514036
GradientBoosting,12:46:00/scan-010,12:46:00,12CO2,0.0,36.93563239554223,36.93563239554223,36.93563239554223
GradientBoosting,12:46:00/scan-011,12:46:00,13CO2,0.0,0.4115834870366665,0.4115834870366665,0.4115834870366665
GradientBoosting,12:46:00/scan-011,12:46:00,12CO2,0.0,36.800458313350376,36.800458313350376,36.800458313350376
GradientBoosting,12:46:00/scan-012,12:46:00,13CO2,0.0,0.4132847853800926,0.4132847853800926,0.4132847853800926
GradientBoosting,12:46:00/scan-012,12:46:00,12CO2,0.0,36.95257494415696,36.95257494415696,36.95257494415696
GradientBoosting,12:46:00/scan-013,12:46:00,13CO2,0.0,0.4135191445316476,0.4135191445316476,0.4135191445316476
GradientBoosting,12:46:00/scan-013,12:46:00,12CO2,0.0,36.97352992130002,36.97352992130002,36.97352992130002
GradientBoosting,12:46:00/scan-014,12:46:00,13CO2,0.0,0.42845914685592645,0.42845914685592645,0.42845914685592645
GradientBoosting,12:46:00/scan-014,12:46:00,12CO2,0.0,38.30934361023053,38.30934361023053,38.30934361023053
GradientBoosting,12:46:00/scan-015,12:46:00,13CO2,0.0,0.7867280395740572,0.7867280395740572,0.7867280395740572
GradientBoosting,12:46:00/scan-015,12:46:00,12CO2,0.0,70.3429249402543,70.3429249402543,70.3429249402543
GradientBoosting,12:46:00/scan-016,12:46:00,13CO2,0.0,0.4125758873625833,0.4125758873625833,0.4125758873625833
GradientBoosting,12:46:00/scan-016,12:46:00,12CO2,0.0,36.889190507987756,36.889190507987756,36.889190507987756
GradientBoosting,12:46:00/scan-017,12:46:00,13CO2,0.0,0.4124556753980149,0.4124556753980149,0.4124556753980149
GradientBoosting,12:46:00/scan-017,12:46:00,12CO2,0.0,36.878442555781994,36.878442555781994,36.878442555781994
GradientBoosting,12:46:00/scan-018,12:46:00,13CO2,0.0,0.4024932699716939,0.4024932699716939,0.4024932699716939
GradientBoosting,12:46:00/scan-018,12:46:00,12CO2,0.0,35.98768691076318,35.98768691076318,35.98768691076318
GradientBoosting,12:46:00/scan-019,12:46:00,13CO2,0.0,0.41250820230911633,0.41250820230911633,0.41250820230911633
GradientBoosting,12:46:00/scan-019,12:46:00,12CO2,0.0,36.88313912475545,36.88313912475545,36.88313912475545
GradientBoosting,12:55:42/scan-000,12:55:42,13CO2,0.41237199306488037,0.001382860876484306,-0.41098913218839606,0.41098913218839606
GradientBoosting,12:55:42/scan-000,12:55:42,12CO2,36.8709602355957,0.06158248054977208,-36.80937775504593,36.80937775504593
GradientBoosting,12:55:42/scan-001,12:55:42,13CO2,0.41237199306488037,0.002357036742940638,-0.41001495632193974,0.41001495632193974
GradientBoosting,12:55:42/scan-001,12:55:42,12CO2,36.8709602355957,0.2775210374312607,-36.59343919816444,36.59343919816444
GradientBoosting,12:55:42/scan-002,12:55:42,13CO2,0.41237199306488037,0.7742871962393449,0.3619152031744646,0.3619152031744646
GradientBoosting,12:55:42/scan-002,12:55:42,12CO2,36.8709602355957,69.21663895974532,32.34567872414962,32.34567872414962
GradientBoosting,12:55:42/scan-003,12:55:42,13CO2,0.41237199306488037,0.8353596432975896,0.42298765023270923,0.42298765023270923
GradientBoosting,12:55:42/scan-003,12:55:42,12CO2,36.8709602355957,74.53629269837785,37.665332462782146,37.665332462782146
GradientBoosting,12:55:42/scan-004,12:55:42,13CO2,0.41237199306488037,0.6093205702977043,0.19694857723282388,0.19694857723282388
GradientBoosting,12:55:42/scan-004,12:55:42,12CO2,36.8709602355957,57.70353851711815,20.832578281522444,20.832578281522444
GradientBoosting,12:55:42/scan-005,12:55:42,13CO2,0.41237199306488037,0.7701920120450754,0.357820018980195,0.357820018980195
GradientBoosting,12:55:42/scan-005,12:55:42,12CO2,36.8709602355957,69.05311913866802,32.18215890307232,32.18215890307232
GradientBoosting,12:55:42/scan-006,12:55:42,13CO2,0.41237199306488037,0.820666233661275,0.40829424059639463,0.40829424059639463
GradientBoosting,12:55:42/scan-006,12:55:42,12CO2,36.8709602355957,67.0401625908046,30.169202355208895,30.169202355208895
GradientBoosting,12:55:42/scan-007,12:55:42,13CO2,0.41237199306488037,0.7589501586540451,0.34657816558916477,0.34657816558916477
GradientBoosting,12:55:42/scan-007,12:55:42,12CO2,36.8709602355957,64.84754452328998,27.97658428769428,27.97658428769428
GradientBoosting,12:55:42/scan-008,12:55:42,13CO2,0.41237199306488037,0.7752443639778791,0.36287237091299873,0.36287237091299873
GradientBoosting,12:55:42/scan-008,12:55:42,12CO2,36.8709602355957,69.24257317617483,32.371612940579126,32.371612940579126
GradientBoosting,12:55:42/scan-009,12:55:42,13CO2,0.41237199306488037,0.540921798944122,0.12854980587924159,0.12854980587924159
GradientBoosting,12:55:42/scan-009,12:55:42,12CO2,36.8709602355957,35.353556003140675,-1.5174042324550285,1.5174042324550285
GradientBoosting,12:55:42/scan-010,12:55:42,13CO2,0.41237199306488037,0.8449964936476131,0.4326245005827327,0.4326245005827327
GradientBoosting,12:55:42/scan-010,12:55:42,12CO2,36.8709602355957,75.76472838229489,38.89376814669919,38.89376814669919
GradientBoosting,12:55:42/scan-011,12:55:42,13CO2,0.41237199306488037,0.63314624090368,0.22077424783879962,0.22077424783879962
GradientBoosting,12:55:42/scan-011,12:55:42,12CO2,36.8709602355957,62.42953904030299,25.558578804707288,25.558578804707288
GradientBoosting,12:55:42/scan-012,12:55:42,13CO2,0.41237199306488037,0.7698179522762427,0.35744595921136235,0.35744595921136235
GradientBoosting,12:55:42/scan-012,12:55:42,12CO2,36.8709602355957,69.05085954944086,32.179899313845155,32.179899313845155
GradientBoosting,12:55:42/scan-013,12:55:42,13CO2,0.41237199306488037,0.6440057315267866,0.23163373846190627,0.23163373846190627
GradientBoosting,12:55:42/scan-013,12:55:42,12CO2,36.8709602355957,60.84305610845774,23.972095872862035,23.972095872862035
GradientBoosting,12:55:42/scan-014,12:55:42,13CO2,0.41237199306488037,0.3315756631401936,-0.08079632992468677,0.08079632992468677
GradientBoosting,12:55:42/scan-014,12:55:42,12CO2,36.8709602355957,27.08644957231932,-9.784510663276382,9.784510663276382
GradientBoosting,12:55:42/scan-015,12:55:42,13CO2,0.41237199306488037,0.770954680213709,0.3585826871488287,0.3585826871488287
GradientBoosting,12:55:42/scan-015,12:55:42,12CO2,36.8709602355957,69.02970012921189,32.158739893616186,32.158739893616186
GradientBoosting,12:55:42/scan-016,12:55:42,13CO2,0.41237199306488037,0.7579753785815357,0.34560338551665537,0.34560338551665537
GradientBoosting,12:55:42/scan-016,12:55:42,12CO2,36.8709602355957,63.00117849042866,26.130218254832954,26.130218254832954
GradientBoosting,12:55:42/scan-017,12:55:42,13CO2,0.41237199306488037,0.7724257404403251,0.3600537473754447,0.3600537473754447
GradientBoosting,12:55:42/scan-017,12:55:42,12CO2,36.8709602355957,67.57266929770948,30.70170906211378,30.70170906211378
GradientBoosting,12:55:42/scan-018,12:55:42,13CO2,0.41237199306488037,0.7604601398495644,0.348088146784684,0.348088146784684
GradientBoosting,12:55:42/scan-018,12:55:42,12CO2,36.8709602355957,66.48373148362056,29.612771248024856,29.612771248024856
GradientBoosting,12:55:42/scan-019,12:55:42,13CO2,0.41237199306488037,0.776907970158565,0.3645359770936847,0.3645359770936847
GradientBoosting,12:55:42/scan-019,12:55:42,12CO2,36.8709602355957,69.02181301245814,32.150852776862436,32.150852776862436
GradientBoosting,13:05:15/scan-000,13:05:15,13CO2,0.8247429728507996,0.37872312487732235,-0.4460198479734772,0.4460198479734772
GradientBoosting,13:05:15/scan-000,13:05:15,12CO2,73.7419204711914,33.26767853427215,-40.474241936919256,40.474241936919256
GradientBoosting,13:05:15/scan-001,13:05:15,13CO2,0.8247429728507996,0.32934171094683296,-0.4954012619039666,0.4954012619039666
GradientBoosting,13:05:15/scan-001,13:05:15,12CO2,73.7419204711914,32.95147671957333,-40.79044375161808,40.79044375161808
GradientBoosting,13:05:15/scan-002,13:05:15,13CO2,0.8247429728507996,0.9262868992224694,0.10154392637166987,0.10154392637166987
GradientBoosting,13:05:15/scan-002,13:05:15,12CO2,73.7419204711914,88.55719514151905,14.81527467032764,14.81527467032764
GradientBoosting,13:05:15/scan-003,13:05:15,13CO2,0.8247429728507996,1.1610845882727348,0.3363416154219352,0.3363416154219352
GradientBoosting,13:05:15/scan-003,13:05:15,12CO2,73.7419204711914,107.66659708280721,33.92467661161581,33.92467661161581
GradientBoosting,13:05:15/scan-004,13:05:15,13CO2,0.8247429728507996,1.1280746480520616,0.30333167520126203,0.30333167520126203
GradientBoosting,13:05:15/scan-004,13:05:15,12CO2,73.7419204711914,107.51808394612952,33.776163474938116,33.776163474938116
GradientBoosting,13:05:15/scan-005,13:05:15,13CO2,0.8247429728507996,1.10866225092002,0.28391927806922035,0.28391927806922035
GradientBoosting,13:05:15/scan-005,13:05:15,12CO2,73.7419204711914,89.13484409700467,15.392923625813268,15.392923625813268
GradientBoosting,13:05:15/scan-006,13:05:15,13CO2,0.8247429728507996,1.0167857159159135,0.19204274306511393,0.19204274306511393
GradientBoosting,13:05:15/scan-006,13:05:15,12CO2,73.7419204711914,101.62542823304841,27.883507761857004,27.883507761857004
GradientBoosting,13:05:15/scan-007,13:05:15,13CO2,0.8247429728507996,1.2263575039625854,0.4016145311117858,0.4016145311117858
GradientBoosting,13:05:15/scan-007,13:05:15,12CO2,73.7419204711914,109.65058423098446,35.90866375979306,35.90866375979306
GradientBoosting,13:05:15/scan-008,13:05:15,13CO2,0.8247429728507996,1.106188969211808,0.28144599636100853,0.28144599636100853
GradientBoosting,13:05:15/scan-008,13:05:15,12CO2,73.7419204711914,89.19684821956862,15.454927748377216,15.454927748377216
GradientBoosting,13:05:15/scan-009,13:05:15,13CO2,0.8247429728507996,0.9733851308886288,0.1486421580378292,0.1486421580378292
GradientBoosting,13:05:15/scan-009,13:05:15,12CO2,73.7419204711914,93.2830729659704,19.541152494779,19.541152494779
GradientBoosting,13:05:15/scan-010,13:05:15,13CO2,0.8247429728507996,1.0552717393579398,0.23052876650714027,0.23052876650714027
GradientBoosting,13:05:15/scan-010,13:05:15,12CO2,73.7419204711914,85.98225498507202,12.240334513880612,12.240334513880612
GradientBoosting,13:05:15/scan-011,13:05:15,13CO2,0.8247429728507996,1.2002953938766843,0.3755524210258847,0.3755524210258847
GradientBoosting,13:05:15/scan-011,13:05:15,12CO2,73.7419204711914,104.92293774204376,31.18101727085235,31.18101727085235
GradientBoosting,13:05:15/scan-012,13:05:15,13CO2,0.8247429728507996,1.1968753319107204,0.3721323590599208,0.3721323590599208
GradientBoosting,13:05:15/scan-012,13:05:15,12CO2,73.7419204711914,109.10997612259786,35.36805565140645,35.36805565140645
GradientBoosting,13:05:15/scan-013,13:05:15,13CO2,0.8247429728507996,1.0839196618359386,0.259176688985139,0.259176688985139
GradientBoosting,13:05:15/scan-013,13:05:15,12CO2,73.7419204711914,103.07717456432059,29.33525409312918,29.33525409312918
GradientBoosting,13:05:15/scan-014,13:05:15,13CO2,0.8247429728507996,1.2124006822595725,0.387657709408773,0.387657709408773
GradientBoosting,13:05:15/scan-014,13:05:15,12CO2,73.7419204711914,108.31162967015493,34.56970919896352,34.56970919896352
GradientBoosting,13:05:15/scan-015,13:05:15,13CO2,0.8247429728507996,1.2604390812553543,0.43569610840455475,0.43569610840455475
GradientBoosting,13:05:15/scan-015,13:05:15,12CO2,73.7419204711914,111.98553937687969,38.24361890568828,38.24361890568828
GradientBoosting,13:05:15/scan-016,13:05:15,13CO2,0.8247429728507996,1.2400785116122264,0.4153355387614268,0.4153355387614268
GradientBoosting,13:05:15/scan-016,13:05:15,12CO2,73.7419204711914,111.04774020991839,37.30581973872698,37.30581973872698
GradientBoosting,13:05:15/scan-017,13:05:15,13CO2,0.8247429728507996,1.1580196447026296,0.3332766718518301,0.3332766718518301
GradientBoosting,13:05:15/scan-017,13:05:15,12CO2,73.7419204711914,104.19836161226087,30.45644114106946,30.45644114106946
GradientBoosting,13:05:15/scan-018,13:05:15,13CO2,0.8247429728507996,1.2066882900555873,0.38194531720478775,0.38194531720478775
GradientBoosting,13:05:15/scan-018,13:05:15,12CO2,73.7419204711914,105.53810267215101,31.796182200959606,31.796182200959606
GradientBoosting,13:05:15/scan-019,13:05:15,13CO2,0.8247429728507996,1.2058853269813763,0.38114235413057673,0.38114235413057673
GradientBoosting,13:05:15/scan-019,13:05:15,12CO2,73.7419204711914,108.40841407052696,34.66649359933555,34.66649359933555
GradientBoosting,13:14:37/scan-000,13:14:37,13CO2,1.2371150255203247,0.8245633167224728,-0.41255170879785186,0.41255170879785186
GradientBoosting,13:14:37/scan-000,13:14:37,12CO2,110.61288452148438,73.7315462292306,-36.88133829225377,36.88133829225377
GradientBoosting,13:14:37/scan-001,13:14:37,13CO2,1.2371150255203247,0.8326699863217135,-0.4044450391986112,0.4044450391986112
GradientBoosting,13:14:37/scan-001,13:14:37,12CO2,110.61288452148438,74.25989866724244,-36.352985854241936,36.352985854241936
GradientBoosting,13:14:37/scan-002,13:14:37,13CO2,1.2371150255203247,1.376328079282638,0.1392130537623133,0.1392130537623133
GradientBoosting,13:14:37/scan-002,13:14:37,12CO2,110.61288452148438,111.03479750589669,0.42191298441231595,0.42191298441231595
GradientBoosting,13:14:37/scan-003,13:14:37,13CO2,1.2371150255203247,1.2191421542977878,-0.01797287122253688,0.01797287122253688
GradientBoosting,13:14:37/scan-003,13:14:37,12CO2,110.61288452148438,129.89160971060744,19.278725189123065,19.278725189123065
GradientBoosting,13:14:37/scan-004,13:14:37,13CO2,1.2371150255203247,1.3892393564275802,0.15212433090725552,0.15212433090725552
GradientBoosting,13:14:37/scan-004,13:14:37,12CO2,110.61288452148438,114.2734135794482,3.660529057963828,3.660529057963828
GradientBoosting,13:14:37/scan-005,13:14:37,13CO2,1.2371150255203247,1.5269559113991111,0.2898408858787864,0.2898408858787864
GradientBoosting,13:14:37/scan-005,13:14:37,12CO2,110.61288452148438,115.60959049279154,4.996705971307165,4.996705971307165
GradientBoosting,13:14:37/scan-006,13:14:37,13CO2,1.2371150255203247,1.2900673750904594,0.05295234957013473,0.05295234957013473
GradientBoosting,13:14:37/scan-006,13:14:37,12CO2,110.61288452148438,129.44140012350377,18.828515602019394,18.828515602019394
GradientBoosting,13:14:37/scan-007,13:14:37,13CO2,1.2371150255203247,1.4073338316948887,0.17021880617456397,0.17021880617456397
GradientBoosting,13:14:37/scan-007,13:14:37,12CO2,110.61288452148438,139.6324979311084,29.019613409624014,29.019613409624014
GradientBoosting,13:14:37/scan-008,13:14:37,13CO2,1.2371150255203247,1.451610818313265,0.2144957927929403,0.2144957927929403
GradientBoosting,13:14:37/scan-008,13:14:37,12CO2,110.61288452148438,132.46669739943212,21.853812877947746,21.853812877947746
GradientBoosting,13:14:37/scan-009,13:14:37,13CO2,1.2371150255203247,1.4627533573215377,0.22563833180121295,0.22563833180121295
GradientBoosting,13:14:37/scan-009,13:14:37,12CO2,110.61288452148438,144.83235685471107,34.21947233322669,34.21947233322669
GradientBoosting,13:14:37/scan-010,13:14:37,13CO2,1.2371150255203247,1.4228080347570613,0.1856930092367366,0.1856930092367366
GradientBoosting,13:14:37/scan-010,13:14:37,12CO2,110.61288452148438,135.07475498959226,24.46187046810789,24.46187046810789
GradientBoosting,13:14:37/scan-011,13:14:37,13CO2,1.2371150255203247,1.6118821574877227,0.37476713196739797,0.37476713196739797
GradientBoosting,13:14:37/scan-011,13:14:37,12CO2,110.61288452148438,144.14866810969897,33.5357835882146,33.5357835882146
GradientBoosting,13:14:37/scan-012,13:14:37,13CO2,1.2371150255203247,1.3992607508799053,0.1621457253595806,0.1621457253595806
GradientBoosting,13:14:37/scan-012,13:14:37,12CO2,110.61288452148438,138.35714228171196,27.744257760227583,27.744257760227583
GradientBoosting,13:14:37/scan-013,13:14:37,13CO2,1.2371150255203247,1.6464494946170123,0.4093344690966876,0.4093344690966876
GradientBoosting,13:14:37/scan-013,13:14:37,12CO2,110.61288452148438,147.3944368234769,36.78155230199252,36.78155230199252
GradientBoosting,13:14:37/scan-014,13:14:37,13CO2,1.2371150255203247,1.6223918862577704,0.3852768607374457,0.3852768607374457
GradientBoosting,13:14:37/scan-014,13:14:37,12CO2,110.61288452148438,139.11728539483173,28.50440087334735,28.50440087334735
GradientBoosting,13:14:37/scan-015,13:14:37,13CO2,1.2371150255203247,1.6448973057168546,0.40778228019652984,0.40778228019652984
GradientBoosting,13:14:37/scan-015,13:14:37,12CO2,110.61288452148438,146.9771699821029,36.36428546061853,36.36428546061853
GradientBoosting,13:14:37/scan-016,13:14:37,13CO2,1.2371150255203247,1.6425255772909626,0.4054105517706379,0.4054105517706379
GradientBoosting,13:14:37/scan-016,13:14:37,12CO2,110.61288452148438,146.1876626786768,35.57477815719241,35.57477815719241
GradientBoosting,13:14:37/scan-017,13:14:37,13CO2,1.2371150255203247,1.7395090545433436,0.5023940290230189,0.5023940290230189
GradientBoosting,13:14:37/scan-017,13:14:37,12CO2,110.61288452148438,152.2151308231053,41.60224630162094,41.60224630162094
GradientBoosting,13:14:37/scan-018,13:14:37,13CO2,1.2371150255203247,1.6587380739230788,0.4216230484027541,0.4216230484027541
GradientBoosting,13:14:37/scan-018,13:14:37,12CO2,110.61288452148438,145.55139639394,34.93851187245562,34.93851187245562
GradientBoosting,13:14:37/scan-019,13:14:37,13CO2,1.2371150255203247,1.6398003450035779,0.40268531948325315,0.40268531948325315
GradientBoosting,13:14:37/scan-019,13:14:37,12CO2,110.61288452148438,146.72872798636317,36.11584346487879,36.11584346487879
GradientBoosting,13:24:02/scan-000,13:24:02,13CO2,1.649487018585205,1.2432964875828387,-0.40619053100236635,0.40619053100236635
GradientBoosting,13:24:02/scan-000,13:24:02,12CO2,147.4838409423828,110.98329511736453,-36.50054582501828,36.50054582501828
GradientBoosting,13:24:02/scan-001,13:24:02,13CO2,1.649487018585205,1.2707090441180315,-0.37877797446717354,0.37877797446717354
GradientBoosting,13:24:02/scan-001,13:24:02,12CO2,147.4838409423828,109.42911587394578,-38.05472506843704,38.05472506843704
GradientBoosting,13:24:02/scan-002,13:24:02,13CO2,1.649487018585205,1.6673623032739202,0.017875284688715132,0.017875284688715132
GradientBoosting,13:24:02/scan-002,13:24:02,12CO2,147.4838409423828,131.348654046859,-16.135186895523816,16.135186895523816
GradientBoosting,13:24:02/scan-003,13:24:02,13CO2,1.649487018585205,1.843432657513959,0.19394563892875394,0.19394563892875394
GradientBoosting,13:24:02/scan-003,13:24:02,12CO2,147.4838409423828,167.5496793628687,20.065838420485875,20.065838420485875
GradientBoosting,13:24:02/scan-004,13:24:02,13CO2,1.649487018585205,1.822351846063649,0.1728648274784439,0.1728648274784439
GradientBoosting,13:24:02/scan-004,13:24:02,12CO2,147.4838409423828,143.00903219727044,-4.4748087451123695,4.4748087451123695
GradientBoosting,13:24:02/scan-005,13:24:02,13CO2,1.649487018585205,1.9296560874335504,0.28016906884834536,0.28016906884834536
GradientBoosting,13:24:02/scan-005,13:24:02,12CO2,147.4838409423828,179.36136288943388,31.877521947051065,31.877521947051065
GradientBoosting,13:24:02/scan-006,13:24:02,13CO2,1.649487018585205,1.8604725862630325,0.2109855676778274,0.2109855676778274
GradientBoosting,13:24:02/scan-006,13:24:02,12CO2,147.4838409423828,175.49913474492203,28.01529380253922,28.01529380253922
GradientBoosting,13:24:02/scan-007,13:24:02,13CO2,1.649487018585205,1.794125333928307,0.1446383153431019,0.1446383153431019
GradientBoosting,13:24:02/scan-007,13:24:02,12CO2,147.4838409423828,142.53433788235282,-4.949503060029997,4.949503060029997
GradientBoosting,13:24:02/scan-008,13:24:02,13CO2,1.649487018585205,2.016967799416189,0.3674807808309839,0.3674807808309839
GradientBoosting,13:24:02/scan-008,13:24:02,12CO2,147.4838409423828,183.77554411763953,36.291703175256714,36.291703175256714
GradientBoosting,13:24:02/scan-009,13:24:02,13CO2,1.649487018585205,1.8362932696766103,0.18680625109140525,0.18680625109140525
GradientBoosting,13:24:02/scan-009,13:24:02,12CO2,147.4838409423828,151.9638106839934,4.479969741610574,4.479969741610574
GradientBoosting,13:24:02/scan-010,13:24:02,13CO2,1.649487018585205,1.8575478631314866,0.2080608445462815,0.2080608445462815
GradientBoosting,13:24:02/scan-010,13:24:02,12CO2,147.4838409423828,151.52700619132298,4.04316524894017,4.04316524894017
GradientBoosting,13:24:02/scan-011,13:24:02,13CO2,1.649487018585205,1.8142049108977074,0.16471789231250233,0.16471789231250233
GradientBoosting,13:24:02/scan-011,13:24:02,12CO2,147.4838409423828,171.79865197260858,24.31481103022577,24.31481103022577
GradientBoosting,13:24:02/scan-012,13:24:02,13CO2,1.649487018585205,1.8605590111021097,0.21107199251690467,0.21107199251690467
GradientBoosting,13:24:02/scan-012,13:24:02,12CO2,147.4838409423828,151.73410481084122,4.250263868458404,4.250263868458404
GradientBoosting,13:24:02/scan-013,13:24:02,13CO2,1.649487018585205,1.8536683880004687,0.20418136941526366,0.20418136941526366
GradientBoosting,13:24:02/scan-013,13:24:02,12CO2,147.4838409423828,151.35745101374968,3.873610071366869,3.873610071366869
GradientBoosting,13:24:02/scan-014,13:24:02,13CO2,1.649487018585205,1.8563131800714219,0.2068261614862168,0.2068261614862168
GradientBoosting,13:24:02/scan-014,13:24:02,12CO2,147.4838409423828,152.15473420577422,4.670893263391406,4.670893263391406
GradientBoosting,13:24:02/scan-015,13:24:02,13CO2,1.649487018585205,1.9178550788334545,0.26836806024824944,0.26836806024824944
GradientBoosting,13:24:02/scan-015,13:24:02,12CO2,147.4838409423828,154.99395717060622,7.51011622822341,7.51011622822341
GradientBoosting,13:24:02/scan-016,13:24:02,13CO2,1.649487018585205,1.8513207383215913,0.2018337197363862,0.2018337197363862
GradientBoosting,13:24:02/scan-016,13:24:02,12CO2,147.4838409423828,151.91937226330714,4.435531320924326,4.435531320924326
GradientBoosting,13:24:02/scan-017,13:24:02,13CO2,1.649487018585205,1.8665314052980957,0.2170443867128906,0.2170443867128906
GradientBoosting,13:24:02/scan-017,13:24:02,12CO2,147.4838409423828,152.4244288016939,4.94058785931108,4.94058785931108
GradientBoosting,13:24:02/scan-018,13:24:02,13CO2,1.649487018585205,1.8524361961047304,0.20294917751952535,0.20294917751952535
GradientBoosting,13:24:02/scan-018,13:24:02,12CO2,147.4838409423828,152.51841572615902,5.034574783776208,5.034574783776208
GradientBoosting,13:24:02/scan-019,13:24:02,13CO2,1.649487018585205,2.010913683113699,0.3614266645284938,0.3614266645284938
GradientBoosting,13:24:02/scan-019,13:24:02,12CO2,147.4838409423828,180.41583756036093,32.931996617978115,32.931996617978115
GradientBoosting,13:33:30/scan-000,13:33:30,13CO2,2.0618579387664795,1.6537749736010483,-0.4080829651654312,0.4080829651654312
GradientBoosting,13:33:30/scan-000,13:33:30,12CO2,184.3548126220703,150.83423681285572,-33.52057580921459,33.52057580921459
GradientBoosting,13:33:30/scan-001,13:33:30,13CO2,2.0618579387664795,1.7315720272906605,-0.330285911475819,0.330285911475819
GradientBoosting,13:33:30/scan-001,13:33:30,12CO2,184.3548126220703,164.4529389949786,-19.901873627091703,19.901873627091703
GradientBoosting,13:33:30/scan-002,13:33:30,13CO2,2.0618579387664795,1.9349915677045015,-0.12686637106197796,0.12686637106197796
GradientBoosting,13:33:30/scan-002,13:33:30,12CO2,184.3548126220703,168.10982623421276,-16.24498638785755,16.24498638785755
GradientBoosting,13:33:30/scan-003,13:33:30,13CO2,2.0618579387664795,2.353179331645232,0.2913213928787526,0.2913213928787526
GradientBoosting,13:33:30/scan-003,13:33:30,12CO2,184.3548126220703,202.91598549892916,18.561172876858848,18.561172876858848
GradientBoosting,13:33:30/scan-004,13:33:30,13CO2,2.0618579387664795,2.366152023094319,0.30429408432783944,0.30429408432783944
GradientBoosting,13:33:30/scan-004,13:33:30,12CO2,184.3548126220703,201.77115342299635,17.416340800926037,17.416340800926037
GradientBoosting,13:33:30/scan-005,13:33:30,13CO2,2.0618579387664795,2.347704631656031,0.28584669288955133,0.28584669288955133
GradientBoosting,13:33:30/scan-005,13:33:30,12CO2,184.3548126220703,218.92242765383622,34.56761503176591,34.56761503176591
GradientBoosting,13:33:30/scan-006,13:33:30,13CO2,2.0618579387664795,2.3921959564238118,0.3303380176573323,0.3303380176573323
GradientBoosting,13:33:30/scan-006,13:33:30,12CO2,184.3548126220703,209.72005054651507,25.365237924444756,25.365237924444756
GradientBoosting,13:33:30/scan-007,13:33:30,13CO2,2.0618579387664795,2.4367224621495627,0.3748645233830832,0.3748645233830832
GradientBoosting,13:33:30/scan-007,13:33:30,12CO2,184.3548126220703,219.44868911845967,35.093876496389356,35.093876496389356
GradientBoosting,13:33:30/scan-008,13:33:30,13CO2,2.0618579387664795,2.4090895964191374,0.34723165765265795,0.34723165765265795
GradientBoosting,13:33:30/scan-008,13:33:30,12CO2,184.3548126220703,220.1891774545399,35.83436483246959,35.83436483246959
GradientBoosting,13:33:30/scan-009,13:33:30,13CO2,2.0618579387664795,2.3553686630120083,0.2935107242455288,0.2935107242455288
GradientBoosting,13:33:30/scan-009,13:33:30,12CO2,184.3548126220703,206.33485530710203,21.98004268503172,21.98004268503172
GradientBoosting,13:33:30/scan-010,13:33:30,13CO2,2.0618579387664795,2.439352818122238,0.37749487935575843,0.37749487935575843
GradientBoosting,13:33:30/scan-010,13:33:30,12CO2,184.3548126220703,219.615237089695,35.26042446762469,35.26042446762469
GradientBoosting,13:33:30/scan-011,13:33:30,13CO2,2.0618579387664795,2.4646374492235594,0.40277951045707994,0.40277951045707994
GradientBoosting,13:33:30/scan-011,13:33:30,12CO2,184.3548126220703,211.78039438542933,27.42558176335902,27.42558176335902
GradientBoosting,13:33:30/scan-012,13:33:30,13CO2,2.0618579387664795,2.46798228928506,0.40612435051858053,0.40612435051858053
GradientBoosting,13:33:30/scan-012,13:33:30,12CO2,184.3548126220703,219.850366716253,35.495554094182694,35.495554094182694
GradientBoosting,13:33:30/scan-013,13:33:30,13CO2,2.0618579387664795,2.3991645795521914,0.33730664078571193,0.33730664078571193
GradientBoosting,13:33:30/scan-013,13:33:30,12CO2,184.3548126220703,196.65701125129655,12.30219862922624,12.30219862922624
GradientBoosting,13:33:30/scan-014,13:33:30,13CO2,2.0618579387664795,2.4701444883485717,0.4082865495820922,0.4082865495820922
GradientBoosting,13:33:30/scan-014,13:33:30,12CO2,184.3548126220703,220.98197092597158,36.62715830390127,36.62715830390127
GradientBoosting,13:33:30/scan-015,13:33:30,13CO2,2.0618579387664795,2.390312949490524,0.3284550107240447,0.3284550107240447
GradientBoosting,13:33:30/scan-015,13:33:30,12CO2,184.3548126220703,204.6274250783304,20.272612456260077,20.272612456260077
GradientBoosting,13:33:30/scan-016,13:33:30,13CO2,2.0618579387664795,2.449078513481527,0.38722057471504767,0.38722057471504767
GradientBoosting,13:33:30/scan-016,13:33:30,12CO2,184.3548126220703,220.93324367357795,36.578431051507636,36.578431051507636
GradientBoosting,13:33:30/scan-017,13:33:30,13CO2,2.0618579387664795,2.4758279229421367,0.4139699841756572,0.4139699841756572
GradientBoosting,13:33:30/scan-017,13:33:30,12CO2,184.3548126220703,221.24865429900433,36.89384167693402,36.89384167693402
GradientBoosting,13:33:30/scan-018,13:33:30,13CO2,2.0618579387664795,2.3923576728962312,0.33049973412975175,0.33049973412975175
GradientBoosting,13:33:30/scan-018,13:33:30,12CO2,184.3548126220703,207.16840103166976,22.813588409599447,22.813588409599447
GradientBoosting,13:33:30/scan-019,13:33:30,13CO2,2.0618579387664795,2.3962222381732086,0.33436429940672907,0.33436429940672907
GradientBoosting,13:33:30/scan-019,13:33:30,12CO2,184.3548126220703,207.77267892135026,23.41786629927995,23.41786629927995
GradientBoosting,13:43:08/scan-000,13:43:08,13CO2,2.4742300510406494,2.071874761795606,-0.4023552892450435,0.4023552892450435
GradientBoosting,13:43:08/scan-000,13:43:08,12CO2,221.22576904296875,185.31251268695883,-35.913256356009924,35.913256356009924
GradientBoosting,13:43:08/scan-001,13:43:08,13CO2,2.4742300510406494,2.0648458216986336,-0.4093842293420158,0.4093842293420158
GradientBoosting,13:43:08/scan-001,13:43:08,12CO2,221.22576904296875,184.55878952516494,-36.66697951780381,36.66697951780381
GradientBoosting,13:43:08/scan-002,13:43:08,13CO2,2.4742300510406494,2.060957161716119,-0.41327288932453055,0.41327288932453055
GradientBoosting,13:43:08/scan-002,13:43:08,12CO2,221.22576904296875,184.276970933044,-36.94879810992475,36.94879810992475
GradientBoosting,13:43:08/scan-003,13:43:08,13CO2,2.4742300510406494,2.0663492907609355,-0.40788076027971387,0.40788076027971387
GradientBoosting,13:43:08/scan-003,13:43:08,12CO2,221.22576904296875,184.6175876667013,-36.60818137626745,36.60818137626745
GradientBoosting,13:43:08/scan-004,13:43:08,13CO2,2.4742300510406494,2.060538101299741,-0.4136919497409086,0.4136919497409086
GradientBoosting,13:43:08/scan-004,13:43:08,12CO2,221.22576904296875,184.2324727570853,-36.993296285883446,36.993296285883446
GradientBoosting,13:43:08/scan-005,13:43:08,13CO2,2.4742300510406494,2.0575111806212325,-0.4167188704194169,0.4167188704194169
GradientBoosting,13:43:08/scan-005,13:43:08,12CO2,221.22576904296875,184.13937929344794,-37.086389749520805,37.086389749520805
GradientBoosting,13:43:08/scan-006,13:43:08,13CO2,2.4742300510406494,2.0508798089321396,-0.4233502421085098,0.4233502421085098
GradientBoosting,13:43:08/scan-006,13:43:08,12CO2,221.22576904296875,183.734300449134,-37.49146859383475,37.49146859383475
GradientBoosting,13:43:08/scan-007,13:43:08,13CO2,2.4742300510406494,2.0570829669162096,-0.4171470841244398,0.4171470841244398
GradientBoosting,13:43:08/scan-007,13:43:08,12CO2,221.22576904296875,183.75612115926594,-37.469647883702805,37.469647883702805
GradientBoosting,13:43:08/scan-008,13:43:08,13CO2,2.4742300510406494,2.0530680537398527,-0.42116199730079673,0.42116199730079673
GradientBoosting,13:43:08/scan-008,13:43:08,12CO2,221.22576904296875,183.21602191172738,-38.00974713124137,38.00974713124137
GradientBoosting,13:43:08/scan-009,13:43:08,13CO2,2.4742300510406494,2.0560521270921273,-0.41817792394852216,0.41817792394852216
GradientBoosting,13:43:08/scan-009,13:43:08,12CO2,221.22576904296875,183.82619170747358,-37.39957733549517,37.39957733549517
GradientBoosting,13:43:08/scan-010,13:43:08,13CO2,2.4742300510406494,2.0460035977077418,-0.42822645333290765,0.42822645333290765
GradientBoosting,13:43:08/scan-010,13:43:08,12CO2,221.22576904296875,183.0572953929601,-38.16847365000865,38.16847365000865
GradientBoosting,13:43:08/scan-011,13:43:08,13CO2,2.4742300510406494,2.0615305895484313,-0.41269946149221814,0.41269946149221814
GradientBoosting,13:43:08/scan-011,13:43:08,12CO2,221.22576904296875,184.22424711081874,-37.00152193215001,37.00152193215001
GradientBoosting,13:43:08/scan-012,13:43:08,13CO2,2.4742300510406494,2.0563375081200506,-0.41789254292059885,0.41789254292059885
GradientBoosting,13:43:08/scan-012,13:43:08,12CO2,221.22576904296875,184.4877845454252,-36.73798449754355,36.73798449754355
GradientBoosting,13:43:08/scan-013,13:43:08,13CO2,2.4742300510406494,2.0460258877023194,-0.42820416333833,0.42820416333833
GradientBoosting,13:43:08/scan-013,13:43:08,12CO2,221.22576904296875,183.36131333818687,-37.864455704781875,37.864455704781875
GradientBoosting,13:43:08/scan-014,13:43:08,13CO2,2.4742300510406494,2.057842343033651,-0.4163877080069982,0.4163877080069982
GradientBoosting,13:43:08/scan-014,13:43:08,12CO2,221.22576904296875,183.86039349600733,-37.36537554696142,37.36537554696142
GradientBoosting,13:43:08/scan-015,13:43:08,13CO2,2.4742300510406494,2.0566283178525415,-0.4176017331881079,0.4176017331881079
GradientBoosting,13:43:08/scan-015,13:43:08,12CO2,221.22576904296875,184.07693085050073,-37.14883819246802,37.14883819246802
GradientBoosting,13:43:08/scan-016,13:43:08,13CO2,2.4742300510406494,2.0553011759961692,-0.4189288750444802,0.4189288750444802
GradientBoosting,13:43:08/scan-016,13:43:08,12CO2,221.22576904296875,183.7476423067225,-37.47812673624625,37.47812673624625
GradientBoosting,13:43:08/scan-017,13:43:08,13CO2,2.4742300510406494,2.0526272938806485,-0.42160275716000095,0.42160275716000095
GradientBoosting,13:43:08/scan-017,13:43:08,12CO2,221.22576904296875,183.78143056822069,-37.444338474748065,37.444338474748065
GradientBoosting,13:43:08/scan-018,13:43:08,13CO2,2.4742300510406494,2.0576321889093316,-0.4165978621313178,0.4165978621313178
GradientBoosting,13:43:08/scan-018,13:43:08,12CO2,221.22576904296875,184.3222929303195,-36.90347611264926,36.90347611264926
GradientBoosting,13:43:08/scan-019,13:43:08,13CO2,2.4742300510406494,2.0577289229367635,-0.41650112810388595,0.41650112810388595
GradientBoosting,13:43:08/scan-019,13:43:08,12CO2,221.22576904296875,184.13494151368957,-37.09082752927918,37.09082752927918
DeepLearning,12:46:00/scan-000,12:46:00,13CO2,0.0,0.5158885717391968,0.5158885717391968,0.5158885717391968
DeepLearning,12:46:00/scan-000,12:46:00,12CO2,0.0,41.70191955566406,41.70191955566406,41.70191955566406
DeepLearning,12:46:00/scan-001,12:46:00,13CO2,0.0,0.4507216811180115,0.4507216811180115,0.4507216811180115
DeepLearning,12:46:00/scan-001,12:46:00,12CO2,0.0,37.32910919189453,37.32910919189453,37.32910919189453
DeepLearning,12:46:00/scan-002,12:46:00,13CO2,0.0,0.415058970451355,0.415058970451355,0.415058970451355
DeepLearning,12:46:00/scan-002,12:46:00,12CO2,0.0,30.20618438720703,30.20618438720703,30.20618438720703
DeepLearning,12:46:00/scan-003,12:46:00,13CO2,0.0,0.41369980573654175,0.41369980573654175,0.41369980573654175
DeepLearning,12:46:00/scan-003,12:46:00,12CO2,0.0,34.68084716796875,34.68084716796875,34.68084716796875
DeepLearning,12:46:00/scan-004,12:46:00,13CO2,0.0,0.4394335150718689,0.4394335150718689,0.4394335150718689
DeepLearning,12:46:00/scan-004,12:46:00,12CO2,0.0,36.265419006347656,36.265419006347656,36.265419006347656
DeepLearning,12:46:00/scan-005,12:46:00,13CO2,0.0,0.4192466735839844,0.4192466735839844,0.4192466735839844
DeepLearning,12:46:00/scan-005,12:46:00,12CO2,0.0,30.892845153808594,30.892845153808594,30.892845153808594
DeepLearning,12:46:00/scan-006,12:46:00,13CO2,0.0,0.43934082984924316,0.43934082984924316,0.43934082984924316
DeepLearning,12:46:00/scan-006,12:46:00,12CO2,0.0,36.231788635253906,36.231788635253906,36.231788635253906
DeepLearning,12:46:00/scan-007,12:46:00,13CO2,0.0,0.4288303852081299,0.4288303852081299,0.4288303852081299
DeepLearning,12:46:00/scan-007,12:46:00,12CO2,0.0,31.96753692626953,31.96753692626953,31.96753692626953
DeepLearning,12:46:00/scan-008,12:46:00,13CO2,0.0,0.43059420585632324,0.43059420585632324,0.43059420585632324
DeepLearning,12:46:00/scan-008,12:46:00,12CO2,0.0,32.45960998535156,32.45960998535156,32.45960998535156
DeepLearning,12:46:00/scan-009,12:46:00,13CO2,0.0,0.3967874050140381,0.3967874050140381,0.3967874050140381
DeepLearning,12:46:00/scan-009,12:46:00,12CO2,0.0,29.93926239013672,29.93926239013672,29.93926239013672
DeepLearning,12:46:00/scan-010,12:46:00,13CO2,0.0,0.447253942489624,0.447253942489624,0.447253942489624
DeepLearning,12:46:00/scan-010,12:46:00,12CO2,0.0,36.685523986816406,36.685523986816406,36.685523986816406
DeepLearning,12:46:00/scan-011,12:46:00,13CO2,0.0,0.4030678868293762,0.4030678868293762,0.4030678868293762
DeepLearning,12:46:00/scan-011,12:46:00,12CO2,0.0,30.707244873046875,30.707244873046875,30.707244873046875
DeepLearning,12:46:00/scan-012,12:46:00,13CO2,0.0,0.31496888399124146,0.31496888399124146,0.31496888399124146
DeepLearning,12:46:00/scan-012,12:46:00,12CO2,0.0,23.704391479492188,23.704391479492188,23.704391479492188
DeepLearning,12:46:00/scan-013,12:46:00,13CO2,0.0,0.3277432918548584,0.3277432918548584,0.3277432918548584
DeepLearning,12:46:00/scan-013,12:46:00,12CO2,0.0,25.36785888671875,25.36785888671875,25.36785888671875
DeepLearning,12:46:00/scan-014,12:46:00,13CO2,0.0,0.3167438507080078,0.3167438507080078,0.3167438507080078
DeepLearning,12:46:00/scan-014,12:46:00,12CO2,0.0,24.240440368652344,24.240440368652344,24.240440368652344
DeepLearning,12:46:00/scan-015,12:46:00,13CO2,0.0,0.2873488664627075,0.2873488664627075,0.2873488664627075
DeepLearning,12:46:00/scan-015,12:46:00,12CO2,0.0,23.87000274658203,23.87000274658203,23.87000274658203
DeepLearning,12:46:00/scan-016,12:46:00,13CO2,0.0,0.275043785572052,0.275043785572052,0.275043785572052
DeepLearning,12:46:00/scan-016,12:46:00,12CO2,0.0,22.302139282226562,22.302139282226562,22.302139282226562
DeepLearning,12:46:00/scan-017,12:46:00,13CO2,0.0,0.29777204990386963,0.29777204990386963,0.29777204990386963
DeepLearning,12:46:00/scan-017,12:46:00,12CO2,0.0,25.271560668945312,25.271560668945312,25.271560668945312
DeepLearning,12:46:00/scan-018,12:46:00,13CO2,0.0,0.41402024030685425,0.41402024030685425,0.41402024030685425
DeepLearning,12:46:00/scan-018,12:46:00,12CO2,0.0,31.254776000976562,31.254776000976562,31.254776000976562
DeepLearning,12:46:00/scan-019,12:46:00,13CO2,0.0,0.2953720688819885,0.2953720688819885,0.2953720688819885
DeepLearning,12:46:00/scan-019,12:46:00,12CO2,0.0,24.804664611816406,24.804664611816406,24.804664611816406
DeepLearning,12:55:42/scan-000,12:55:42,13CO2,0.41237199306488037,0.4551469087600708,0.04277491569519043,0.04277491569519043
DeepLearning,12:55:42/scan-000,12:55:42,12CO2,36.8709602355957,65.73213958740234,28.86117935180664,28.86117935180664
DeepLearning,12:55:42/scan-001,12:55:42,13CO2,0.41237199306488037,0.49724531173706055,0.08487331867218018,0.08487331867218018
DeepLearning,12:55:42/scan-001,12:55:42,12CO2,36.8709602355957,62.51991271972656,25.64895248413086,25.64895248413086
DeepLearning,12:55:42/scan-002,12:55:42,13CO2,0.41237199306488037,0.6286031007766724,0.216231107711792,0.216231107711792
DeepLearning,12:55:42/scan-002,12:55:42,12CO2,36.8709602355957,72.00933837890625,35.13837814331055,35.13837814331055
DeepLearning,12:55:42/scan-003,12:55:42,13CO2,0.41237199306488037,0.6247599124908447,0.21238791942596436,0.21238791942596436
DeepLearning,12:55:42/scan-003,12:55:42,12CO2,36.8709602355957,70.29478454589844,33.423824310302734,33.423824310302734
DeepLearning,12:55:42/scan-004,12:55:42,13CO2,0.41237199306488037,0.6150418519973755,0.20266985893249512,0.20266985893249512
DeepLearning,12:55:42/scan-004,12:55:42,12CO2,36.8709602355957,70.77725219726562,33.90629196166992,33.90629196166992
DeepLearning,12:55:42/scan-005,12:55:42,13CO2,0.41237199306488037,0.7186987996101379,0.30632680654525757,0.30632680654525757
DeepLearning,12:55:42/scan-005,12:55:42,12CO2,36.8709602355957,81.52995300292969,44.658992767333984,44.658992767333984
DeepLearning,12:55:42/scan-006,12:55:42,13CO2,0.41237199306488037,0.6779848337173462,0.2656128406524658,0.2656128406524658
DeepLearning,12:55:42/scan-006,12:55:42,12CO2,36.8709602355957,77.1822280883789,40.3112678527832,40.3112678527832
DeepLearning,12:55:42/scan-007,12:55:42,13CO2,0.41237199306488037,0.6143869161605835,0.20201492309570312,0.20201492309570312
DeepLearning,12:55:42/scan-007,12:55:42,12CO2,36.8709602355957,69.91001892089844,33.039058685302734,33.039058685302734
DeepLearning,12:55:42/scan-008,12:55:42,13CO2,0.41237199306488037,0.6636520624160767,0.2512800693511963,0.2512800693511963
DeepLearning,12:55:42/scan-008,12:55:42,12CO2,36.8709602355957,75.97789764404297,39.106937408447266,39.106937408447266
DeepLearning,12:55:42/scan-009,12:55:42,13CO2,0.41237199306488037,0.565494179725647,0.1531221866607666,0.1531221866607666
DeepLearning,12:55:42/scan-009,12:55:42,12CO2,36.8709602355957,53.918548583984375,17.047588348388672,17.047588348388672
DeepLearning,12:55:42/scan-010,12:55:42,13CO2,0.41237199306488037,0.6061685085296631,0.19379651546478271,0.19379651546478271
DeepLearning,12:55:42/scan-010,12:55:42,12CO2,36.8709602355957,55.94781494140625,19.076854705810547,19.076854705810547
DeepLearning,12:55:42/scan-011,12:55:42,13CO2,0.41237199306488037,0.5494594573974609,0.13708746433258057,0.13708746433258057
DeepLearning,12:55:42/scan-011,12:55:42,12CO2,36.8709602355957,50.676063537597656,13.805103302001953,13.805103302001953
DeepLearning,12:55:42/scan-012,12:55:42,13CO2,0.41237199306488037,0.514288067817688,0.10191607475280762,0.10191607475280762
DeepLearning,12:55:42/scan-012,12:55:42,12CO2,36.8709602355957,57.041648864746094,20.17068862915039,20.17068862915039
DeepLearning,12:55:42/scan-013,12:55:42,13CO2,0.41237199306488037,0.5671638250350952,0.15479183197021484,0.15479183197021484
DeepLearning,12:55:42/scan-013,12:55:42,12CO2,36.8709602355957,51.815155029296875,14.944194793701172,14.944194793701172
DeepLearning,12:55:42/scan-014,12:55:42,13CO2,0.41237199306488037,0.5046114921569824,0.09223949909210205,0.09223949909210205
DeepLearning,12:55:42/scan-014,12:55:42,12CO2,36.8709602355957,57.357582092285156,20.486621856689453,20.486621856689453
DeepLearning,12:55:42/scan-015,12:55:42,13CO2,0.41237199306488037,0.5577678680419922,0.14539587497711182,0.14539587497711182
DeepLearning,12:55:42/scan-015,12:55:42,12CO2,36.8709602355957,61.142333984375,24.271373748779297,24.271373748779297
DeepLearning,12:55:42/scan-016,12:55:42,13CO2,0.41237199306488037,0.5178436040878296,0.10547161102294922,0.10547161102294922
DeepLearning,12:55:42/scan-016,12:55:42,12CO2,36.8709602355957,58.56153869628906,21.69057846069336,21.69057846069336
DeepLearning,12:55:42/scan-017,12:55:42,13CO2,0.41237199306488037,0.5122203826904297,0.09984838962554932,0.09984838962554932
DeepLearning,12:55:42/scan-017,12:55:42,12CO2,36.8709602355957,56.741180419921875,19.870220184326172,19.870220184326172
DeepLearning,12:55:42/scan-018,12:55:42,13CO2,0.41237199306488037,0.6024492979049683,0.1900773048400879,0.1900773048400879
DeepLearning,12:55:42/scan-018,12:55:42,12CO2,36.8709602355957,56.38531494140625,19.514354705810547,19.514354705810547
DeepLearning,12:55:42/scan-019,12:55:42,13CO2,0.41237199306488037,0.5307338237762451,0.11836183071136475,0.11836183071136475
DeepLearning,12:55:42/scan-019,12:55:42,12CO2,36.8709602355957,57.77618408203125,20.905223846435547,20.905223846435547
DeepLearning,13:05:15/scan-000,13:05:15,13CO2,0.8247429728507996,0.23220396041870117,-0.5925390124320984,0.5925390124320984
DeepLearning,13:05:15/scan-000,13:05:15,12CO2,73.7419204711914,42.642250061035156,-31.09967041015625,31.09967041015625
DeepLearning,13:05:15/scan-001,13:05:15,13CO2,0.8247429728507996,0.2589043378829956,-0.565838634967804,0.565838634967804
DeepLearning,13:05:15/scan-001,13:05:15,12CO2,73.7419204711914,48.679237365722656,-25.06268310546875,25.06268310546875
DeepLearning,13:05:15/scan-002,13:05:15,13CO2,0.8247429728507996,0.5574609041213989,-0.26728206872940063,0.26728206872940063
DeepLearning,13:05:15/scan-002,13:05:15,12CO2,73.7419204711914,68.83877563476562,-4.903144836425781,4.903144836425781
DeepLearning,13:05:15/scan-003,13:05:15,13CO2,0.8247429728507996,0.6170729994773865,-0.20766997337341309,0.20766997337341309
DeepLearning,13:05:15/scan-003,13:05:15,12CO2,73.7419204711914,73.38994598388672,-0.3519744873046875,0.3519744873046875
DeepLearning,13:05:15/scan-004,13:05:15,13CO2,0.8247429728507996,0.6244367957115173,-0.20030617713928223,0.20030617713928223
DeepLearning,13:05:15/scan-004,13:05:15,12CO2,73.7419204711914,78.99777221679688,5.255851745605469,5.255851745605469
DeepLearning,13:05:15/scan-005,13:05:15,13CO2,0.8247429728507996,0.6464617848396301,-0.17828118801116943,0.17828118801116943
DeepLearning,13:05:15/scan-005,13:05:15,12CO2,73.7419204711914,65.58651733398438,-8.155403137207031,8.155403137207031
DeepLearning,13:05:15/scan-006,13:05:15,13CO2,0.8247429728507996,0.6171672344207764,-0.2075757384300232,0.2075757384300232
DeepLearning,13:05:15/scan-006,13:05:15,12CO2,73.7419204711914,78.15983581542969,4.417915344238281,4.417915344238281
DeepLearning,13:05:15/scan-007,13:05:15,13CO2,0.8247429728507996,0.6882871389389038,-0.13645583391189575,0.13645583391189575
DeepLearning,13:05:15/scan-007,13:05:15,12CO2,73.7419204711914,68.86370849609375,-4.878211975097656,4.878211975097656
DeepLearning,13:05:15/scan-008,13:05:15,13CO2,0.8247429728507996,0.6458907127380371,-0.17885226011276245,0.17885226011276245
DeepLearning,13:05:15/scan-008,13:05:15,12CO2,73.7419204711914,61.09980010986328,-12.642120361328125,12.642120361328125
DeepLearning,13:05:15/scan-009,13:05:15,13CO2,0.8247429728507996,0.6917147636413574,-0.13302820920944214,0.13302820920944214
DeepLearning,13:05:15/scan-009,13:05:15,12CO2,73.7419204711914,69.45405578613281,-4.287864685058594,4.287864685058594
DeepLearning,13:05:15/scan-010,13:05:15,13CO2,0.8247429728507996,0.7149311304092407,-0.10981184244155884,0.10981184244155884
DeepLearning,13:05:15/scan-010,13:05:15,12CO2,73.7419204711914,65.48401641845703,-8.257904052734375,8.257904052734375
DeepLearning,13:05:15/scan-011,13:05:15,13CO2,0.8247429728507996,0.8665340542793274,0.04179108142852783,0.04179108142852783
DeepLearning,13:05:15/scan-011,13:05:15,12CO2,73.7419204711914,77.77560424804688,4.033683776855469,4.033683776855469
DeepLearning,13:05:15/scan-012,13:05:15,13CO2,0.8247429728507996,0.7067599892616272,-0.11798298358917236,0.11798298358917236
DeepLearning,13:05:15/scan-012,13:05:15,12CO2,73.7419204711914,65.44038391113281,-8.301536560058594,8.301536560058594
DeepLearning,13:05:15/scan-013,13:05:15,13CO2,0.8247429728507996,0.7703757286071777,-0.054367244243621826,0.054367244243621826
DeepLearning,13:05:15/scan-013,13:05:15,12CO2,73.7419204711914,75.87423706054688,2.1323165893554688,2.1323165893554688
DeepLearning,13:05:15/scan-014,13:05:15,13CO2,0.8247429728507996,0.7117041945457458,-0.11303877830505371,0.11303877830505371
DeepLearning,13:05:15/scan-014,13:05:15,12CO2,73.7419204711914,70.36155700683594,-3.3803634643554688,3.3803634643554688
DeepLearning,13:05:15/scan-015,13:05:15,13CO2,0.8247429728507996,0.7949700355529785,-0.029772937297821045,0.029772937297821045
DeepLearning,13:05:15/scan-015,13:05:15,12CO2,73.7419204711914,73.2988510131836,-0.4430694580078125,0.4430694580078125
DeepLearning,13:05:15/scan-016,13:05:15,13CO2,0.8247429728507996,0.735483705997467,-0.08925926685333252,0.08925926685333252
DeepLearning,13:05:15/scan-016,13:05:15,12CO2,73.7419204711914,73.06455993652344,-0.6773605346679688,0.6773605346679688
DeepLearning,13:05:15/scan-017,13:05:15,13CO2,0.8247429728507996,0.7646083235740662,-0.0601346492767334,0.0601346492767334
DeepLearning,13:05:15/scan-017,13:05:15,12CO2,73.7419204711914,70.88877868652344,-2.8531417846679688,2.8531417846679688
DeepLearning,13:05:15/scan-018,13:05:15,13CO2,0.8247429728507996,0.702058732509613,-0.12268424034118652,0.12268424034118652
DeepLearning,13:05:15/scan-018,13:05:15,12CO2,73.7419204711914,70.36883544921875,-3.3730850219726562,3.3730850219726562
DeepLearning,13:05:15/scan-019,13:05:15,13CO2,0.8247429728507996,0.7452613711357117,-0.07948160171508789,0.07948160171508789
DeepLearning,13:05:15/scan-019,13:05:15,12CO2,73.7419204711914,69.119873046875,-4.622047424316406,4.622047424316406
DeepLearning,13:14:37/scan-000,13:14:37,13CO2,1.2371150255203247,0.9086072444915771,-0.32850778102874756,0.32850778102874756
DeepLearning,13:14:37/scan-000,13:14:37,12CO2,110.61288452148438,87.08363342285156,-23.529251098632812,23.529251098632812
DeepLearning,13:14:37/scan-001,13:14:37,13CO2,1.2371150255203247,0.8185644149780273,-0.41855061054229736,0.41855061054229736
DeepLearning,13:14:37/scan-001,13:14:37,12CO2,110.61288452148438,78.90913391113281,-31.703750610351562,31.703750610351562
DeepLearning,13:14:37/scan-002,13:14:37,13CO2,1.2371150255203247,1.2274868488311768,-0.00962817668914795,0.00962817668914795
DeepLearning,13:14:37/scan-002,13:14:37,12CO2,110.61288452148438,115.61503601074219,5.0021514892578125,5.0021514892578125
DeepLearning,13:14:37/scan-003,13:14:37,13CO2,1.2371150255203247,1.323134183883667,0.08601915836334229,0.08601915836334229
DeepLearning,13:14:37/scan-003,13:14:37,12CO2,110.61288452148438,123.52809143066406,12.915206909179688,12.915206909179688
DeepLearning,13:14:37/scan-004,13:14:37,13CO2,1.2371150255203247,1.3112883567810059,0.07417333126068115,0.07417333126068115
DeepLearning,13:14:37/scan-004,13:14:37,12CO2,110.61288452148438,122.2738265991211,11.660942077636719,11.660942077636719
DeepLearning,13:14:37/scan-005,13:14:37,13CO2,1.2371150255203247,1.311045527458191,0.07393050193786621,0.07393050193786621
DeepLearning,13:14:37/scan-005,13:14:37,12CO2,110.61288452148438,122.58145904541016,11.968574523925781,11.968574523925781
DeepLearning,13:14:37/scan-006,13:14:37,13CO2,1.2371150255203247,1.2781140804290771,0.04099905490875244,0.04099905490875244
DeepLearning,13:14:37/scan-006,13:14:37,12CO2,110.61288452148438,119.49674987792969,8.883865356445312,8.883865356445312
DeepLearning,13:14:37/scan-007,13:14:37,13CO2,1.2371150255203247,1.3257184028625488,0.08860337734222412,0.08860337734222412
DeepLearning,13:14:37/scan-007,13:14:37,12CO2,110.61288452148438,123.09056091308594,12.477676391601562,12.477676391601562
DeepLearning,13:14:37/scan-008,13:14:37,13CO2,1.2371150255203247,1.374523401260376,0.13740837574005127,0.13740837574005127
DeepLearning,13:14:37/scan-008,13:14:37,12CO2,110.61288452148438,128.18539428710938,17.572509765625,17.572509765625
DeepLearning,13:14:37/scan-009,13:14:37,13CO2,1.2371150255203247,1.3418632745742798,0.10474824905395508,0.10474824905395508
DeepLearning,13:14:37/scan-009,13:14:37,12CO2,110.61288452148438,124.97023010253906,14.357345581054688,14.357345581054688
DeepLearning,13:14:37/scan-010,13:14:37,13CO2,1.2371150255203247,1.333706021308899,0.09659099578857422,0.09659099578857422
DeepLearning,13:14:37/scan-010,13:14:37,12CO2,110.61288452148438,124.30625915527344,13.693374633789062,13.693374633789062
DeepLearning,13:14:37/scan-011,13:14:37,13CO2,1.2371150255203247,1.3570488691329956,0.1199338436126709,0.1199338436126709
DeepLearning,13:14:37/scan-011,13:14:37,12CO2,110.61288452148438,126.63912963867188,16.0262451171875,16.0262451171875
DeepLearning,13:14:37/scan-012,13:14:37,13CO2,1.2371150255203247,1.3952323198318481,0.15811729431152344,0.15811729431152344
DeepLearning,13:14:37/scan-012,13:14:37,12CO2,110.61288452148438,132.28065490722656,21.667770385742188,21.667770385742188
DeepLearning,13:14:37/scan-013,13:14:37,13CO2,1.2371150255203247,1.4393631219863892,0.20224809646606445,0.20224809646606445
DeepLearning,13:14:37/scan-013,13:14:37,12CO2,110.61288452148438,136.14756774902344,25.534683227539062,25.534683227539062
DeepLearning,13:14:37/scan-014,13:14:37,13CO2,1.2371150255203247,1.4201632738113403,0.18304824829101562,0.18304824829101562
DeepLearning,13:14:37/scan-014,13:14:37,12CO2,110.61288452148438,131.75225830078125,21.139373779296875,21.139373779296875
DeepLearning,13:14:37/scan-015,13:14:37,13CO2,1.2371150255203247,1.418771505355835,0.18165647983551025,0.18165647983551025
DeepLearning,13:14:37/scan-015,13:14:37,12CO2,110.61288452148438,131.54830932617188,20.9354248046875,20.9354248046875
DeepLearning,13:14:37/scan-016,13:14:37,13CO2,1.2371150255203247,1.3799086809158325,0.1427936553955078,0.1427936553955078
DeepLearning,13:14:37/scan-016,13:14:37,12CO2,110.61288452148438,128.15989685058594,17.547012329101562,17.547012329101562
DeepLearning,13:14:37/scan-017,13:14:37,13CO2,1.2371150255203247,1.359452724456787,0.1223376989364624,0.1223376989364624
DeepLearning,13:14:37/scan-017,13:14:37,12CO2,110.61288452148438,126.64697265625,16.034088134765625,16.034088134765625
DeepLearning,13:14:37/scan-018,13:14:37,13CO2,1.2371150255203247,1.408094048500061,0.17097902297973633,0.17097902297973633
DeepLearning,13:14:37/scan-018,13:14:37,12CO2,110.61288452148438,130.47703552246094,19.864151000976562,19.864151000976562
DeepLearning,13:14:37/scan-019,13:14:37,13CO2,1.2371150255203247,1.370073914527893,0.13295888900756836,0.13295888900756836
DeepLearning,13:14:37/scan-019,13:14:37,12CO2,110.61288452148438,127.49374389648438,16.880859375,16.880859375
DeepLearning,13:24:02/scan-000,13:24:02,13CO2,1.649487018585205,1.2103033065795898,-0.43918371200561523,0.43918371200561523
DeepLearning,13:24:02/scan-000,13:24:02,12CO2,147.4838409423828,129.30276489257812,-18.181076049804688,18.181076049804688
DeepLearning,13:24:02/scan-001,13:24:02,13CO2,1.649487018585205,1.2194346189498901,-0.43005239963531494,0.43005239963531494
DeepLearning,13:24:02/scan-001,13:24:02,12CO2,147.4838409423828,130.54920959472656,-16.93463134765625,16.93463134765625
DeepLearning,13:24:02/scan-002,13:24:02,13CO2,1.649487018585205,1.4391285181045532,-0.21035850048065186,0.21035850048065186
DeepLearning,13:24:02/scan-002,13:24:02,12CO2,147.4838409423828,146.11801147460938,-1.3658294677734375,1.3658294677734375
DeepLearning,13:24:02/scan-003,13:24:02,13CO2,1.649487018585205,1.465528130531311,-0.18395888805389404,0.18395888805389404
DeepLearning,13:24:02/scan-003,13:24:02,12CO2,147.4838409423828,170.0452880859375,22.561447143554688,22.561447143554688
DeepLearning,13:24:02/scan-004,13:24:02,13CO2,1.649487018585205,1.5087502002716064,-0.14073681831359863,0.14073681831359863
DeepLearning,13:24:02/scan-004,13:24:02,12CO2,147.4838409423828,174.13201904296875,26.648178100585938,26.648178100585938
DeepLearning,13:24:02/scan-005,13:24:02,13CO2,1.649487018585205,1.3455555438995361,-0.30393147468566895,0.30393147468566895
DeepLearning,13:24:02/scan-005,13:24:02,12CO2,147.4838409423828,177.36825561523438,29.884414672851562,29.884414672851562
DeepLearning,13:24:02/scan-006,13:24:02,13CO2,1.649487018585205,1.3983241319656372,-0.25116288661956787,0.25116288661956787
DeepLearning,13:24:02/scan-006,13:24:02,12CO2,147.4838409423828,148.60223388671875,1.1183929443359375,1.1183929443359375
DeepLearning,13:24:02/scan-007,13:24:02,13CO2,1.649487018585205,1.4192287921905518,-0.23025822639465332,0.23025822639465332
DeepLearning,13:24:02/scan-007,13:24:02,12CO2,147.4838409423828,150.9339599609375,3.4501190185546875,3.4501190185546875
DeepLearning,13:24:02/scan-008,13:24:02,13CO2,1.649487018585205,1.4464144706726074,-0.20307254791259766,0.20307254791259766
DeepLearning,13:24:02/scan-008,13:24:02,12CO2,147.4838409423828,155.08485412597656,7.60101318359375,7.60101318359375
DeepLearning,13:24:02/scan-009,13:24:02,13CO2,1.649487018585205,1.4812923669815063,-0.16819465160369873,0.16819465160369873
DeepLearning,13:24:02/scan-009,13:24:02,12CO2,147.4838409423828,171.533203125,24.049362182617188,24.049362182617188
DeepLearning,13:24:02/scan-010,13:24:02,13CO2,1.649487018585205,1.384049892425537,-0.26543712615966797,0.26543712615966797
DeepLearning,13:24:02/scan-010,13:24:02,12CO2,147.4838409423828,182.76437377929688,35.28053283691406,35.28053283691406
DeepLearning,13:24:02/scan-011,13:24:02,13CO2,1.649487018585205,1.3930641412734985,-0.25642287731170654,0.25642287731170654
DeepLearning,13:24:02/scan-011,13:24:02,12CO2,147.4838409423828,147.8572540283203,0.3734130859375,0.3734130859375
DeepLearning,13:24:02/scan-012,13:24:02,13CO2,1.649487018585205,1.4004065990447998,-0.24908041954040527,0.24908041954040527
DeepLearning,13:24:02/scan-012,13:24:02,12CO2,147.4838409423828,186.30511474609375,38.82127380371094,38.82127380371094
DeepLearning,13:24:02/scan-013,13:24:02,13CO2,1.649487018585205,1.4225552082061768,-0.22693181037902832,0.22693181037902832
DeepLearning,13:24:02/scan-013,13:24:02,12CO2,147.4838409423828,150.98846435546875,3.5046234130859375,3.5046234130859375
DeepLearning,13:24:02/scan-014,13:24:02,13CO2,1.649487018585205,1.5210766792297363,-0.12841033935546875,0.12841033935546875
DeepLearning,13:24:02/scan-014,13:24:02,12CO2,147.4838409423828,155.4176025390625,7.9337615966796875,7.9337615966796875
DeepLearning,13:24:02/scan-015,13:24:02,13CO2,1.649487018585205,1.4291006326675415,-0.22038638591766357,0.22038638591766357
DeepLearning,13:24:02/scan-015,13:24:02,12CO2,147.4838409423828,152.3348388671875,4.8509979248046875,4.8509979248046875
DeepLearning,13:24:02/scan-016,13:24:02,13CO2,1.649487018585205,1.485307216644287,-0.16417980194091797,0.16417980194091797
DeepLearning,13:24:02/scan-016,13:24:02,12CO2,147.4838409423828,134.41954040527344,-13.064300537109375,13.064300537109375
DeepLearning,13:24:02/scan-017,13:24:02,13CO2,1.649487018585205,1.4432952404022217,-0.2061917781829834,0.2061917781829834
DeepLearning,13:24:02/scan-017,13:24:02,12CO2,147.4838409423828,155.67526245117188,8.191421508789062,8.191421508789062
DeepLearning,13:24:02/scan-018,13:24:02,13CO2,1.649487018585205,1.4896944761276245,-0.15979254245758057,0.15979254245758057
DeepLearning,13:24:02/scan-018,13:24:02,12CO2,147.4838409423828,151.56451416015625,4.0806732177734375,4.0806732177734375
DeepLearning,13:24:02/scan-019,13:24:02,13CO2,1.649487018585205,1.4632019996643066,-0.18628501892089844,0.18628501892089844
DeepLearning,13:24:02/scan-019,13:24:02,12CO2,147.4838409423828,149.1907501220703,1.7069091796875,1.7069091796875
DeepLearning,13:33:30/scan-000,13:33:30,13CO2,2.0618579387664795,1.7887463569641113,-0.27311158180236816,0.27311158180236816
DeepLearning,13:33:30/scan-000,13:33:30,12CO2,184.3548126220703,156.49212646484375,-27.862686157226562,27.862686157226562
DeepLearning,13:33:30/scan-001,13:33:30,13CO2,2.0618579387664795,1.7914378643035889,-0.2704200744628906,0.2704200744628906
DeepLearning,13:33:30/scan-001,13:33:30,12CO2,184.3548126220703,157.2550048828125,-27.099807739257812,27.099807739257812
DeepLearning,13:33:30/scan-002,13:33:30,13CO2,2.0618579387664795,1.9212205410003662,-0.14063739776611328,0.14063739776611328
DeepLearning,13:33:30/scan-002,13:33:30,12CO2,184.3548126220703,166.84840393066406,-17.50640869140625,17.50640869140625
DeepLearning,13:33:30/scan-003,13:33:30,13CO2,2.0618579387664795,1.9205543994903564,-0.14130353927612305,0.14130353927612305
DeepLearning,13:33:30/scan-003,13:33:30,12CO2,184.3548126220703,167.1500244140625,-17.204788208007812,17.204788208007812
DeepLearning,13:33:30/scan-004,13:33:30,13CO2,2.0618579387664795,1.964342474937439,-0.09751546382904053,0.09751546382904053
DeepLearning,13:33:30/scan-004,13:33:30,12CO2,184.3548126220703,169.37136840820312,-14.983444213867188,14.983444213867188
DeepLearning,13:33:30/scan-005,13:33:30,13CO2,2.0618579387664795,2.007960319519043,-0.05389761924743652,0.05389761924743652
DeepLearning,13:33:30/scan-005,13:33:30,12CO2,184.3548126220703,175.03817749023438,-9.316635131835938,9.316635131835938
DeepLearning,13:33:30/scan-006,13:33:30,13CO2,2.0618579387664795,1.950319766998291,-0.11153817176818848,0.11153817176818848
DeepLearning,13:33:30/scan-006,13:33:30,12CO2,184.3548126220703,168.81124877929688,-15.543563842773438,15.543563842773438
DeepLearning,13:33:30/scan-007,13:33:30,13CO2,2.0618579387664795,1.9412457942962646,-0.12061214447021484,0.12061214447021484
DeepLearning,13:33:30/scan-007,13:33:30,12CO2,184.3548126220703,167.00653076171875,-17.348281860351562,17.348281860351562
DeepLearning,13:33:30/scan-008,13:33:30,13CO2,2.0618579387664795,1.6233103275299072,-0.43854761123657227,0.43854761123657227
DeepLearning,13:33:30/scan-008,13:33:30,12CO2,184.3548126220703,164.9581298828125,-19.396682739257812,19.396682739257812
DeepLearning,13:33:30/scan-009,13:33:30,13CO2,2.0618579387664795,2.0288407802581787,-0.03301715850830078,0.03301715850830078
DeepLearning,13:33:30/scan-009,13:33:30,12CO2,184.3548126220703,175.34674072265625,-9.008071899414062,9.008071899414062
DeepLearning,13:33:30/scan-010,13:33:30,13CO2,2.0618579387664795,2.034904956817627,-0.02695298194885254,0.02695298194885254
DeepLearning,13:33:30/scan-010,13:33:30,12CO2,184.3548126220703,174.78543090820312,-9.569381713867188,9.569381713867188
DeepLearning,13:33:30/scan-011,13:33:30,13CO2,2.0618579387664795,2.0652127265930176,0.003354787826538086,0.003354787826538086
DeepLearning,13:33:30/scan-011,13:33:30,12CO2,184.3548126220703,176.91978454589844,-7.435028076171875,7.435028076171875
DeepLearning,13:33:30/scan-012,13:33:30,13CO2,2.0618579387664795,2.0405452251434326,-0.021312713623046875,0.021312713623046875
DeepLearning,13:33:30/scan-012,13:33:30,12CO2,184.3548126220703,175.09426879882812,-9.260543823242188,9.260543823242188
DeepLearning,13:33:30/scan-013,13:33:30,13CO2,2.0618579387664795,2.0777037143707275,0.015845775604248047,0.015845775604248047
DeepLearning,13:33:30/scan-013,13:33:30,12CO2,184.3548126220703,180.5287322998047,-3.826080322265625,3.826080322265625
DeepLearning,13:33:30/scan-014,13:33:30,13CO2,2.0618579387664795,2.0595784187316895,-0.002279520034790039,0.002279520034790039
DeepLearning,13:33:30/scan-014,13:33:30,12CO2,184.3548126220703,177.75546264648438,-6.5993499755859375,6.5993499755859375
DeepLearning,13:33:30/scan-015,13:33:30,13CO2,2.0618579387664795,1.9442744255065918,-0.1175835132598877,0.1175835132598877
DeepLearning,13:33:30/scan-015,13:33:30,12CO2,184.3548126220703,168.75454711914062,-15.600265502929688,15.600265502929688
DeepLearning,13:33:30/scan-016,13:33:30,13CO2,2.0618579387664795,2.051933765411377,-0.009924173355102539,0.009924173355102539
DeepLearning,13:33:30/scan-016,13:33:30,12CO2,184.3548126220703,175.18630981445312,-9.168502807617188,9.168502807617188
DeepLearning,13:33:30/scan-017,13:33:30,13CO2,2.0618579387664795,2.0149760246276855,-0.046881914138793945,0.046881914138793945
DeepLearning,13:33:30/scan-017,13:33:30,12CO2,184.3548126220703,175.03656005859375,-9.318252563476562,9.318252563476562
DeepLearning,13:33:30/scan-018,13:33:30,13CO2,2.0618579387664795,2.025109052658081,-0.03674888610839844,0.03674888610839844
DeepLearning,13:33:30/scan-018,13:33:30,12CO2,184.3548126220703,173.4148406982422,-10.939971923828125,10.939971923828125
DeepLearning,13:33:30/scan-019,13:33:30,13CO2,2.0618579387664795,2.0492753982543945,-0.012582540512084961,0.012582540512084961
DeepLearning,13:33:30/scan-019,13:33:30,12CO2,184.3548126220703,174.63827514648438,-9.716537475585938,9.716537475585938
DeepLearning,13:43:08/scan-000,13:43:08,13CO2,2.4742300510406494,1.7004153728485107,-0.7738146781921387,0.7738146781921387
DeepLearning,13:43:08/scan-000,13:43:08,12CO2,221.22576904296875,150.0803985595703,-71.14537048339844,71.14537048339844
DeepLearning,13:43:08/scan-001,13:43:08,13CO2,2.4742300510406494,1.80948805809021,-0.6647419929504395,0.6647419929504395
DeepLearning,13:43:08/scan-001,13:43:08,12CO2,221.22576904296875,158.53782653808594,-62.68794250488281,62.68794250488281
DeepLearning,13:43:08/scan-002,13:43:08,13CO2,2.4742300510406494,1.9495447874069214,-0.524685263633728,0.524685263633728
DeepLearning,13:43:08/scan-002,13:43:08,12CO2,221.22576904296875,171.43551635742188,-49.790252685546875,49.790252685546875
DeepLearning,13:43:08/scan-003,13:43:08,13CO2,2.4742300510406494,1.9489244222640991,-0.5253056287765503,0.5253056287765503
DeepLearning,13:43:08/scan-003,13:43:08,12CO2,221.22576904296875,172.8348846435547,-48.39088439941406,48.39088439941406
DeepLearning,13:43:08/scan-004,13:43:08,13CO2,2.4742300510406494,1.9958503246307373,-0.4783797264099121,0.4783797264099121
DeepLearning,13:43:08/scan-004,13:43:08,12CO2,221.22576904296875,176.24786376953125,-44.9779052734375,44.9779052734375
DeepLearning,13:43:08/scan-005,13:43:08,13CO2,2.4742300510406494,1.962795615196228,-0.5114344358444214,0.5114344358444214
DeepLearning,13:43:08/scan-005,13:43:08,12CO2,221.22576904296875,172.14088439941406,-49.08488464355469,49.08488464355469
DeepLearning,13:43:08/scan-006,13:43:08,13CO2,2.4742300510406494,1.86838698387146,-0.6058430671691895,0.6058430671691895
DeepLearning,13:43:08/scan-006,13:43:08,12CO2,221.22576904296875,165.27294921875,-55.95281982421875,55.95281982421875
DeepLearning,13:43:08/scan-007,13:43:08,13CO2,2.4742300510406494,1.8440532684326172,-0.6301767826080322,0.6301767826080322
DeepLearning,13:43:08/scan-007,13:43:08,12CO2,221.22576904296875,162.14683532714844,-59.07893371582031,59.07893371582031
DeepLearning,13:43:08/scan-008,13:43:08,13CO2,2.4742300510406494,1.8298192024230957,-0.6444108486175537,0.6444108486175537
DeepLearning,13:43:08/scan-008,13:43:08,12CO2,221.22576904296875,161.8124542236328,-59.41331481933594,59.41331481933594
DeepLearning,13:43:08/scan-009,13:43:08,13CO2,2.4742300510406494,1.9921575784683228,-0.48207247257232666,0.48207247257232666
DeepLearning,13:43:08/scan-009,13:43:08,12CO2,221.22576904296875,175.3341522216797,-45.89161682128906,45.89161682128906
DeepLearning,13:43:08/scan-010,13:43:08,13CO2,2.4742300510406494,1.9444090127944946,-0.5298210382461548,0.5298210382461548
DeepLearning,13:43:08/scan-010,13:43:08,12CO2,221.22576904296875,172.16098022460938,-49.064788818359375,49.064788818359375
DeepLearning,13:43:08/scan-011,13:43:08,13CO2,2.4742300510406494,1.8801568746566772,-0.5940731763839722,0.5940731763839722
DeepLearning,13:43:08/scan-011,13:43:08,12CO2,221.22576904296875,159.608642578125,-61.61712646484375,61.61712646484375
DeepLearning,13:43:08/scan-012,13:43:08,13CO2,2.4742300510406494,1.95846688747406,-0.5157631635665894,0.5157631635665894
DeepLearning,13:43:08/scan-012,13:43:08,12CO2,221.22576904296875,165.76568603515625,-55.4600830078125,55.4600830078125
DeepLearning,13:43:08/scan-013,13:43:08,13CO2,2.4742300510406494,2.013138771057129,-0.4610912799835205,0.4610912799835205
DeepLearning,13:43:08/scan-013,13:43:08,12CO2,221.22576904296875,176.63792419433594,-44.58784484863281,44.58784484863281
DeepLearning,13:43:08/scan-014,13:43:08,13CO2,2.4742300510406494,1.9465744495391846,-0.5276556015014648,0.5276556015014648
DeepLearning,13:43:08/scan-014,13:43:08,12CO2,221.22576904296875,171.84552001953125,-49.3802490234375,49.3802490234375
DeepLearning,13:43:08/scan-015,13:43:08,13CO2,2.4742300510406494,1.9416505098342896,-0.5325795412063599,0.5325795412063599
DeepLearning,13:43:08/scan-015,13:43:08,12CO2,221.22576904296875,172.59246826171875,-48.63330078125,48.63330078125
DeepLearning,13:43:08/scan-016,13:43:08,13CO2,2.4742300510406494,1.9090410470962524,-0.565189003944397,0.565189003944397
DeepLearning,13:43:08/scan-016,13:43:08,12CO2,221.22576904296875,166.46603393554688,-54.759735107421875,54.759735107421875
DeepLearning,13:43:08/scan-017,13:43:08,13CO2,2.4742300510406494,1.9427436590194702,-0.5314863920211792,0.5314863920211792
DeepLearning,13:43:08/scan-017,13:43:08,12CO2,221.22576904296875,174.37823486328125,-46.8475341796875,46.8475341796875
DeepLearning,13:43:08/scan-018,13:43:08,13CO2,2.4742300510406494,1.9793936014175415,-0.4948364496231079,0.4948364496231079
DeepLearning,13:43:08/scan-018,13:43:08,12CO2,221.22576904296875,173.24044799804688,-47.985321044921875,47.985321044921875
DeepLearning,13:43:08/scan-019,13:43:08,13CO2,2.4742300510406494,1.875739574432373,-0.5984904766082764,0.5984904766082764
DeepLearning,13:43:08/scan-019,13:43:08,12CO2,221.22576904296875,167.3456573486328,-53.88011169433594,53.88011169433594
