mod_mean,mod_std,mod_min,mod_max,mod_median,mod_p10,mod_p90,mod_skew,mod_kurt,phase_mean,phase_std,phase_min,phase_max,phase_median,phase_p10,phase_p90,phase_skew,phase_kurt,phase_circular_mean,phase_resultant_length,phase_sin_mean,phase_cos_mean,X_mean,X_std,X_min,X_max,X_median,X_p10,X_p90,X_skew,X_kurt,Y_mean,Y_std,Y_min,Y_max,Y_median,Y_p10,Y_p90,Y_skew,Y_kurt,phase_bin_00_mean,phase_bin_01_mean,phase_bin_02_mean,phase_bin_03_mean,phase_bin_04_mean,phase_bin_05_mean,phase_bin_06_mean,phase_bin_07_mean,phase_bin_08_mean,phase_bin_09_mean,phase_bin_10_mean,phase_bin_11_mean,phase_bin_12_mean,phase_bin_13_mean,phase_bin_14_mean,phase_bin_15_mean,phase_bin_16_mean,phase_bin_17_mean,phase_bin_18_mean,phase_bin_19_mean,phase_bin_20_mean,phase_bin_21_mean,phase_bin_22_mean,phase_bin_23_mean,phase_bin_24_mean,phase_bin_25_mean,phase_bin_26_mean,phase_bin_27_mean,phase_bin_28_mean,phase_bin_29_mean,phase_bin_30_mean,phase_bin_31_mean,mod_psd_total,mod_psd_max,mod_psd_freq_max,mod_psd_mean,mod_peak0_freq,mod_peak0_pow,mod_peak1_freq,mod_peak1_pow,mod_peak2_freq,mod_peak2_pow,mod_peak3_freq,mod_peak3_pow,mod_peak4_freq,mod_peak4_pow,P_med,P_cons,F_med,F_cons,Temp,sample_id,folder,time,N,13CO2,12CO2
0.0011507582556942602,0.0003206341215030785,0.00010848524493765183,0.0021685567491118037,0.0011339504814721964,0.0007523055416349973,0.0015771117022925858,0.06543200633390281,-0.022629693271074558,-0.89247995736149,2.443754746220099,-3.1415884176098756,3.1415333367950002,-2.5122990797587685,-2.846746476046064,2.673454224441121,0.6665756716951952,-1.5057796276855249,-3.020329447133018,0.825310468820644,-0.09983469906517736,-0.819249902537386,-0.0001076653293351897,0.0006697837465902762,-0.00141747142375322,0.001722711167132497,-0.00037011526313635593,-0.0007558438402852034,0.0010279360126330046,0.8154117715217075,-0.38236485324320446,-0.0009387705498261906,0.00029250346516454165,-0.0017075722998040996,1.654288459245703e-05,-0.0009583467727066661,-0.0012966480107722944,-0.0005535602027602559,0.41832419977574026,0.123446346581908,0.0010189938416309378,0.001126061329156292,0.001136211984998181,0.0012084427862813854,0.0011593889917564746,0.0009321080657227672,0.0007569161648709523,0.0007809234030318087,0.0009711043315278816,0.0008656373639011996,0.0008201653463654488,0.0009055978361340096,0.0008088978751078278,0.0007646674576107834,0.0008054007778146762,0.0009799033968472591,0.0009518809397117976,0.0008415109445267983,0.0007137578485040249,0.0007987109762875042,0.0006704966766260029,0.0010943685921222582,0.000962247199985516,0.0008502045628642795,0.0008429044204686822,0.001094541620011898,0.001209630888951319,0.00135824610849389,0.001282363000287672,0.0011016782786632642,0.0009710710714893661,0.0010201451367477324,7.953796007319035e-05,1.2766741929782193e-05,0.000244140625,3.88179404944804e-08,0.000244140625,1.2766741929782193e-05,0.00048828125,6.9764146222861766e-06,0.000732421875,5.125511345710173e-06,0.0009765625,4.6418704446237105e-06,0.001220703125,4.419569981419536e-06,0.9000408274360371,0.8999727817093087,111.0,1000.0,30.3,12:46:00/scan-000,MEDICIONES_REALIZADAS_a_fecha_de_lunes_13_abril_2026_12_46_00,12:46:00,0,0.0,0.0
0.0010753412595857132,0.00029528109695016106,1.9597724295705466e-05,0.00204029926854571,0.0010771348981572458,0.0007295728474392579,0.001444207280370322,-0.24035949291300346,0.4003544454954113,-1.010724996071473,2.51104662291087,-3.1415696658396595,3.1415798550935277,-2.6048486781940277,-2.964657860517045,2.8038815729466178,0.7603227567777159,-1.3775010071600058,-3.0205567831053477,0.8786970164586745,-0.10609437338777833,-0.8722685542129961,-0.00010665984650212721,0.0004996755391216218,-0.0011873884985537412,0.0012547719621043094,-0.00025514938848524905,-0.0006292865998087053,0.0007136990236865904,0.7368704041761894,-0.3824354141871691,-0.0009462096309835965,0.0002952688016430786,-0.00203176094071081,0.0002623706187930708,-0.0009521576437291517,-0.0012978812203139527,-0.000570500236015923,0.18250730711225324,0.4752700949895945,0.0010877564334248356,0.001054790200493498,0.001049452357119827,0.0010738366422123839,0.001034911001907519,0.0008896637538398304,0.0008459088498291438,0.0005162561838295524,0.0004857639097183815,0.0005749964621946517,0.0005049553246295488,0.00038793531761863344,0.0005926077259883621,0.0007964292042577084,0.0005425618763639386,0.00044319391850856905,0.0005811045487660933,0.0007548092810359768,0.0007981730494234847,0.0009713021231084636,0.0007697942616943452,0.0007474161047412187,0.00030493270239402223,0.00026626839329128605,0.0004618914772507876,0.0006698753412189926,0.0008914225984258135,0.0009911634917064438,0.0012441062522992891,0.0012032256613443107,0.0011076617052933186,0.0010726480903702513,8.073701362902508e-05,1.3396863228390048e-05,0.000244140625,3.9403130126415367e-08,0.000244140625,1.3396863228390048e-05,0.00048828125,6.879370739663944e-06,0.0009765625,5.465076638664041e-06,0.000732421875,5.046942712679608e-06,0.001220703125,4.809122994354446e-06,0.8999727817093087,0.8999727817093087,110.0,1000.0,30.3,12:46:00/scan-001,MEDICIONES_REALIZADAS_a_fecha_de_lunes_13_abril_2026_12_46_00,12:46:00,1,0.0,0.0
0.0010395189383581296,0.0002917844182827575,2.1433752291466137e-06,0.0019286408909896992,0.0010521350078273992,0.0006686247505321881,0.0013976762358719557,-0.3099645643434275,0.21589008992505,-0.8809321560041062,2.56961040593848,-3.141523035193284,3.1415878895085543,-2.5612017187113025,-2.952197866824823,2.8505041570562333,0.6713762313320899,-1.5152439334291257,-3.006542658833965,0.8918080778766673,-0.12007290646659849,-0.8836878096356989,-0.00011486053575923885,0.0004838662510979726,-0.001073794727281663,0.0013131828699241618,-0.00023713084349764795,-0.0006622702005365214,0.0006334824227531949,0.6299089242398014,-0.4978894627224286,-0.000919421087439986,0.0002703362143423014,-0.0017490091442551932,2.7102713270041936e-06,-0.0009162847340415839,-0.0012615012712827466,-0.0005846259702613628,0.14927385946772564,0.16167119330903956,0.0009836524724452437,0.0010056637667413594,0.001044546897560097,0.0010621011491221603,0.0009936798043461066,0.0008220935513852493,0.0007756031182875409,0.0003114955530173443,0.0008089491875694944,0.0007309694851271807,0.0006837973143939902,0.0008467075022056059,0.0006734334111126917,0.000825921183237681,0.0007946285932497089,0.0006656024534675538,0.0006419721464617529,0.0006782910429910865,0.0007263589877217989,0.000584354800122613,0.0006179989371984219,0.0006833483791014364,0.0005445849132489172,0.0006992782458959578,0.0007595154913266148,0.0002783097463888445,0.0005360552583053007,0.001048260408781332,0.0011724256698060842,0.0011380598590718936,0.0010212342937021082,0.0009519236672773779,7.955403079839785e-05,1.3859095887462808e-05,0.000244140625,3.882578369858363e-08,0.000244140625,1.3859095887462808e-05,0.00048828125,6.9090024011786485e-06,0.0009765625,4.939239633985877e-06,0.001220703125,4.795064590136855e-06,0.000732421875,4.578302681988746e-06,0.9000408274360371,0.8999727817093087,110.0,1000.0,30.3,12:46:00/scan-002,MEDICIONES_REALIZADAS_a_fecha_de_lunes_13_abril_2026_12_46_00,12:46:00,2,0.0,0.0
0.0010706779134720106,0.000297970457548862,3.642828923158371e-05,0.0018231352976454205,0.0010734122565828948,0.0006908109240250582,0.0014667108235848472,-0.24423709541604935,-0.06291136768463668,-0.8696190552954044,2.55727406226526,-3.141591769936577,3.141555076741135,-2.5488116851706524,-2.9482002654848594,2.795289155129723,0.6621488218333009,-1.5269203833253795,-3.0064300763242846,0.8851263597318128,-0.11927202257390776,-0.8770535088141542,-0.00011937198464797208,0.0005002446338094013,-0.0011662896050226828,0.0012406313399027783,-0.00025777554077169,-0.0006710212641792191,0.0006658924582036952,0.5967000036430602,-0.701697041419366,-0.0009430634618374131,0.0002850846075285787,-0.001812962416332095,-7.180756971780541e-06,-0.0009596332833821312,-0.0013022724611748099,-0.0005716019974596403,0.17831630742375693,-0.13686421889219513,0.0010423148233600248,0.0010426070516041206,0.0010907743503712176,0.0010493607075924111,0.000973692978265859,0.0008842722230598814,0.0008003751801606944,0.0003911660463804688,0.0009192709516251964,0.0009480462124211649,0.0011478746151403073,0.0008672007307106982,0.0011182652307760665,0.0008270836819045443,0.0008584548059518987,0.0010692065585666437,0.0008406554107842506,0.000970079117784503,0.0008787256389253566,0.0007572619304528725,0.0007148701524624472,0.000718854803822765,0.0007414398713473455,0.0008859982189085387,0.0006234296748915856,0.000634139062768822,0.0006058712949813267,0.0008913518552914524,0.0011925737884820806,0.0011777578207263478,0.001012687744962738,0.001042981526853886,7.442776086793715e-05,1.3042825039643214e-05,0.000244140625,3.6323943810608664e-08,0.000244140625,1.3042825039643214e-05,0.00048828125,5.967409094561e-06,0.0009765625,4.809995487075597e-06,0.001220703125,4.807780170066251e-06,0.000732421875,4.241922927487225e-06,0.8999727817093087,0.8999727817093087,111.0,1000.0,30.3,12:46:00/scan-003,MEDICIONES_REALIZADAS_a_fecha_de_lunes_13_abril_2026_12_46_00,12:46:00,3,0.0,0.0
0.0010690021100975627,0.0002941702247251068,1.1216677576126075e-05,0.001905264595603212,0.0010952748995002458,0.0006950585721280565,0.0014234133477020322,-0.494303440023597,0.43178184200215286,-0.9834250394138899,2.522739795651212,-3.1415683038124356,3.1415811860683394,-2.5882095333191213,-2.9597746086240737,2.8118691670377736,0.7524362380518247,-1.3922303009763524,-3.0011702396632143,0.8837886921874124,-0.1236962878233184,-0.8750895273153868,-0.0001111646453316012,0.00048720784775136143,-0.0010007288953961884,0.0013370909145410499,-0.0002512251091088126,-0.0006312723450992639,0.0006645853257007716,0.7592246433520108,-0.44153309758265813,-0.0009450230994968018,0.00029411318987416173,-0.0019052517761315594,0.0003043509442550178,-0.0009581478421632391,-0.0013014256221441397,-0.0005884659058663574,0.29432161566532405,0.5632331804727211,0.0010751871202048663,0.0010358768419166506,0.0010695827596689236,0.0010124388244476955,0.0008122476504802089,0.00041185288503931764,0.00033680975257446713,0.00030140210393091865,0.00023198078926571072,0.00023476754926486174,0.00025191873835507284,0.0003617354062168914,0.00032357851251686617,0.0003757897065860465,0.0004045671844566276,0.0009799278249147487,0.0008128302323727393,0.0006949636790750189,0.0007539728728773544,0.000732324918039073,0.0009957258145311648,0.0010051425026911403,0.000869881471489503,0.0007433516831024143,0.0008051611952106949,0.0008320828012886954,0.0009053762188029058,0.001081780445722876,0.001176812968944102,0.0011591831740389942,0.0011327032128549647,0.0011458683904231291,7.336755492364003e-05,1.0670289637274657e-05,0.000244140625,3.5806517776300646e-08,0.000244140625,1.0670289637274657e-05,0.00048828125,6.131385114211848e-06,0.000732421875,5.806521816019255e-06,0.0009765625,4.978929398573664e-06,0.001220703125,4.114789523224041e-06,0.8999727817093087,0.8999727817093087,110.0,1000.0,30.3,12:46:00/scan-004,MEDICIONES_REALIZADAS_a_fecha_de_lunes_13_abril_2026_12_46_00,12:46:00,4,0.0,0.0
0.0010486441796964982,0.0002994679608589088,1.4827361147766114e-05,0.0019122232813961156,0.0010617854119908134,0.0006677011623310968,0.0014163532004118316,-0.33806696678187403,0.3276725897397821,-0.7722364951558076,2.6067938076406594,-3.14158964935368,3.1415825506651807,-2.534547570408951,-2.958329788441543,2.8736371128999485,0.5876243768092201,-1.618610286912909,-3.012633062086832,0.8886224916111616,-0.11427902352590606,-0.8812435743761168,-0.00010163351053687948,0.0004720584610649504,-0.0011215072863888385,0.001189163472254177,-0.0002193155070603005,-0.0006367932042089237,0.0006079041625901815,0.5573819208277696,-0.5887577103185371,-0.0009323118552645441,0.0002948902958285829,-0.0019086090545044464,3.9341567673257205e-05,-0.0009493053236341251,-0.0012738745488552708,-0.0005490076203878103,0.16893421871579964,0.4611113231605044,0.001003961421596912,0.001052202516374225,0.0010295925756586065,0.0010117098982248508,0.000883975367835243,0.0006458964208651194,0.0004798635201034847,0.0004879175320081188,0.0003302170899892701,0.0008446924189366871,0.0009687723554749037,0.0008232718648662161,0.0007575144772879064,0.0009019395117210991,0.0007781407511808926,0.0009882869471083103,0.000876589302596694,0.000651338615393202,0.0007980405172163043,0.0007287252154912863,0.0005632936230780093,0.0007051698805209058,0.0007888453340993818,0.0004522140920572234,0.0005673839773827838,0.00037807765649982097,0.0005989309159136197,0.0010396182601897428,0.0011184268176244972,0.0011333757430082034,0.0011141133920900392,0.0011279476273478237,8.05566249416562e-05,1.3129745739565073e-05,0.000244140625,3.93150926996858e-08,0.000244140625,1.3129745739565073e-05,0.00048828125,7.715647232990196e-06,0.000732421875,5.060944408880907e-06,0.0009765625,4.842011384249692e-06,0.001708984375,4.391243585844872e-06,0.9000408274360371,0.8999727817093087,110.0,1000.0,30.3,12:46:00/scan-005,MEDICIONES_REALIZADAS_a_fecha_de_lunes_13_abril_2026_12_46_00,12:46:00,5,0.0,0.0
0.0010504154375687398,0.00030743488530636406,5.5893486459719784e-05,0.0019717010038156203,0.001051853295498496,0.000631391523461903,0.0014622919005926735,-0.1738642232483001,0.005528782092193207,-0.8646090359172045,2.5573073903314127,-3.1415827243228143,3.141486991935654,-2.532983913120545,-2.935777344200126,2.873157075063868,0.6740052785582664,-1.5089998460271594,-2.9851864555757124,0.8856338657951324,-0.13795455497723025,-0.87482334502702,-0.00011046249254281582,0.00048813171367046343,-0.0013211657999205291,0.0013644211458160595,-0.0002513659329032658,-0.0006348548590682931,0.00066329869253925,0.6189227227371078,-0.5721079209548292,-0.000925697031122856,0.0003008283283239919,-0.0018640265931488546,8.63611453737088e-05,-0.0009288740510448504,-0.0013136943903253213,-0.0005318258735421936,-0.009430266194808929,0.04448461518861757,0.0010320747825602401,0.001007756692542006,0.0009902219676818243,0.0010073138036652354,0.0008506769726347219,0.0006201241819896009,0.0004895464666801821,0.0003334200551766487,0.00040805075712301925,0.0005405266850764516,0.0007398859644896574,0.0007913566365199922,0.000717821952892319,0.0006070737452071445,0.0005624094539572719,0.0006704739961589295,0.0006767622614647521,0.000519702111659154,0.0007279421978074577,0.0005902826320225361,0.0003248225942982455,0.0005857785785063083,0.00043930380517930153,0.0003519534341766677,0.00024541295593473233,0.00027409830864267274,0.0007129226110309038,0.0010658748782830037,0.0011616816526095082,0.001198652983543557,0.0012115783311332487,0.0011311776505504231,7.631641890739097e-05,1.1984945968053685e-05,0.000244140625,3.724569004753098e-08,0.000244140625,1.1984945968053685e-05,0.00048828125,6.6155435380725736e-06,0.000732421875,5.481795525190743e-06,0.00146484375,4.938282615278786e-06,0.001708984375,4.6249994847798785e-06,0.8999727817093087,0.8999727817093087,110.0,1000.0,30.3,12:46:00/scan-006,MEDICIONES_REALIZADAS_a_fecha_de_lunes_13_abril_2026_12_46_00,12:46:00,6,0.0,0.0
0.0010473317674652778,0.0003189003793361969,2.1852442747550644e-06,0.0020491936317562983,0.0010356872923361193,0.0006545178786475974,0.0014824098554139199,0.04516754859913212,-0.15409095759195246,-0.7466753681485829,2.6121552639003704,-3.1415859221471436,3.141589565599598,-2.5294902539382838,-2.955178260378472,2.89432506770899,0.5650222452661806,-1.6442556702573405,-3.0185828538578883,0.8863291191672206,-0.1087524195834768,-0.8796318654519517,-6.991808446438632e-05,0.0004915305813469307,-0.001212075074643687,0.0012492737112638817,-0.00020130510198456005,-0.0006074182022394586,0.0006963410972852064,0.5816140390262409,-0.5127723641437849,-0.0009275977742351827,0.00030277240813747237,-0.002035231959077387,4.261522527386942e-05,-0.0009331997215411802,-0.0012986164526405677,-0.0005401968827596329,0.02631858338032826,0.14304908049270715,0.0009496532198419923,0.0009865593069887226,0.0009948400523641353,0.0009756440305726799,0.0009073438228713328,0.0006433281204642099,0.0005083291031610808,0.0004178416362658616,0.0002857199092217302,0.0003441976304497564,0.0005457514769607001,0.0005862022058267133,0.0007382486307287269,0.000792455698869413,0.0009590768262998675,0.0006538984137580673,0.0009342367096753385,0.000944734739405631,0.000922462629756103,0.0008055308931008499,0.0008064180507706976,0.0009062894239858915,0.0009237307275765898,0.0010907694082205681,0.0008103794986759844,0.0006954915695753746,0.0006546718468083535,0.0010209102710988652,0.0012830855372951242,0.0012295555138960514,0.0011510635019417927,0.0011306985288691744,8.092085717520784e-05,1.3820327430774912e-05,0.000244140625,3.949285367262462e-08,0.000244140625,1.3820327430774912e-05,0.00048828125,7.0092632846144514e-06,0.000732421875,5.657977485086912e-06,0.001220703125,5.020350968238213e-06,0.0009765625,4.960266357690194e-06,0.9000408274360371,0.8999727817093087,110.0,1000.0,30.3,12:46:00/scan-007,MEDICIONES_REALIZADAS_a_fecha_de_lunes_13_abril_2026_12_46_00,12:46:00,7,0.0,0.0
0.0010802376051875346,0.00031914688617220205,1.453788916187466e-05,0.0020976282269274203,0.0010862555291287282,0.0006694087172406829,0.0014840420962611055,-0.08203368198237526,0.21904544171958307,-0.7563026881154382,2.602279466447115,-3.1415165538861642,3.1415898085328906,-2.5175441746147817,-2.954209821554895,2.899827662967516,0.5805869169676581,-1.6249281758001133,-3.0059299143764138,0.8842568596779598,-0.11959307916272686,-0.8761322327730585,-9.30219490369938e-05,0.0005106440162553335,-0.0012770031542612944,0.0014705721572850147,-0.0002100373968145608,-0.0006629606770046855,0.0006641192596272387,0.5942659100573362,-0.47299520299152453,-0.0009517310216436363,0.00030588285209398716,-0.0019015971713505248,2.0880140309540198e-05,-0.0009531313842765375,-0.0013295617779516269,-0.000564092578253017,0.03322037203047199,0.18785571526971934,0.0009696903388926268,0.001006974576125285,0.0010492814992456017,0.0010460278108775976,0.0009382131599702943,0.0006860078665124434,0.0004247974097430246,0.0005791478704317481,0.0002983170455142695,0.00040286933258386435,0.0009225188458977673,0.0008919326157939835,0.0010579964359144814,0.0009520462256098374,0.0009405564153519928,0.0009935645323337753,0.0009674627987440608,0.0010469634881757881,0.0008140762612874476,0.0009903326973243294,0.0010782623339269674,0.000892625763787447,0.0009532040653447323,0.0007997642167712098,0.0008346033298314242,0.0008023336310220582,0.0007779442661283308,0.0010409299466669637,0.0013199231031613085,0.0011799588734435892,0.001252064965902053,0.0011476389595758813,7.649537511408894e-05,1.094145580399996e-05,0.000244140625,3.7333028362171274e-08,0.000244140625,1.094145580399996e-05,0.00048828125,6.5967246794216345e-06,0.0009765625,5.5779475754706055e-06,0.000732421875,5.4193799699328414e-06,0.001220703125,4.450883294610207e-06,0.9000408274360371,0.8999727817093087,110.0,1000.0,30.3,12:46:00/scan-008,MEDICIONES_REALIZADAS_a_fecha_de_lunes_13_abril_2026_12_46_00,12:46:00,8,0.0,0.0
0.0010713652023227676,0.0003051362026315924,0.00021785506795550148,0.0020673586613018484,0.0010657700100670268,0.0006672652888911172,0.0014872334135438332,0.10037497696931987,-0.3724386367509225,-0.89378398071686,2.583472275060497,-3.1415451522333897,3.1415852667323545,-2.570011911547719,-2.9612254537384537,2.9050860221082657,0.68814588490165,-1.4922618042507467,-2.998451703644221,0.8996681645824289,-0.1283400388684466,-0.8904670913550721,-0.00010251806799457457,0.0004896727602517702,-0.001150236912566891,0.001384096657101114,-0.00022646443633639015,-0.0006359990011252436,0.0006527443107883345,0.732216358809034,-0.23175146992370976,-0.0009537807081032864,0.000284505060817561,-0.002063814866839298,-0.00020513866948322114,-0.0009405663197765909,-0.0013323594299919233,-0.0005966026551921641,-0.31856050667832564,-0.04358243653002969,0.0009756559159208582,0.0010277834457661926,0.0010068924091543032,0.001037088425695147,0.0009814802472342583,0.0009021334190019477,0.0009409202327746647,0.0009613633199001556,0.0008370241812384386,0.0009002601637386134,0.0009474596422334009,0.0009841884849092263,0.0008483103196254509,0.0009928225775631076,0.0008443217581382555,0.0008956239092974049,0.0009589470176784399,0.0008742087105648339,0.00066235796873695,0.000767063186839977,0.0009648412948346427,0.0009562062637854541,0.0008594365665619654,0.0009386059103765209,0.0008521522777416419,0.0008620261612626985,0.0013018881717866448,0.0013369963945926808,0.0012684165019145285,0.0011919629191543737,0.0011528691268779118,0.0011091941688561521,7.931352135111945e-05,1.3126247655959402e-05,0.000244140625,3.870840475896508e-08,0.000244140625,1.3126247655959402e-05,0.00048828125,6.0128647681680265e-06,0.000732421875,5.799925462109474e-06,0.0009765625,5.370155935039164e-06,0.00146484375,5.039245091291457e-06,0.8999727817093087,0.8999727817093087,110.0,1000.0,30.4,12:46:00/scan-009,MEDICIONES_REALIZADAS_a_fecha_de_lunes_13_abril_2026_12_46_00,12:46:00,9,0.0,0.0
0.0010634205737415142,0.00030952759111717873,3.833376767819937e-05,0.001934099250208939,0.0010762717824554196,0.0006510248887544514,0.0014421639051980292,-0.2285239520325306,0.15077023806112777,-0.9854016500616889,2.535997346189946,-3.1415357935313217,3.1415875069231265,-2.5891890784599676,-2.953782792937828,2.858982769922579,0.7616743352386981,-1.38053613047916,-2.992623417475671,0.8924597458730656,-0.13245786142372634,-0.8825753865539588,-0.00011742310311244758,0.0004969249673892327,-0.0012478747680162111,0.0015269297861648199,-0.00024500460680770234,-0.0006431713986881284,0.0006276318845519468,0.7756743423181823,0.08451448326289679,-0.0009401625922029156,0.00028642709752117285,-0.0019130902787515185,4.264507114278468e-05,-0.0009568998318940422,-0.0012755541838803785,-0.0005575367820618089,0.16119415816891602,0.40680088303959083,0.0009898527394064439,0.0010171232809710223,0.0010304265321631938,0.0010682332172312849,0.0010287356189679461,0.0005803824252366007,0.00041015666818384165,0.0002823305092612928,0.0009899283907017881,0.0008964022306481997,0.0008179773561203097,0.0008207579504386785,0.0007105303260526169,0.0007688492476949327,0.0007805682226790017,0.0008003637555091265,0.001037253813731905,0.0007766142589136481,0.00087089756888487,0.0007240685772065441,0.0006706528051007471,0.0009259908638231849,0.00037987235472457145,0.00025438177688542673,0.0002530996866212368,0.000630618388525343,0.0009673468649572122,0.0012848743583287522,0.0012207381964005858,0.0011011571647821742,0.0011204612214020747,0.0011288298275113626,7.725460575490234e-05,1.1992112813176228e-05,0.000244140625,3.770356552215829e-08,0.000244140625,1.1992112813176228e-05,0.00048828125,6.455893066810912e-06,0.001220703125,4.861156094318397e-06,0.000732421875,4.8215550362615e-06,0.0009765625,4.346533447066161e-06,0.8999727817093087,0.8999727817093087,110.0,1000.0,30.3,12:46:00/scan-010,MEDICIONES_REALIZADAS_a_fecha_de_lunes_13_abril_2026_12_46_00,12:46:00,10,0.0,0.0
0.0010439275894856576,0.00028234799949216325,2.1706988189327493e-06,0.0020274645397300793,0.0010628241596749976,0.0006797887351836678,0.0013766536822460646,-0.5047582627343464,0.760533976615096,-0.7267586267754051,2.628264067760452,-3.1415912441357947,3.1415783973886815,-2.504298000155826,-2.969821071997771,2.9277308540611955,0.5542592578932225,-1.654438543580936,-3.0129425876167937,0.8888676084116902,-0.1140376980495795,-0.8815219955889194,-0.00010284521080714745,0.00047949860280008277,-0.0011866946856114256,0.001339453670687679,-0.00019690543370584184,-0.0006730959615494599,0.0006127155440634537,0.5214793478362829,-0.42809890280614926,-0.0009251818603629421,0.00027027051677207714,-0.0017078209309505017,0.00010244145034821711,-0.0009468825985920646,-0.0012422751251909053,-0.0005758391671056919,0.384758427866777,0.47343418666175774,0.0009939168026087382,0.0010270974640506907,0.0010292829554242522,0.0010340425290206836,0.0010133234719015584,0.0009090105418881055,0.0003269476403594074,0.000305799690967209,0.0004774305780110602,0.0004225704522093117,0.00036821904077662283,0.0005591179848724073,0.0006658319959476417,0.0007937848048009441,0.0007789369304194848,0.0007427007753514722,0.0008043054486942252,0.0008855839568250006,0.0008021868511210655,0.0007968469755792027,0.0008224518592096677,0.0006579293455701282,0.0004887700836992967,0.0005796355462817217,0.0002581667341314604,0.0003294709041554114,0.00035891706460411675,0.0010175249198744604,0.001209453531080595,0.0010770248158980865,0.001061213987160747,0.0010501065462987422,7.3839361666753e-05,9.361437811487368e-06,0.000244140625,3.603677972999171e-08,0.000244140625,9.361437811487368e-06,0.000732421875,5.671683876140536e-06,0.00048828125,5.375426085240632e-06,0.0009765625,5.086880406889005e-06,0.001953125,3.9944311718328705e-06,0.8999727817093087,0.8999727817093087,110.0,1000.0,30.4,12:46:00/scan-011,MEDICIONES_REALIZADAS_a_fecha_de_lunes_13_abril_2026_12_46_00,12:46:00,11,0.0,0.0
0.0010360010005601376,0.00031271280626472917,3.919688606939702e-06,0.002142096228220544,0.001041088045982293,0.0006257880545891548,0.0014248560454537932,-0.20469169619807234,0.44098133465407585,-0.854887569741737,2.587361930677779,-3.1415791090322167,3.1415894167636056,-2.546912459213466,-2.9700809406114823,2.9034109438753264,0.6616122483692604,-1.524217060879733,-2.9929454865247536,0.8929760020709733,-0.13225006206901654,-0.8831285644555951,-0.00011222183458971104,0.0004638584210724424,-0.0011199558212901795,0.0012854241239829665,-0.00021025361464182917,-0.0006356617601437166,0.0006007555249944891,0.6264545541018803,-0.40889619663779664,-0.0009223960336504982,0.00030415946273887307,-0.0020914101517996047,8.68639412499622e-05,-0.0009228377918874616,-0.0012847956098324521,-0.0005498040799580028,-0.12070877729506417,0.7697015742901874,0.0010040489707103743,0.000951869325423141,0.0010021888823298392,0.0010149740982359958,0.0009139421372187585,0.0007588468254312602,0.00030084069031504485,0.00036312869389707256,0.0004044115926651031,0.0005380155448326909,0.0004662461811015822,0.00042358778950342613,0.00044519140864612584,0.0007635655389534563,0.000799503131341305,0.0007840144991946597,0.0008154088878571245,0.000814023789543432,0.0007782596921112059,0.0004390817573484155,0.0006468202471370198,0.0006803176207327058,0.0005953199301449994,0.00048003267939668087,0.0003090413967779936,0.0002161311010531128,0.00048755644881622197,0.0010726136352598706,0.0011860012443243066,0.001092601484519343,0.0011725634428671494,0.0011658121163747915,7.70705012886305e-05,1.0971483624987387e-05,0.000244140625,3.761371463573963e-08,0.000244140625,1.0971483624987387e-05,0.00048828125,6.521915342213611e-06,0.000732421875,5.893178990270064e-06,0.001220703125,5.1259844102107356e-06,0.0009765625,5.117978336895201e-06,0.9000408274360371,0.8999727817093087,110.0,1000.0,30.4,12:46:00/scan-012,MEDICIONES_REALIZADAS_a_fecha_de_lunes_13_abril_2026_12_46_00,12:46:00,12,0.0,0.0
0.0010768535922186444,0.0003049256864671953,7.759114597626127e-05,0.0020087518687740427,0.0010832152675728218,0.0006712381183474999,0.0014611071433388522,-0.11731845899843646,0.1049807711999673,-0.7264653750469409,2.6283987866334813,-3.1415858074783407,3.1415497530819048,-2.4996511812052713,-2.977561738928995,2.950965521797171,0.559031611291977,-1.6479039747829651,-3.0065113733843787,0.8886983899084829,-0.11968176865252593,-0.8806026927497626,-0.00011052990668048256,0.0004916700644841582,-0.0012057857537920644,0.0014318838559771755,-0.00018946921550769817,-0.0006866102617464554,0.0005891367517577062,0.5539655221176762,-0.3012514857901505,-0.0009528597877977193,0.0003011539916774033,-0.002008422075389324,2.4174929686873217e-05,-0.0009553020282179457,-0.0013237929745702054,-0.0005632585577822056,-0.1250304103701951,0.26779082725105985,0.0010187548359963249,0.0010402181417380999,0.0010703843312976958,0.0010419508447543021,0.0010030981444061407,0.0009321032935680638,0.0005953950796836502,0.00043183234432324087,0.0006040105202867607,0.0007798189593263234,0.0010201364381105442,0.0008850263004540695,0.0009834997901652404,0.0009757026456872144,0.000999699147217659,0.0009249921616486037,0.0009484951554274126,0.0008856976134833597,0.0008734147341641094,0.0009532521147457468,0.0008039640330044606,0.0008452734104865198,0.000896319556665801,0.0008512365749570979,0.0008810695585231284,0.000727352476456378,0.0008945241421056225,0.0011379262825429116,0.0011979269081401841,0.0010733544040585348,0.0011497855115639873,0.0011630678409722316,8.010319688878394e-05,1.3015531356112047e-05,0.000244140625,3.9093800336156144e-08,0.000244140625,1.3015531356112047e-05,0.00048828125,6.8407516326340885e-06,0.001708984375,5.134620698564845e-06,0.00146484375,5.015030337335219e-06,0.000732421875,4.6524557171556416e-06,0.9000408274360371,0.8999727817093087,110.0,1000.0,30.4,12:46:00/scan-013,MEDICIONES_REALIZADAS_a_fecha_de_lunes_13_abril_2026_12_46_00,12:46:00,13,0.0,0.0
0.0010435606301448103,0.0003137492830680844,1.7427166524323754e-05,0.002073323468698086,0.0010502660424635585,0.0006319068805147551,0.0014315252777420233,-0.16001671700459025,0.24033693616170115,-0.858400666380681,2.562350405457311,-3.1415599207100118,3.1415890500934567,-2.533705689616668,-2.9428370306193847,2.867244602064968,0.6680409066729647,-1.5154655580448952,-2.986843443899045,0.8851158088176757,-0.13642494486916731,-0.8745388667385874,-0.00012719599105858316,0.00047413659688666445,-0.001222492156961634,0.0013284310135693888,-0.00025119556315693293,-0.0006474163743775766,0.0005707529853738678,0.6297904582811631,-0.3955242705702773,-0.0009217594619403433,0.00031117696200890453,-0.002046745764798103,-1.2916926813483628e-05,-0.0009369717134198284,-0.001288889350818551,-0.0005030409807449742,0.04204741474972639,0.23402578892098935,0.0010367420854832975,0.0010433098352565472,0.0010135417041611389,0.0010100926085329202,0.0009047594287475638,0.0007163531064925476,0.00037340726295922636,0.0004854347317207539,0.0007937317608968702,0.0008177699323216967,0.0008266561277402206,0.0009963732000171745,0.0007053964028825299,0.0009642258411880721,0.0007597756232545679,0.0009231227249778547,0.0007466619944214249,0.0010525634118671518,0.0007972102077230368,0.0008590474629553169,0.0009860003594204406,0.0011258092957405037,0.0009644329337438481,0.0008208698551178821,0.0005979684784625288,0.000443037682064654,0.0005807968196506423,0.0008743951076171878,0.001140945743635048,0.001088774802584487,0.0011325796600356619,0.0011839696927723974,8.075823125646862e-05,1.4112705929275577e-05,0.000244140625,3.9413485239857797e-08,0.000244140625,1.4112705929275577e-05,0.00048828125,7.997908595894489e-06,0.000732421875,5.709183173058613e-06,0.0009765625,4.978267673660095e-06,0.001220703125,4.705936029987326e-06,0.9000408274360371,0.8999727817093087,110.0,1000.0,30.4,12:46:00/scan-014,MEDICIONES_REALIZADAS_a_fecha_de_lunes_13_abril_2026_12_46_00,12:46:00,14,0.0,0.0
0.0010848881191664332,0.00029323446405570523,0.00014676971909813904,0.0021305976538823993,0.0010646566664787248,0.0007369241930662799,0.001477067724863681,0.21289565213673337,0.2951360689742675,-0.8707498700012816,2.568986259440614,-3.1415634729126207,3.1415873693339016,-2.503224863670349,-2.972134309777289,2.8933569028699404,0.6824451546099902,-1.4930392556141594,-2.9770269130248184,0.8884373814024409,-0.1455473247372234,-0.8764342285277676,-0.0001302268257174795,0.0005004896390446762,-0.0011939857739857226,0.0013737253258307993,-0.00023497231383286243,-0.0007167949493015401,0.0006043971149517053,0.6145675913991806,-0.3073039184267752,-0.0009556470908117567,0.0002868049560693525,-0.0021262983044416056,-1.596221090304124e-05,-0.000943213684125301,-0.0013072902435936234,-0.0006193211897295675,-0.39451535491615336,0.9770310814491752,0.0010448130523662258,0.0010336529301834276,0.0010456402975793095,0.0010706991827474487,0.000963917663490075,0.0006572543648844158,0.0005371173337421004,0.0004751674376704406,0.0009211340802837989,0.001064593989729591,0.0010088263623785844,0.0009402775948938562,0.0008645327681267863,0.0008017587008772203,0.0009205267762928451,0.0009433509933013414,0.0009857234125907996,0.0009303367005717066,0.0009858470802545257,0.001247474954579147,0.0010423702351743992,0.00096979350378214,0.0010208920760321905,0.0010195650037133131,0.0009098355697616416,0.0010398826858983295,0.0013747389747898122,0.0012981128205538017,0.001224313627081178,0.0011054239783338338,0.0011231826791313368,0.0012390932545586109,7.82201385016956e-05,1.1084288420084505e-05,0.000244140625,3.817478697008082e-08,0.000244140625,1.1084288420084505e-05,0.00048828125,7.041338343767344e-06,0.000732421875,5.6996993975842385e-06,0.0009765625,5.099409168715881e-06,0.001220703125,3.967809698484717e-06,0.9000408274360371,0.8999727817093087,109.0,1000.0,30.4,12:46:00/scan-015,MEDICIONES_REALIZADAS_a_fecha_de_lunes_13_abril_2026_12_46_00,12:46:00,15,0.0,0.0
0.0010497007960281717,0.0003036797293272201,0.0001606089016074881,0.0019504838865784903,0.0010565767427148478,0.000654614031625096,0.0014373812699343253,-0.11359324771104935,-0.02170800755631097,-0.8297481759811044,2.597300735509379,-3.141588926139203,3.1415700639372806,-2.5700900123276202,-2.955360716381219,2.878137761996054,0.6311424121198936,-1.5683778936113084,-3.012811941521758,0.8948081443004926,-0.1149157780838052,-0.8873984330918582,-0.00011097285664927476,0.0004781575591070648,-0.0010307886931514043,0.0014392979946080433,-0.00022787252708393472,-0.0006503971406691696,0.0005604461433253915,0.7105539586191463,-0.14007729846280492,-0.0009340659403180054,0.0002840122505583684,-0.0019370356693939866,-6.373935683551264e-05,-0.0009379586072715632,-0.0012795142300655855,-0.0005707187895826214,0.01237541159479594,0.35913611564017556,0.0009817757539760984,0.0009926363058579877,0.0010509648464547597,0.0010634589124481353,0.0010179562744982965,0.000788393959214862,0.0009591346973299377,0.0009423515984151291,0.0008907916121574631,0.0008549625497425034,0.000981083789208211,0.0009607279907774005,0.0008536092451612129,0.0008473558517078792,0.000798754693992146,0.0008188201595900139,0.0008076910158953217,0.0008165067516458723,0.0010704340216592576,0.0008135709836827117,0.0007842462782542615,0.0008086919431278231,0.0007493094465648708,0.000967273689483702,0.0009997868706591367,0.0005029219801805777,0.0005399645144691794,0.0011759315564122145,0.001214366739684755,0.0010309594887090274,0.001105515413726183,0.0011107436316897066,7.848642390567783e-05,1.1177656815116948e-05,0.000244140625,3.830474568359094e-08,0.000244140625,1.1177656815116948e-05,0.00048828125,6.4439797306008975e-06,0.000732421875,5.484117614516471e-06,0.0009765625,5.272936118684291e-06,0.001708984375,4.995070146152347e-06,0.9000408274360371,0.8999727817093087,109.0,1000.0,30.4,12:46:00/scan-016,MEDICIONES_REALIZADAS_a_fecha_de_lunes_13_abril_2026_12_46_00,12:46:00,16,0.0,0.0
0.0010758428749589272,0.0003207390306376167,7.681304722214463e-06,0.002049147408024441,0.00110694917917851,0.0006420901616142783,0.001458555206720508,-0.39382135951306035,0.188181416572077,-0.839391370435258,2.5296128121892143,-3.141567852681317,3.1415823435681425,-2.5074701862825375,-2.8992245134689614,2.8106155425957824,0.6558874432590878,-1.5265739373097782,-2.9801001454317393,0.8659462329286861,-0.13923677067298657,-0.8546788870774451,-0.0001319668949995017,0.0005231472463506542,-0.0011185771935210643,0.0014567511822366956,-0.00029333833153847026,-0.0007014068898058066,0.0006515294859478766,0.6846156549668363,-0.4873237245236055,-0.0009333182747132429,0.0003132554922384883,-0.001956679339510782,0.00014562787061479573,-0.0009521338210001537,-0.001307939256288557,-0.0005221280880769563,0.37364970538666314,0.37613850746914634,0.0010600257150923812,0.001080449611828347,0.001082879489678309,0.0010666825599534556,0.0009365610323043064,0.0005450074847526019,0.0003727420765820498,0.00026180280644850194,0.0003019391444132825,0.0003378816278594632,0.0002994058405652452,0.0004613632171756767,0.0004540675475677254,0.0005736131308420818,0.0006221132019030752,0.0006793253769083891,0.00041325342825293256,0.0004578628473672077,0.0007377636379660509,0.00036329711479723487,0.0006376111040335027,0.0007405923516385223,0.0005299267556842433,0.00034071057638818364,0.0005033501514007497,0.0004276140123963688,0.0005792156498528082,0.0010733706068960702,0.0011891748351604337,0.0010943977427115188,0.0011280878523606689,0.0011908060625498592,8.103737957788281e-05,1.4475993235256206e-05,0.000244140625,3.954972160950845e-08,0.000244140625,1.4475993235256206e-05,0.00048828125,8.5911829798572e-06,0.000732421875,5.110482699293189e-06,0.0009765625,4.978582865469615e-06,0.001220703125,4.31299339474133e-06,0.9000408274360371,0.8999727817093087,109.0,1000.0,30.4,12:46:00/scan-017,MEDICIONES_REALIZADAS_a_fecha_de_lunes_13_abril_2026_12_46_00,12:46:00,17,0.0,0.0
0.0010639570938226436,0.0002982647884372015,2.8529906910583807e-06,0.0019396393133479656,0.0010798991073451688,0.0006762560864055269,0.001434213440098,-0.3127264393147891,0.3166396771128115,-0.8121889267965385,2.5594663103278896,-3.141577674694578,3.1415869344280836,-2.481255181567781,-2.936340088695772,2.8772054835832113,0.6431488013315062,-1.5425058777486886,-2.9686816560871065,0.8749277848585303,-0.1505319054558848,-0.8618809512672125,-0.0001391813400683023,0.0004906129528309525,-0.0011457893456490408,0.0013356448195233194,-0.0002682282899837274,-0.0006947274216080178,0.0005846355198321598,0.5719518901962267,-0.5910101970510233,-0.0009315323811213736,0.00030518879413059534,-0.0019013441754483643,0.00019760777040240805,-0.000953453743084855,-0.001290568617064622,-0.0005466220566274448,0.30380443031829113,0.4694954002957954,0.001056304605851991,0.001076966695598213,0.0010651454820990369,0.0010465958366947697,0.0008916647065241631,0.0006692461556521756,0.0005402242487507461,0.0005090425902259112,0.00036531125113310064,0.00038958123301992216,0.0003678090162804665,0.0005700463809058537,0.001050157392661955,0.0009188983102048206,0.0010681667735918633,0.0009265874874928237,0.0008589630631416802,0.0005258890056643739,0.0002633202145109115,0.000508833088251808,0.0004368965450554777,0.0004012212180664768,0.00045955336249601473,0.0003405629469821791,0.0003541765219256512,0.00035497955119465465,0.0005967302104677891,0.0009420000414904412,0.0011693624819244352,0.001106407832673542,0.0011299972680771197,0.0011884006610971675,8.056951159893087e-05,1.3278422323542562e-05,0.000244140625,3.9321381941889154e-08,0.000244140625,1.3278422323542562e-05,0.00048828125,7.301458517350634e-06,0.000732421875,5.571700864560383e-06,0.0009765625,5.368075735283094e-06,0.001708984375,4.542551280764413e-06,0.8999727817093087,0.8999727817093087,109.0,1000.0,30.4,12:46:00/scan-018,MEDICIONES_REALIZADAS_a_fecha_de_lunes_13_abril_2026_12_46_00,12:46:00,18,0.0,0.0
0.0010788855204561388,0.00029698075414037365,0.00010354951813213241,0.0019990545895810286,0.0010791857451261252,0.0006981221891013141,0.0014569133409774511,-0.0927030200055292,0.20883140569643954,-0.7876578999401123,2.5781295634257138,-3.141517904495328,3.1415235511678414,-2.4979389028823427,-2.9173958144780836,2.8982882103646186,0.6231815194925272,-1.5728698901502491,-2.974778991136122,0.8822115203075774,-0.14648336226686154,-0.869965396520116,-0.00012007742999016546,0.0005150584296373892,-0.0012010061176403232,0.0016226444584204608,-0.000263743508415165,-0.0006916125015420745,0.0006333119486448946,0.6825858426362746,-0.3221771502599222,-0.0009437885312599491,0.00028591903053700086,-0.001872852268688236,0.00013383295720705105,-0.0009436919665874847,-0.0013034111183932045,-0.0005958260489143496,0.12089891200456059,0.34916806937334943,0.0009824388872349617,0.0010334519502465896,0.0010477585340934621,0.0010600403372955554,0.0010046085545993514,0.0006181255648747821,0.0004450197758443952,0.0003727497734403248,0.0003816859226317601,0.0004203623865324161,0.0007818931843951753,0.0007179827735543902,0.000840719529161375,0.0007942745743258279,0.0008107593452349674,0.0007196904155018597,0.0008775852833374234,0.0005673308743855942,0.000789428352316404,0.0006741016217688815,0.0007790456467174509,0.0007907363588586652,0.0009767396684444804,0.000824248567741871,0.0007592417788779548,0.0006756193602992368,0.0012094069757526936,0.0012102970758029205,0.0013204813603658887,0.0011477552848141994,0.00116583123669878,0.0011248407158946433,7.51024642787472e-05,1.2416261807585293e-05,0.000244140625,3.665322805209722e-08,0.000244140625,1.2416261807585293e-05,0.00048828125,6.795198295658425e-06,0.000732421875,5.24723315773564e-06,0.0009765625,5.221535270980948e-06,0.001220703125,4.14276370015831e-06,0.9000408274360371,0.8999727817093087,109.0,1000.0,30.4,12:46:00/scan-019,MEDICIONES_REALIZADAS_a_fecha_de_lunes_13_abril_2026_12_46_00,12:46:00,19,0.0,0.0
0.0010413829876117855,0.000309943650337628,4.7901297824035854e-05,0.001933058961991871,0.0010429271657821776,0.0006260863059732932,0.0014500100073610508,-0.1358299361090536,0.009125342950988546,-0.8033289376473856,2.5802438189851244,-3.141562594318784,3.141581290626903,-2.543693766198027,-2.9479841516826624,2.889830861922029,0.6090922817733876,-1.5892270137724829,-3.016766347156904,0.8788429649793305,-0.10941805234587679,-0.8720049580790786,-0.00011217230597261505,0.0004908850297033318,-0.0010901506716930918,0.0012549530742394738,-0.00023035224583166185,-0.0006624632190148682,0.0006589538246211568,0.6055690598030382,-0.5813661639850904,-0.0009153554019833038,0.0002985226396831507,-0.0017598766520742918,9.262654710198542e-05,-0.0009211035550357987,-0.001309898534964452,-0.0005276628688157959,0.23439936399060432,0.010078151993566653,0.0009765121102866711,0.0009839199244341026,0.0010674894832485488,0.0010470514104702871,0.0010009600776828308,0.0008629457602633185,0.0007517072507914681,0.0008183238318807485,0.0007598409727981084,0.0009018018805249625,0.0007810175471065664,0.0008240114480059633,0.0008116974709622827,0.0009872721462568822,0.0007660988009696457,0.000918965798217649,0.0007221436016327679,0.000739378879318525,0.000722691080635863,0.0007129433387925519,0.0009204696439381136,0.0006946624748148384,0.00040524766873974605,0.0004486565792600111,0.0005215369526554903,0.0005957284423527829,0.0006895888955186641,0.0007856472865048785,0.0012456574905469746,0.0011874106302322308,0.0010204725943263788,0.0010494956700655494,7.1625581417958e-05,1.1231867578541705e-05,0.000244140625,3.495635989163397e-08,0.000244140625,1.1231867578541705e-05,0.00048828125,5.686208570282735e-06,0.000732421875,4.517341178589944e-06,0.00146484375,4.403730591420907e-06,0.001220703125,4.103632965260713e-06,0.8999047359825803,0.8999727817093087,111.0,1000.0,30.4,12:55:42/scan-000,MEDICIONES_REALIZADAS_a_fecha_de_lunes_13_abril_2026_12_55_42,12:55:42,0,0.412372,36.870962
0.0010724525492199965,0.0003139460289599839,2.2705700145512543e-06,0.002118093860581113,0.00108659355105087,0.0006657803185508827,0.0014531670891144988,-0.31724192443857285,0.5848250341636025,-0.8400491750968668,2.55457301205022,-3.141556728894821,3.141548974603831,-2.5267656607757587,-2.9472639139991426,2.852993597988261,0.6381231037297362,-1.549620625437323,-3.0093924836894854,0.8722209591761446,-0.11497218229730809,-0.8646102005666763,-0.00010841016865596918,0.0005314143101747354,-0.0011189647950395583,0.0016259133607360457,-0.00024188253070302887,-0.0006853121112183894,0.000663213128857036,0.8066119693198748,0.0060821450042300995,-0.0009317723239170871,0.0002938735619063756,-0.0018010349387663441,0.00011213741552741615,-0.0009486044871502802,-0.0012801497260458196,-0.000560574486252502,0.3079516639638071,0.4237331339579202,0.0011011978025042266,0.0010570545590229542,0.0010614453314418996,0.0010399541034832203,0.0010151595793078544,0.0008652743650672701,0.0006587951362861659,0.00031177687908589115,0.00025813932973920925,0.00037875672228141155,0.0004720041310750558,0.0003568512909035536,0.00048623306151788544,0.000650518553285658,0.0011143867649567305,0.0009490007400266959,0.0008823858093328439,0.0007082497815455001,0.0008421941729486852,0.001065345854361331,0.0006776104728971706,0.0007895336180366232,0.000671951873030006,0.00017373887290971608,0.000308299971651628,0.0005241298451922606,0.0006940755994745638,0.001288980848225128,0.0011894490897784524,0.0010048703987565774,0.0010536102609870499,0.001106522997291771,7.839148556532776e-05,1.2175685362533818e-05,0.000244140625,3.8258411696109205e-08,0.000244140625,1.2175685362533818e-05,0.00048828125,7.980833883471483e-06,0.000732421875,5.7763935072786126e-06,0.00146484375,4.617333157964679e-06,0.001708984375,4.205945701735189e-06,0.9000408274360371,0.8999727817093087,111.0,1000.0,30.4,12:55:42/scan-001,MEDICIONES_REALIZADAS_a_fecha_de_lunes_13_abril_2026_12_55_42,12:55:42,1,0.412372,36.870962
0.0011544832794237528,0.0003667370640961641,3.303828731004626e-05,0.002407881224858314,0.0011699959531490138,0.0006833154972811093,0.0015821221527310147,-0.11803265825151955,0.5399054028052577,-0.9263279670961364,2.4193525056365273,-3.1415925246039813,3.141581669049444,-2.443086439764781,-2.8695657487151083,2.7146709432587777,0.7314070896621825,-1.4047664498766228,-2.9576317476306957,0.8244355649229913,-0.1508099344184484,-0.8105247463159868,-0.00016367237982497606,0.0006800309309141658,-0.0014538217415164764,0.002040125320114693,-0.000372248772590991,-0.000871367415348113,0.0008243644250776718,0.8911625505263707,0.07608772582099554,-0.0009353540673388895,0.00032126189128609716,-0.002076765773216535,0.00018682037987387222,-0.0009540221473292984,-0.0013302486092318653,-0.0005114652542262352,0.27184727640363693,0.21646754682098912,0.001107501064548865,0.0010785541692358784,0.0011350109750733284,0.0011739248379900417,0.0011642779406597994,0.0012579622625415873,0.0008373711968255226,0.0005588317710180401,0.0004908203344368272,0.0004070107006933351,0.0004603719987367049,0.0003821350255113398,0.000551002027482447,0.0007545777644797284,0.0006105199365868227,0.000774438408228361,0.0007185752441785289,0.0009095081422307498,0.0008196144235089872,0.0008905449134643146,0.000865016849555928,0.0003665472814123938,0.00042610854017309437,0.000380885768245119,0.0004861876810646983,0.0006317860512226738,0.001103152173481244,0.0015039355142273567,0.0012040628459869373,0.0010801563619275605,0.0010971384052907002,0.0011338919104241514,7.609401480574503e-05,1.3338664968274206e-05,0.000244140625,3.713714729416546e-08,0.000244140625,1.3338664968274206e-05,0.00048828125,6.914102317938297e-06,0.000732421875,4.647439197112154e-06,0.00146484375,4.269843473591338e-06,0.001220703125,4.160308368953492e-06,0.8999727817093087,0.8999727817093087,111.0,1000.0,30.4,12:55:42/scan-002,MEDICIONES_REALIZADAS_a_fecha_de_lunes_13_abril_2026_12_55_42,12:55:42,2,0.412372,36.870962
0.0011341647117290492,0.00038232381126024784,2.2557562260312812e-06,0.002573652840754118,0.0011297163864931433,0.000676542893379242,0.001589137502732361,0.23044058672109066,1.027520389418644,-0.7871234461350004,2.4790550082561915,-3.141571557554858,3.141578355586864,-2.4400284520954143,-2.876555199718211,2.816307667383824,0.5967254420203126,-1.5835572143194048,-3.0094958359538233,0.8182374159181396,-0.10777248887639257,-0.8111088456241756,-9.550503182808971e-05,0.0006926986478994851,-0.001339999348108272,0.002089782837107121,-0.00030068871014472527,-0.0008347006237471163,0.0009590376932804038,0.8959014737272976,0.032552516732645476,-0.0009171326374708533,0.00032002480856639073,-0.0019414327799146946,0.00016563508213774278,-0.0009289989281418538,-0.0013259181542530005,-0.000491356490425309,0.30767088569928935,0.19951961275616048,0.0009957011509073902,0.0010307155696279379,0.0010884058845544444,0.001170106079483814,0.0011668695158863073,0.0010969418936086135,0.00027590535980690205,0.0003376132009883655,9.980019150587691e-05,0.0006747807155239705,0.0006494214491857628,0.00033418548743607943,0.00026583478384722335,0.0003945137698429813,0.00024406009014759928,0.0008091006392722218,0.0006960329433490396,0.0007161749376764828,0.0007387685918086395,0.0004386563535851616,0.0002603386845548213,0.0002620303242578648,0.0002876975258780896,0.00030672275918520916,0.000560325268603693,0.0008020198688243559,0.001058660825045392,0.0015898240680215041,0.001237478054012886,0.0010928653601187707,0.0010507914166793576,0.001092320120588628,7.844912265279412e-05,1.297778864115945e-05,0.000244140625,3.8286541070177705e-08,0.000244140625,1.297778864115945e-05,0.00048828125,6.501667653099135e-06,0.000732421875,5.8560358105234685e-06,0.0009765625,4.731179215903243e-06,0.001953125,4.602331673634731e-06,0.9000408274360371,0.8999727817093087,111.0,1000.0,30.4,12:55:42/scan-003,MEDICIONES_REALIZADAS_a_fecha_de_lunes_13_abril_2026_12_55_42,12:55:42,3,0.412372,36.870962
0.001114005741857543,0.0003670090919144011,1.6401136286960312e-05,0.00239426784076001,0.001102373126134361,0.0006700008728452975,0.0015400456507441572,0.388631604132752,0.9165021641219027,-0.8985526314286312,2.4568211621054696,-3.1415692051027744,3.1415669392082703,-2.4535382500189282,-2.916276351346621,2.7540656777604062,0.7037762999116244,-1.4470498353308698,-2.9675873970911235,0.8364605130453826,-0.14481515501073394,-0.8238293274479621,-0.00012922963775284212,0.0006566327828973314,-0.0013174554724856272,0.0019381549537244394,-0.00031084498634419063,-0.0008308220881936234,0.0008633518382704066,0.9193961339334613,0.1513695233143708,-0.0009117003209668864,0.00031086898641934964,-0.001897738808873261,5.550968082549509e-05,-0.0009035659122169958,-0.0013248087554032148,-0.000518941575384942,0.00872653671874098,-0.2867673195745821,0.0010553658827184807,0.001020414180470597,0.0010778705115029865,0.0011010127533367072,0.0011163053367361367,0.0011317546028047298,0.0010289810597662887,0.0007363830041330862,0.0008253124340307645,0.0007745905932310341,0.0008634043362246882,0.0008503912761534538,0.0007509460964996605,0.0008617336188811082,0.0007592187715542759,0.0008747085905318497,0.0007581180396290704,0.0007702313422553184,0.0008826437635265005,0.0008906472106451704,0.000750466641616312,0.0006397688598058195,0.0004065680812703521,0.000327599945923496,0.0006708265822163973,0.0009088475633067949,0.0009848151715915808,0.0015929332624571376,0.0012586124781747933,0.0010084944132244655,0.0010460777244515889,0.001026441479571703,8.235464243193253e-05,1.4467993821713274e-05,0.000244140625,4.019260245579918e-08,0.000244140625,1.4467993821713274e-05,0.00048828125,7.561117295924691e-06,0.001708984375,4.6841653987206455e-06,0.0009765625,4.6811686124881165e-06,0.000732421875,4.640342929783058e-06,0.8999727817093087,0.8999727817093087,111.0,1000.0,30.4,12:55:42/scan-004,MEDICIONES_REALIZADAS_a_fecha_de_lunes_13_abril_2026_12_55_42,12:55:42,4,0.412372,36.870962
0.0011382032068040274,0.00037415123377239237,9.8957475782388e-06,0.0025068858687176407,0.0011424082754727424,0.000676991048117936,0.0015763742932953576,0.10303193641327067,0.8524907054838744,-0.8621526242658669,2.4506325687780293,-3.141588668193697,3.141581308484568,-2.446658104741941,-2.903318853718854,2.742048012328375,0.6659838514071497,-1.4947130954423302,-2.981389216207099,0.8212214768721524,-0.13100046346633656,-0.8107056140472225,-0.00010971334417156268,0.0006922866186039249,-0.0014548062836530669,0.002018205800192235,-0.00031356574034250385,-0.0008223215328413417,0.0009673332397374989,0.9060567561843259,0.031408777098361096,-0.0009192436571797842,0.0003149423966751559,-0.0020139056101840676,0.00028603524036961654,-0.000925449366126868,-0.001319207948981422,-0.0005155596212029667,0.20252672418551326,0.16284602892899525,0.00111644895596335,0.0010817422181006902,0.0010994517865417482,0.0011075918454068532,0.0011280601670123566,0.0011364940250263049,0.0008189635676623618,0.00023688682754139485,0.0003658165390035281,0.00027020753861018,0.000337373293317934,0.00046109938346881104,0.0008012890730715862,0.000683788423713424,0.00038660507349500163,0.00059310931744304,0.0005073711147867681,0.0003857681593353297,0.00044124860356797857,0.00033573101595130183,0.0004051205947279528,0.00039391285503886746,0.000261682282816954,0.00024518481774619564,0.0003495432070629309,0.0007866766451083922,0.0012916554273850703,0.0015248459513674895,0.0013081900590951913,0.0010959064856414524,0.0009628032215381473,0.0010111613984862173,8.202832698885037e-05,1.3736552115494433e-05,0.000244140625,4.0033346505051425e-08,0.000244140625,1.3736552115494433e-05,0.00048828125,7.217962980622602e-06,0.000732421875,5.6288224283832475e-06,0.0009765625,5.080308411600054e-06,0.00146484375,4.555447938481909e-06,0.8999727817093087,0.8999727817093087,110.0,1000.0,30.4,12:55:42/scan-005,MEDICIONES_REALIZADAS_a_fecha_de_lunes_13_abril_2026_12_55_42,12:55:42,5,0.412372,36.870962
0.0011633239000216657,0.00034238961970108696,0.00010250854658641165,0.0025470428553864134,0.0011556598478763723,0.0007671364699388518,0.0015775796822936248,0.3432766124193174,1.0444044949115394,-0.9086475148927423,2.443587992550313,-3.141533934275701,3.141559554509001,-2.4210162604434498,-2.9147611072797845,2.7558847580883983,0.7137670945021025,-1.4321503914424747,-2.962727740195983,0.8330178089868789,-0.1482044563204414,-0.8197280702867644,-0.0001567099441113585,0.0007003238618128855,-0.001584284671950578,0.0020847945597710946,-0.0003358722682100731,-0.0008808034227630171,0.0008837012209229695,0.8428382797168471,0.029991806590138115,-0.0009398171782073498,0.00026885878804217505,-0.0017242152442251306,-7.164516424095377e-05,-0.000938824226799639,-0.0012970033912965404,-0.0005903214721651406,0.11485906668479895,-0.05954410070143279,0.001015407671723005,0.0010727684886796456,0.0011570290389431419,0.001187357105797224,0.0012387113703918639,0.0013393297551684154,0.0011923839312573247,0.0008328361905522563,0.0007263924833545619,0.0008632688452430353,0.0007813484282453035,0.000793556929504306,0.0009215601706752671,0.0008231090302234835,0.0007742282258620676,0.0007009493556449709,0.0009074983705667344,0.0008751764130354653,0.00085605814935672,0.0008884257775206271,0.001019307597926632,0.0006821831760145015,0.0008233474028384137,0.0006421990253614138,0.0008174349479731289,0.000858682146740088,0.0012035261006298399,0.0015373998517541872,0.001207844221866635,0.0010406067172899346,0.0009999641141513933,0.000975852392667938,8.193657876342501e-05,1.2821250738557865e-05,0.000244140625,3.99885694306613e-08,0.000244140625,1.2821250738557865e-05,0.00048828125,6.7612030036682935e-06,0.001708984375,4.79862989415798e-06,0.000732421875,4.747452742518981e-06,0.001953125,4.725327031144336e-06,0.9000408274360371,0.8999727817093087,110.0,1000.0,30.4,12:55:42/scan-006,MEDICIONES_REALIZADAS_a_fecha_de_lunes_13_abril_2026_12_55_42,12:55:42,6,0.412372,36.870962
0.0011589641601257748,0.0003602959721002381,2.62379563128377e-06,0.0024345716648447036,0.0011577349170060294,0.000701653401558401,0.0015929586982573911,0.04112107598394047,0.7377391949578169,-0.7568600115321426,2.5111734293850145,-3.1415390022839333,3.141549972924947,-2.426131256101483,-2.9199589108413795,2.8211900343385263,0.5784548474916666,-1.61039438018731,-3.0033806867766115,0.833600370237141,-0.11484708485297182,-0.8256510911760927,-0.00011855983608398244,0.0006847811549797862,-0.0012960013434200211,0.0019759821588220096,-0.0002980098092361588,-0.0008632951338961078,0.0009895021315057427,0.7881024694449548,-0.1801223686711344,-0.0009488392663377702,0.0002995549284886917,-0.0018213645152521053,9.221905475620709e-05,-0.0009598283160556986,-0.0013331213488193912,-0.000552369106261893,0.29883302187056526,0.00890563771623265,0.0010447991297204858,0.0011030527799093708,0.0011378719497552473,0.0011978341292006548,0.0012261738599966014,0.0012566364891504534,0.001081546048861079,0.0007802628801499284,0.0008490718768746608,0.000727197682335309,0.000769509071765585,0.0006813011040464508,0.0008212819388283271,0.0008261953440958823,0.0009058163087585421,0.0007128816141631455,0.0006569277507926206,0.0007020065525298252,0.0005019584065740579,0.0008319635517827971,0.0007593384270240627,0.00043409137679610815,0.00032121955637332494,0.0004275872185175209,0.0003892903656138912,0.0009676395015675597,0.001114729763164995,0.001497754494846409,0.0014152216467165169,0.0010774486178589694,0.0009720818917293474,0.0009597710293158904,7.764666741187802e-05,1.385286731060319e-05,0.000244140625,3.789490844893998e-08,0.000244140625,1.385286731060319e-05,0.00048828125,6.678921080204665e-06,0.000732421875,4.835506763891302e-06,0.00146484375,4.581266388518655e-06,0.001708984375,4.47668555792344e-06,0.8999727817093087,0.8999727817093087,111.0,1000.0,30.4,12:55:42/scan-007,MEDICIONES_REALIZADAS_a_fecha_de_lunes_13_abril_2026_12_55_42,12:55:42,7,0.412372,36.870962
0.0011457404473587392,0.00036035585919989117,5.219385969377073e-06,0.002468356939185892,0.0011470724000600262,0.000712296628480708,0.0015600683303560903,0.15333109464371197,1.0906335334099602,-0.8173270040179487,2.4729275155078287,-3.1415830863893572,3.1415428538182977,-2.4398207966967966,-2.9099336100103326,2.7874472459596236,0.6263422877701567,-1.5462974038802295,-2.994092908965641,0.8219913769154734,-0.12080436364033786,-0.8130658826004501,-0.00013600500344204542,0.0006801516194254382,-0.0013566641275270695,0.0020464545204520617,-0.00031876739445910423,-0.0008572026199798186,0.0008912892078768068,0.8365901500116713,-0.040852173734105435,-0.0009314302212020775,0.0003064495475636379,-0.001873366145699583,0.000345676444679195,-0.0009520833483852454,-0.0013108473268518,-0.0005191006277427288,0.32380855179844487,0.37936029784166925,0.0010442068843567337,0.0010679769959351356,0.0011479805921504353,0.0012217601292940198,0.0011979497145280912,0.001107241607295111,0.0009192487776066552,0.0005186253329346116,0.0004996987959159346,0.0006362020751805053,0.0006506078801886189,0.0004153239792567788,0.000532382736292234,0.0005961528341291478,0.00032669123165095796,0.000526603382280224,0.000438427532805416,0.0002385363136865418,0.0005604594814735688,0.0005365835027058809,0.00034690971109357975,0.0002624344955867464,0.00020957093692608843,0.0002617137414810846,0.00043044911286282516,0.0008004077106336684,0.0010806273881711586,0.0014498564836490269,0.0013327423456585003,0.00099092963235207,0.0009416297097278223,0.0010076423869913918,8.231065818150896e-05,1.575962505520746e-05,0.000244140625,4.0171136252566597e-08,0.000244140625,1.575962505520746e-05,0.00048828125,8.108261077173043e-06,0.0009765625,5.771799026009123e-06,0.001220703125,4.871072168691242e-06,0.000732421875,4.842485887650103e-06,0.9000408274360371,0.8999727817093087,110.0,1000.0,30.4,12:55:42/scan-008,MEDICIONES_REALIZADAS_a_fecha_de_lunes_13_abril_2026_12_55_42,12:55:42,8,0.412372,36.870962
0.001132153853970272,0.0003550802867027222,1.1707191083485442e-05,0.0023879133385050783,0.001128770631907507,0.0006998970814600037,0.001559965908462393,0.20857204611250849,0.619563645588423,-0.7420570330594108,2.5117185368682984,-3.141589611251646,3.1415880763674635,-2.432253633552018,-2.8788036980742717,2.8408712531802016,0.5758081328926895,-1.614947745443697,-2.993631024102487,0.834233450797464,-0.12298464876264453,-0.8251183106671273,-0.00012522437054362308,0.000667679642413371,-0.001652268744910429,0.0018756895817377767,-0.00030752341830647933,-0.0008114671379023083,0.0008522381622375644,0.7750928589474254,0.013935825759996856,-0.0009260115133992658,0.00029812636621450757,-0.001828183848031954,3.6606778726182376e-06,-0.0009272935081271448,-0.0013156256735229112,-0.0005276594887518914,0.15030633278132377,-0.1296944716275097,0.0010487568695386898,0.0010479181214783377,0.0011230660997537112,0.001123250146434676,0.001203987336080603,0.001340504371810817,0.001238597189806338,0.000847618645120947,0.0008741807638243836,0.0008058552681675043,0.0009214109727678905,0.0010546855275886536,0.0008338608807124344,0.0008243953474981634,0.000789042539000983,0.000902751118978682,0.0009083760016874845,0.0009633941788517533,0.0006666070391720998,0.0008458700581385906,0.0008126819215950026,0.0007445694484139702,0.0007745546864811428,0.0004828048990079387,0.0005657567966692853,0.000810022419378165,0.001065763089420845,0.0015097284251351715,0.0012127178429281861,0.0009957864818044594,0.0009912844681620998,0.0010796928869957925,7.805888577689896e-05,1.3974062719285976e-05,0.000244140625,3.809608871493361e-08,0.000244140625,1.3974062719285976e-05,0.00048828125,7.545463193228179e-06,0.000732421875,5.308414849610038e-06,0.0009765625,5.1766719523799974e-06,0.001220703125,4.3730426023330996e-06,0.9000408274360371,0.8999727817093087,110.0,1000.0,30.3,12:55:42/scan-009,MEDICIONES_REALIZADAS_a_fecha_de_lunes_13_abril_2026_12_55_42,12:55:42,9,0.412372,36.870962
0.0011255434045352446,0.0003664289513976354,2.9927990796057888e-06,0.0024719696302828754,0.0011308700139229812,0.000671801433308698,0.0015468609246712141,0.01647730789681177,1.235654082789213,-0.843225876363552,2.439435236700078,-3.1415620189428473,3.14156471105084,-2.4149615884674995,-2.8906484210947863,2.789823711605721,0.6588344492724125,-1.4921548736454688,-2.9722025899820346,0.8046172106171523,-0.13564331367866383,-0.7931013472915037,-0.0001371495890039966,0.000697931824579924,-0.001390855300546453,0.0020082371673448523,-0.0003179323268585548,-0.0008629513987549093,0.0009238268962220897,0.9359435562820855,0.20823960656822882,-0.0008949069935911063,0.0003071490572243504,-0.0017256590425688526,0.00038681404913651666,-0.0009202271861056537,-0.001256824393829599,-0.00047265401343074293,0.5961543962887945,0.6229503632410194,0.0010059489900182722,0.0010362662597632685,0.0011009441058895933,0.0011701999671189561,0.0011871744079487415,0.0011672640198535282,0.0010265638210082027,0.00020202829485689377,0.00020899007428550718,0.00015678458826520202,0.00026701632664796033,0.00018590561213838945,0.00020961962479265384,0.00023001026177288977,0.00030753010126212605,0.0003873965737019523,0.00030711663954073907,0.00030006206875104455,0.0003316624196464586,0.00030082271210484695,0.0002531428082237769,0.00020078290425500702,0.00022913536877677116,0.0002305694031070638,0.0005814366041499574,0.0009433653891352845,0.001402901722217773,0.0015106626484608626,0.0011951092604399161,0.001057101920797132,0.0010043945509240007,0.0010264547777192811,8.348424855652012e-05,1.5345578412878405e-05,0.000244140625,4.0743898758672586e-08,0.000244140625,1.5345578412878405e-05,0.00048828125,7.976168133143456e-06,0.000732421875,6.102210437042446e-06,0.0009765625,4.892184779206699e-06,0.001220703125,4.760661826907491e-06,0.9000408274360371,0.8999727817093087,110.0,1000.0,30.3,12:55:42/scan-010,MEDICIONES_REALIZADAS_a_fecha_de_lunes_13_abril_2026_12_55_42,12:55:42,10,0.412372,36.870962
0.0011371455528705007,0.00033715298026953906,0.00011826693631111722,0.0022731625487127723,0.0011435822905855968,0.000701622055959386,0.0015465854159255313,-0.02130289497252899,0.47062579858293097,-0.9214144422552778,2.466246995970724,-3.1415568207361666,3.1415566012032494,-2.4510042380197863,-2.9415967068244937,2.848211122933301,0.7192309493992676,-1.4172147462998046,-2.973960666898789,0.837972244998242,-0.13981399234519934,-0.8262260773734329,-0.00014331688023565576,0.0006570913236413944,-0.0013493305475665873,0.001839847037227421,-0.0002939923878946464,-0.0008521740493028466,0.0008801675851746621,0.8857825716918315,0.0734187985677055,-0.0009319018130378955,0.00029329503080258846,-0.0018513328455136025,0.00014009803231030557,-0.0009426875948617191,-0.001298964951485278,-0.0005409127761183416,0.14075381640343715,-0.054737382387385125,0.0010549409470396974,0.0010561570174448221,0.0011539357057880973,0.0011693636630255833,0.0011547575524074275,0.00118941605815707,0.000808173957250222,0.0009137934074100876,0.0008490522237014896,0.0008226589973371185,0.0008164111515920592,0.0007042193434148316,0.0007771420347724338,0.0008727287376730931,0.0008370003085331672,0.0010073033527200198,0.0009077882528477578,0.0010749930616873915,0.0009571439437319921,0.0006603747240116289,0.0003844884927193639,0.0005097632674719219,0.0004449489001702929,0.0005422441764938789,0.0007201526912840595,0.0008399508611242372,0.0011986294750799655,0.0015099204517237826,0.0012170832018111345,0.0009916451487937048,0.0009420067914095333,0.0010368371436028023,7.935064869243898e-05,1.1621056437016106e-05,0.000244140625,3.872652449606587e-08,0.000244140625,1.1621056437016106e-05,0.00048828125,7.344602968104788e-06,0.000732421875,5.057513711405164e-06,0.0009765625,4.883674040332989e-06,0.001220703125,4.535285134219682e-06,0.9000408274360371,0.8999727817093087,110.0,1000.0,30.3,12:55:42/scan-011,MEDICIONES_REALIZADAS_a_fecha_de_lunes_13_abril_2026_12_55_42,12:55:42,11,0.412372,36.870962
0.0011321724493900745,0.0003526563582450846,2.8083675680084074e-06,0.002343398463168124,0.0011190499099083668,0.0007032236922813565,0.0015847743247139213,0.23613392124423654,0.6366006189969751,-0.8264165708388784,2.464561617462614,-3.1415901691901427,3.1415381310000683,-2.424524974284153,-2.8961442575896714,2.7876663433898736,0.637374259337175,-1.53285276724659,-2.98859606697078,0.8213528310419388,-0.12517449611433004,-0.8117584730590319,-0.00012435588407718197,0.000679385818258946,-0.001403782576340286,0.0019418314648587916,-0.0003118116660721635,-0.0008464784781052943,0.0009424628524460575,0.8453461136966897,-0.11041872137295439,-0.0009148662906522283,0.0003035965252112111,-0.0017960340097894361,4.946635223451162e-05,-0.0009232842912005775,-0.0012970473159807435,-0.000510778057877882,0.2709182989244278,-0.16130208134466972,0.0010323894794083256,0.0010555804579470765,0.001130636753950745,0.0011600343284936933,0.0011300690013572674,0.0011076256439721136,0.0010271353284805062,0.0005043073891604875,0.0007467112477099626,0.0009694569602082963,0.001006378058041531,0.0009197014620263837,0.0009243947367904909,0.0006345651930453228,0.0010222808115709727,0.0006954644119569982,0.0009681938932350294,0.0008116068340775038,0.00046720546209713546,0.0007847540564817573,0.0007667977715983783,0.0007318902343416039,0.0007473060470313464,0.00031944774113165127,0.0006360742070058147,0.000829166147457547,0.0010894934521139838,0.0015035862782278439,0.0012700723292503018,0.0010249144208178329,0.000993977507063689,0.001049737305299345,7.706887395066734e-05,1.3334364033600508e-05,0.000244140625,3.761292042492306e-08,0.000244140625,1.3334364033600508e-05,0.00048828125,7.559000314746131e-06,0.000732421875,4.610950784834264e-06,0.0009765625,4.42092986159472e-06,0.00146484375,4.1558261420541155e-06,0.8999727817093087,0.8999727817093087,110.0,1000.0,30.3,12:55:42/scan-012,MEDICIONES_REALIZADAS_a_fecha_de_lunes_13_abril_2026_12_55_42,12:55:42,12,0.412372,36.870962
0.0011238145550166929,0.0003744814382059756,3.0054887851474978e-05,0.00249194431220315,0.001102981771209339,0.0006778403914949715,0.0015645501787346235,0.5092584307800344,0.9756948816721978,-0.9561585221160525,2.4403666866774225,-3.141589782740563,3.141562330739978,-2.4496199827679987,-2.937506088327687,2.8068689781774565,0.7518398022475371,-1.3693325794054179,-2.9637394523728777,0.8353036418640615,-0.14777945454826305,-0.822127366607378,-0.00012609653044192654,0.0006933102194203143,-0.0013277203867124976,0.0021012318140797323,-0.0003157718889034162,-0.0008391722395926837,0.0009522321207215557,1.0898278960744394,0.5976916643257666,-0.0009079863887579596,0.00028666442059327105,-0.001709608535648519,0.00010804797872369956,-0.0009019621406661893,-0.0012930678681226492,-0.000534140230855453,0.044354918968322735,-0.24512810616833036,0.0009982701255294012,0.0010556187920616436,0.0010682623796685713,0.0011336654085176239,0.0011669937962479197,0.0010501882831956953,0.0008926114010911879,0.0008783966915784391,0.0007304127281758976,0.0008171561217042768,0.0007611618881805911,0.000754605191640635,0.0009226879846320142,0.0005984065954274377,0.0009846291804763824,0.0008788079907399357,0.0007570492783365468,0.0008562618728726285,0.00044444521814098945,0.00048787795403777446,0.0005965303260806824,0.0005903251907955392,0.0005061344044726514,0.00043561386526831604,0.0005416940959756699,0.0009410753230199676,0.0014434331068659495,0.0015550887782685677,0.0012512884525539406,0.0009742101540265225,0.0008966067245449656,0.0009726428999084236,7.604900283516208e-05,1.1257625028914473e-05,0.000244140625,3.71151795193568e-08,0.000244140625,1.1257625028914473e-05,0.00048828125,6.557758616938242e-06,0.000732421875,5.729787091852021e-06,0.0009765625,5.2285921529171416e-06,0.00146484375,4.706120683186219e-06,0.9000408274360371,0.8999727817093087,110.0,1000.0,30.3,12:55:42/scan-013,MEDICIONES_REALIZADAS_a_fecha_de_lunes_13_abril_2026_12_55_42,12:55:42,13,0.412372,36.870962
0.0011455850381177596,0.000346037398028247,2.400260794039355e-06,0.002328350063554024,0.0011399792397071204,0.0007620765442336229,0.0015301201236425043,0.19044065928292803,1.256813071048576,-0.90715729659071,2.458803715483139,-3.1415488134759686,3.1415202641254023,-2.455566331949634,-2.938096235788653,2.7233674844789597,0.6894879952228766,-1.4611984843779386,-2.9967004332953726,0.8291992113145935,-0.11972457508038442,-0.8205104253856651,-0.00010587798517223318,0.0006729661852327539,-0.0013562022599459703,0.0018939830930537012,-0.0002877047453147425,-0.0008068100157755063,0.0009522656969850693,0.9173450603182053,0.044545948025045856,-0.0009382509311152467,0.00029613874042335754,-0.0018033623149476498,0.00019892409269261352,-0.0009482453152809354,-0.00130722225810245,-0.0005790515189762977,0.32049193331311443,0.41286822552311353,0.0010875671699163494,0.0010913516513430636,0.0011183938288448097,0.0011297768096235972,0.0011080631224707979,0.0011758337080067613,0.0008577783039369087,0.0009320549198295788,0.0008265029023954558,0.0010636951616531027,0.000953945393025531,0.0007191461629260233,0.0007088186784841646,0.0004450517408351279,0.0004514576190971902,0.00042534427854902453,0.0005301055233605175,0.000492585384160844,0.0006082119516956856,0.0005138734547467759,0.0003428213852326258,0.0003602750863905846,0.00042000915507541084,0.00033828306073660654,0.00035841173236141223,0.0006654792627681853,0.0011918343003638693,0.001526060584721127,0.0012878251354495097,0.0011214488284140072,0.0009987300275148404,0.001065008781931535,8.159311443890775e-05,1.3035857880172988e-05,0.000244140625,3.9820944089266835e-08,0.000244140625,1.3035857880172988e-05,0.00048828125,7.350929880853134e-06,0.00146484375,5.160798321967355e-06,0.000732421875,4.82974805542208e-06,0.001220703125,4.615949218263309e-06,0.8999727817093087,0.8999727817093087,110.0,1000.0,30.3,12:55:42/scan-014,MEDICIONES_REALIZADAS_a_fecha_de_lunes_13_abril_2026_12_55_42,12:55:42,14,0.412372,36.870962
0.001129639790176707,0.0003556895783508803,7.435954572616343e-05,0.00234752416475813,0.0011174066387097045,0.0006934131812097139,0.0015384352335379126,0.49478127712834874,1.0483504208686512,-0.7363879930374186,2.479984383983756,-3.141504189309859,3.1415428672559162,-2.377843169218533,-2.8871976353419653,2.809254066905902,0.567170865917311,-1.614634308542362,-2.9952885718839224,0.8107823877997553,-0.11819804806295542,-0.802120503291357,-0.00011245619697172113,0.0007077621652920814,-0.0013285643260455048,0.0019758507301532563,-0.0003088477253790009,-0.0008733653321602065,0.0009582717463805959,0.8689823848187176,0.04183889793868012,-0.0008974009801621779,0.00028930716079923,-0.0017045559975194778,0.00011251876819349702,-0.0009236878120849825,-0.0012595197079425923,-0.0004937933318545532,0.27253702690387477,-0.4168016396510432,0.0010434018586511177,0.001055390893472023,0.0011159663315431305,0.0011493612201166864,0.0011560667014099105,0.0011167737633235334,0.0010102614100098682,0.0004420738208808599,0.0006105562563931118,0.0008332286291191956,0.0007863474806836606,0.00041891886935179157,0.0007056280321286251,0.0006673565321161665,0.0007551930263491583,0.0007109170426909928,0.0006890203765912157,0.0005629313664666931,0.000675220441009149,0.0007105780245446826,0.0007090904403874592,0.0003781763076362998,0.0004808074582918618,0.00039774672820161287,0.0005579420311198715,0.0009791334134078935,0.0012460939826327158,0.0015111671733401626,0.0011428987819640233,0.000928563082385267,0.00099696272163156,0.0010263228118431772,7.892467590952688e-05,1.3769040572752299e-05,0.000244140625,3.8518631483419657e-08,0.000244140625,1.3769040572752299e-05,0.00048828125,6.456430932618226e-06,0.000732421875,5.533518011196782e-06,0.0009765625,5.094104431813874e-06,0.00146484375,5.079004739978924e-06,0.8999727817093087,0.8999727817093087,110.0,1000.0,30.3,12:55:42/scan-015,MEDICIONES_REALIZADAS_a_fecha_de_lunes_13_abril_2026_12_55_42,12:55:42,15,0.412372,36.870962
0.0011233347100115735,0.0003595847373130684,6.370524478357346e-05,0.002401467332367129,0.0011237300986133873,0.0006547144491356908,0.0015115897581837814,0.21916677621772332,0.6957235451315671,-0.7938924884936664,2.499086177992224,-3.141585112971017,3.141544978957196,-2.446607682782144,-2.9206846602518377,2.8115705310385457,0.6011422641967793,-1.5796007369238032,-3.0076663119647065,0.8299426007224139,-0.11081920130790994,-0.8225106838913163,-0.00010702035611503124,0.000664161433680434,-0.0013971067645315947,0.0020809109486590468,-0.00027895778796203024,-0.0008194442417069988,0.0008539996465606512,0.853024884518616,0.10630743279678212,-0.0009186873842222425,0.00030762208125743575,-0.0017731745566095726,0.00011297629742558761,-0.0009525485569229042,-0.001305266371499898,-0.00047880014155551057,0.317445852756687,-0.41677325490667005,0.0010830297941952227,0.001063465053286869,0.0011158742234526897,0.0011407471119983179,0.001136318226885919,0.001164697132378038,0.001019593539190428,0.0005599797826136778,0.0005611249902747751,0.0003047367660998038,0.000673492620850682,0.0007580460326246813,0.0007392681274765403,0.000587386545311492,0.0007567331675021379,0.0008177419231775807,0.0006233309576552374,0.0007712061783043477,0.000545903149192604,0.0005978615313144799,0.0006077642414682056,0.0005028741847495097,0.0004978768793040967,0.0007512674827162585,0.0009993946474151747,0.0008029623684960901,0.0009910316809164336,0.0014880525382942387,0.0011796218065102005,0.0010469277263412504,0.0010117686324096768,0.000985192360255098,8.246967036082093e-05,1.2857367380078366e-05,0.000244140625,4.024874102529084e-08,0.000244140625,1.2857367380078366e-05,0.00048828125,7.6157234987977e-06,0.000732421875,6.141602050772589e-06,0.0009765625,5.387530186169989e-06,0.001220703125,5.048882125868239e-06,0.8999727817093087,0.8999727817093087,110.0,1000.0,30.3,12:55:42/scan-016,MEDICIONES_REALIZADAS_a_fecha_de_lunes_13_abril_2026_12_55_42,12:55:42,16,0.412372,36.870962
0.0011326755989332507,0.0003537857396883976,4.5806494413166666e-06,0.0023317110852103303,0.0011387847698924427,0.0006977701991448242,0.0015737405445803178,-0.02983941833869,0.438894479983146,-0.8816760593187455,2.4534348072390544,-3.1415862200151192,3.141592230960794,-2.4438880395091935,-2.8987619316477877,2.8233223034294297,0.6869426222873173,-1.463591082132481,-2.976855896172028,0.8252525326402546,-0.1353353563384973,-0.8140799002271745,-0.00013917995373551506,0.0006750647299648493,-0.0013097061087412637,0.001874228304731878,-0.0003210238721645617,-0.0008629901426455688,0.0009600449788292667,0.8713959755544604,-0.06454076894354621,-0.000916121186006445,0.00030619680269404275,-0.0017901423372233974,8.295516697931271e-05,-0.0009246543165606053,-0.0013138064436322614,-0.0005178990903669332,0.19079183486864626,-0.08833307042487837,0.0010403741851085445,0.0010625108807042847,0.0011201512590992965,0.0011807233936159999,0.001165490077948196,0.0011517682267031537,0.0007674852918814794,0.0003606894194094443,0.0007330455756372213,0.0008042542633251238,0.0007425200526286855,0.0007643614712939412,0.0008123664468066295,0.0007920004109647319,0.0007598676833513052,0.0005484725919006609,0.0005379163610762781,0.0004329337376444691,0.0009016905346107946,0.0007851222751185865,0.000865916137969676,0.0009271073219264583,0.0005749224737819503,0.0005580846455811296,0.0006975022850504683,0.0009736346212750468,0.0011507539870290657,0.0014534879721758,0.0012021591148748925,0.000973492105632075,0.000992529658914269,0.0010254976577959304,8.164690419892924e-05,1.2374272471322996e-05,0.000244140625,3.984719580230807e-08,0.000244140625,1.2374272471322996e-05,0.00048828125,6.819426585351587e-06,0.000732421875,5.695550669058566e-06,0.0009765625,5.109204970799501e-06,0.00146484375,4.796680787460571e-06,0.8999727817093087,0.8999727817093087,110.0,1000.0,30.3,12:55:42/scan-017,MEDICIONES_REALIZADAS_a_fecha_de_lunes_13_abril_2026_12_55_42,12:55:42,17,0.412372,36.870962
0.001126505710281238,0.00038112979330918637,3.6091344140164667e-06,0.0023531883119537306,0.001123088654820937,0.0006306539044361659,0.0015843550808224977,0.005599445688613648,0.48081508007390283,-0.8414744493554716,2.469891055719197,-3.1415802965589954,3.1415746793945916,-2.423542362093766,-2.931070779541786,2.789501609582448,0.6460641262562999,-1.5180227378133782,-2.9880610104893615,0.8231526680547819,-0.1258840624063599,-0.8134700472406944,-0.0001394076212896085,0.0006782313994910575,-0.00168044690195358,0.0018852659539366529,-0.0002838169751870856,-0.0009239512094582215,0.0009043285170930227,0.7353870861159769,0.002190496366651029,-0.000912748622814445,0.00031895497388109386,-0.0018194125167412532,0.00028566431624452046,-0.0009350688173562129,-0.001315722572029783,-0.00047360633081521437,0.3214004002333842,0.05568096540527767,0.0010908042100023186,0.001059794112503923,0.0010681258107422243,0.0011709586159825037,0.0012630602786493405,0.0012545648405464117,0.001163360430137825,0.0004012566788079127,0.0004723570751227092,0.00030598731906408247,0.0008202456267029915,0.0007841701921188316,0.0008590999277951604,0.0008890996411560858,0.0008260301598176473,0.0009369424713947776,0.0008457503891496624,0.0008790391873606494,0.0004224786315269134,0.00037961996798482813,0.0004211952219815287,0.0003385656042123424,0.00027738738238353904,0.00025815624758427513,0.00022316352447983846,0.0007506237945594717,0.0009906817764166569,0.0014939872500841407,0.0012243334497834134,0.0009144293146759808,0.0009737150060819894,0.0010266787170192142,7.967651102110087e-05,1.431066174707803e-05,0.000244140625,3.888555930751629e-08,0.000244140625,1.431066174707803e-05,0.00048828125,6.051974204077751e-06,0.000732421875,5.2742619572022744e-06,0.0009765625,4.383408976807517e-06,0.002197265625,4.071556969707557e-06,0.9000408274360371,0.8999727817093087,110.0,1000.0,30.3,12:55:42/scan-018,MEDICIONES_REALIZADAS_a_fecha_de_lunes_13_abril_2026_12_55_42,12:55:42,18,0.412372,36.870962
0.001140182944069729,0.0003530084379101553,8.673407473876036e-05,0.002407241544798771,0.0011280898167362904,0.0007107511674341255,0.0015738399421788606,0.246469663514891,0.6112148576153231,-0.9666087684417202,2.4160837581550565,-3.14158066687269,3.1415249277147588,-2.445013733082761,-2.9288812762184757,2.7605550325212054,0.7617986703483973,-1.3513804167330192,-2.9563478705364634,0.8258557862922047,-0.1521120104994906,-0.8117263800161472,-0.00016765692230638962,0.0006886614744743921,-0.0013872779610103066,0.0019328440748331251,-0.0003394812710416805,-0.0008991271056548245,0.0009161438350269982,0.911222106255291,0.11375620801330166,-0.0009147345085825323,0.0002924535060401623,-0.001773327276079752,1.7140918241646946e-05,-0.0009134991957704176,-0.0013105821894132408,-0.0005328233150664713,0.06787761529754847,-0.18167108698431234,0.0010803328302496364,0.001062863933255124,0.0011425335309441758,0.0012192706309232517,0.001187608945802987,0.0011647559108201426,0.0012017331576838358,0.000756762942821057,0.0008841677390805403,0.0006358163531200022,0.0008043444773388633,0.0007902571553040774,0.000869849901446457,0.0007833814826871243,0.0007884360196749944,0.0006907270583460914,0.0009808236613172902,0.0009057538645997487,0.000698844482296703,0.0009001659484623968,0.0007059067743484636,0.0009398461980564623,0.0007590003236242517,0.0003573544535160887,0.0004057746469329983,0.000834270363472505,0.0011755715105992914,0.001507372086283117,0.0012152167172517596,0.0008810588946645066,0.000847480137977658,0.0009022357840184616,8.089022954372223e-05,1.4458547090218344e-05,0.000244140625,3.947790607307087e-08,0.000244140625,1.4458547090218344e-05,0.00048828125,6.460111373933627e-06,0.0009765625,5.19231081332656e-06,0.001708984375,5.011288248894439e-06,0.000732421875,4.897664584410646e-06,0.8999727817093087,0.8999727817093087,110.0,1000.0,30.3,12:55:42/scan-019,MEDICIONES_REALIZADAS_a_fecha_de_lunes_13_abril_2026_12_55_42,12:55:42,19,0.412372,36.870962
0.001161124629714683,0.00033660930713613627,3.801143481329064e-05,0.0023072705967889097,0.0011555344008433884,0.0007274707198876439,0.0015682513038653976,0.25845990397852203,0.640663536080869,-0.7591162760719461,2.4974794888068548,-3.141576486907818,3.141564248136286,-2.4156527978800164,-2.9253501359217484,2.776778132305906,0.57857730374443,-1.6088800433258417,-3.004176764000844,0.8268089990994889,-0.11325945851256822,-0.8190149058773828,-0.00013102302571776792,0.000687197537886192,-0.0014090371417920802,0.0020121169264609184,-0.00031097256813129897,-0.0008846012916740665,0.000917310279699384,0.7617255463371178,-0.16574686923514914,-0.0009438473871026267,0.0002850624115032689,-0.001806091857578842,6.88389654086381e-05,-0.0009573528190762806,-0.0013063676792919414,-0.0005698142282820768,0.24005557056148788,-0.016283513535711336,0.0011289006244666693,0.001132820775289111,0.0011249456827348338,0.0012171966642994653,0.001259505574927095,0.0011346501910838474,0.000984261451830967,0.0010379308604307853,0.001014188330254331,0.000830881589100232,0.0008062089723717323,0.0007001561529727445,0.0009311448530832276,0.0009031432747243424,0.0009065091010762764,0.000864738562823142,0.0008645641003694704,0.000991109152516476,0.000848956551387295,0.000903019294116657,0.0003391051805493004,0.0005146013852299562,0.0006446316790767808,0.000556736269256137,0.0009251794777167104,0.0009867347998306496,0.0011571723243076972,0.0015072295726172784,0.0011890875848043598,0.0010395798369702827,0.0009285156366754631,0.0010133926486206798,8.133604080843346e-05,1.4336666701529609e-05,0.000244140625,3.969548111685382e-08,0.000244140625,1.4336666701529609e-05,0.00048828125,8.625244634825932e-06,0.000732421875,6.812175501172821e-06,0.0009765625,5.262161289747773e-06,0.001708984375,4.053389325175556e-06,0.8999727817093087,0.8999727817093087,111.0,1000.0,30.3,13:05:15/scan-000,MEDICIONES_REALIZADAS_a_fecha_de_lunes_13_abril_2026_13_05_15,13:05:15,0,0.824743,73.741923
0.0011287311990039479,0.0003298968969173542,0.0001093274156151436,0.002192735796854118,0.0011222384905374087,0.0007187049857066407,0.0015380428501438634,0.19087182414585305,0.3903589206404967,-0.870955239287659,2.4223380587443337,-3.1415599847528357,3.1414756801654313,-2.410429407371372,-2.8833662463007266,2.6736501231663974,0.6767188105221836,-1.482587877264345,-2.9729667161067868,0.8131134042490495,-0.13646314330831236,-0.8015804505399898,-0.0001463106699790115,0.0006889634645852348,-0.0015834518489825163,0.0018899452321843075,-0.0003525293163843192,-0.000870862662268139,0.0009920510678929225,0.7797516849549229,-0.39276842165009684,-0.0008988934447305184,0.00028067572725518574,-0.0016827765321616645,6.479389398711386e-05,-0.000900066147578089,-0.0012643677721430198,-0.0005397948057939543,0.20924299566510626,-0.032257555236316016,0.001072791329709602,0.0010670837226390722,0.0010801602925030324,0.0012048337281322502,0.0011579329107464925,0.001069438961789859,0.0009235326479975922,0.0012649000041596908,0.0011982122885485684,0.001041536535181481,0.0009761465915510308,0.001083790133173261,0.0009562015620420205,0.001060441166549029,0.0009544571005691098,0.0010218800343238248,0.0010115568377701179,0.0009569514226989617,0.001053484091586596,0.0008448557009182341,0.0009324658017773513,0.0009247179688025612,0.0009167632395265038,0.0004780581211284705,0.0006931407453008297,0.0010831054945369483,0.0010217914446197965,0.0013819728220898538,0.0012927018493694483,0.001005694499364732,0.0008704465981715223,0.0009421792114585696,7.679188301986429e-05,1.2950666874921436e-05,0.000244140625,3.7477736954545776e-08,0.000244140625,1.2950666874921436e-05,0.00048828125,6.610556997415124e-06,0.000732421875,5.979752437279677e-06,0.0009765625,5.2897765844630826e-06,0.001220703125,4.256593237164285e-06,0.9000408274360371,0.8999727817093087,111.0,1000.0,30.3,13:05:15/scan-001,MEDICIONES_REALIZADAS_a_fecha_de_lunes_13_abril_2026_13_05_15,13:05:15,1,0.824743,73.741923
0.0012251419363915159,0.0004293946317999191,4.9444274848891736e-05,0.003037520700346099,0.0011932178779948941,0.0007261739771182986,0.001689283182223674,0.9195974081159971,2.182100539254148,-0.8661702491744666,2.3445030406138065,-3.1415858058518698,3.14149700742134,-2.3266061392525694,-2.8560662683671496,2.6066229705653177,0.6777586226866705,-1.4554955728884063,-2.9520740782832897,0.7591794586144655,-0.14301886653456514,-0.745586382786945,-0.00014512990078035992,0.0008834173595267082,-0.0015108542351910592,0.00277214953465293,-0.000430580205695681,-0.0010445249721928208,0.0012366723972696185,1.0374065618734871,0.365441390591434,-0.0008899126057292178,0.0003031832852879698,-0.0017392047146359748,0.0001827448374782431,-0.0008947079542194177,-0.0012806108659016186,-0.00047840614670049963,0.19753816591095594,-0.08135915626686474,0.0010219368384781994,0.0011228008028730072,0.0011852365975240078,0.0012401099937026918,0.00127018664348522,0.0013158346154262162,0.001232968271660949,0.0009796139551206389,0.0008736133924809342,0.0008065417438128116,0.0009088002216077154,0.0011081258648678895,0.000911291137294416,0.0008201776804451537,0.0007194512009330257,0.0009792191871217416,0.0009574347201492972,0.000801271511501436,0.0009339582040499358,0.0008356938740003106,0.0008429459479776251,0.00043079066658946496,0.0003150841426854019,0.0003854272789224433,0.0009413373383652719,0.001235654268309556,0.0017344617649473135,0.0014489501806782218,0.0011647539304321089,0.0008621972725076042,0.000889694240654076,0.0009228469207981882,8.186388965233219e-05,1.6164452721273182e-05,0.000244140625,3.99530940226121e-08,0.000244140625,1.6164452721273182e-05,0.00048828125,7.074407057925379e-06,0.0009765625,4.928152006954394e-06,0.000732421875,4.887783320286924e-06,0.00146484375,4.618420100932038e-06,0.8999727817093087,0.8999727817093087,111.0,1000.0,30.3,13:05:15/scan-002,MEDICIONES_REALIZADAS_a_fecha_de_lunes_13_abril_2026_13_05_15,13:05:15,2,0.824743,73.741923
0.001257149923170229,0.00046883362508708007,1.9168881665024744e-05,0.0030977721338616765,0.0012118026240925863,0.000733046585151209,0.001756087887606864,1.098067568309762,2.272460886547175,-0.8735661445721079,2.32894756155044,-3.1413312150916664,3.1415780516819507,-2.323228376844506,-2.820347669594692,2.608775784268497,0.6923140655705204,-1.4354790652124993,-2.935391000451403,0.7552791748629216,-0.15463850502697118,-0.7392790844766532,-0.00014751295907348155,0.0009272866914040714,-0.001698396103964387,0.002640365554227638,-0.0004418067318318604,-0.0010661635739047045,0.0012574266388280598,1.0563134239086922,0.40213948891099216,-0.0009009535496610118,0.00032694674522061145,-0.001882073730006708,0.00011549805480088598,-0.0009125447766506129,-0.0013233844549125741,-0.00044574783327187514,0.15889046354319844,-0.28132404283865364,0.0010134459323127563,0.0011142944440471925,0.0011791093150578212,0.0012551582254689939,0.0012832267590914945,0.001349621013522999,0.0013828080306157976,0.0007235669401656292,0.00030224634319922364,0.0006320041142256494,0.0007171596186945049,0.0007566296470136188,0.0007312114347033212,0.0009137880398123878,0.0007183397528158198,0.0007561460464982574,0.0009783605436580864,0.0006970309719204692,0.0007564591699262993,0.0006102381924731683,0.0005405012503488945,0.0003645780486473384,0.0003706113241321505,0.0008525275581499009,0.0012022601575744642,0.0011834992889521512,0.001886781027093623,0.0017415347311070524,0.0010632639707545443,0.0009687961503787386,0.00088418992118146,0.0009589535847353729,8.86387934437645e-05,1.8769295483217483e-05,0.000244140625,4.3259538039904586e-08,0.000244140625,1.8769295483217483e-05,0.00048828125,8.751509125644783e-06,0.000732421875,5.280630592690452e-06,0.001708984375,4.878327649496745e-06,0.001953125,4.4015691250757434e-06,0.8999727817093087,0.8999727817093087,111.0,1000.0,30.3,13:05:15/scan-003,MEDICIONES_REALIZADAS_a_fecha_de_lunes_13_abril_2026_13_05_15,13:05:15,3,0.824743,73.741923
0.0012785865877765767,0.00042560769191712043,0.0001712440736423681,0.0029479024664275716,0.0012311233069423706,0.0008251454516830663,0.001755211536675062,0.9843389977891578,1.9200516343766685,-0.8839743364820053,2.327965692441143,-3.141457586827919,3.1415418171240215,-2.332265426532861,-2.846859297211298,2.552513161438027,0.6891857794524684,-1.4322224018984524,-2.9506537482639947,0.7492590845349675,-0.14219500390783185,-0.7356424108368339,-0.00014671548227210006,0.0009256943951448851,-0.001775323792481291,0.0025177535833472856,-0.00043078525400825176,-0.0010948269088846036,0.0012968813435477915,0.9552800632274435,0.09677523855715098,-0.0009146513737368451,0.00031765426253170927,-0.0017973824316297486,0.00010541911227588823,-0.0009366859973458123,-0.0013145990676139538,-0.0004490124909079945,0.31578178978739146,-0.1799413620482886,0.0010977553642737457,0.0011256227010859813,0.00120724165479803,0.0012949214438859684,0.0013043532751333402,0.001397570569920221,0.001409950570220315,0.0011460294571167416,0.0010748326013868621,0.0010186739073354326,0.0010404427307317413,0.0009723355739227948,0.000963286028790212,0.0008276265844460093,0.0008237781201438638,0.000812629864589876,0.0009072998065373367,0.0009979051310255692,0.0010416899681076235,0.0009375446019836137,0.0008958285783452443,0.0008755907771856217,0.000986522885575369,0.0013943112184980537,0.0012067072575977253,0.0012262278484094936,0.0018875373266591942,0.0013918996251930087,0.0011890291321725163,0.001058730698755439,0.0009873594035895406,0.0010005798348658242,8.85315287311023e-05,1.7813072246269067e-05,0.000244140625,4.320718825334422e-08,0.000244140625,1.7813072246269067e-05,0.00048828125,6.462484999843401e-06,0.0009765625,5.3452623301796835e-06,0.000732421875,5.14832614812654e-06,0.00146484375,5.000779138530041e-06,0.9000408274360371,0.8999727817093087,111.0,1000.0,30.3,13:05:15/scan-004,MEDICIONES_REALIZADAS_a_fecha_de_lunes_13_abril_2026_13_05_15,13:05:15,4,0.824743,73.741923
0.001278184662096211,0.00045677515806351993,0.00012767597274608773,0.003030783854352717,0.001236114138719026,0.0007622670125303092,0.0018178820601236635,0.9965445028798554,1.8716458390770336,-0.9138618930197036,2.3254167494556457,-3.1415757478137505,3.1415838861189616,-2.3459880597349616,-2.8788659596052044,2.5583944961960814,0.7070900698893489,-1.4122429227606303,-2.9545631328667286,0.7567998875836283,-0.14072016029965917,-0.743601981124197,-0.00011997236212591943,0.0009449893545876657,-0.0016149362267015655,0.0026772733045648204,-0.0003919964692280011,-0.0010769426271894625,0.0013786935352397755,1.0176458856631059,0.18958270308588698,-0.0009155156563873283,0.0003111813506047345,-0.001797145532996502,-4.401371421417253e-05,-0.0009230126694439783,-0.0013280743266629856,-0.00048624030504013246,0.1443448954786007,-0.31506569866629164,0.0010418168155425357,0.0010989536607382256,0.0011728002737878612,0.0013033343911299092,0.0012908621259204122,0.0013407616331528663,0.0013465762140312406,0.000798919238500124,0.0008063345023904232,0.0007385451710330569,0.0008764548778959123,0.0007547924379006345,0.0007539690132457037,0.0009391447405661148,0.0008569823597270988,0.0008257548792258598,0.0007492826305377418,0.0008005733599340855,0.0007709129574193404,0.0007426254239802575,0.000966988321254374,0.0007343776970397045,0.0008646003427072396,0.0009524605479334383,0.0012543489152070232,0.0013182795323134573,0.0020249255734108964,0.001595034647841575,0.0011647298092730483,0.0009538187741315516,0.0008827766546357556,0.0009297222754103578,8.39233938825053e-05,1.5605718935872512e-05,0.000244140625,4.0958220538069937e-08,0.000244140625,1.5605718935872512e-05,0.00048828125,7.280412215401805e-06,0.000732421875,6.171249935866018e-06,0.0009765625,4.956589409074276e-06,0.001220703125,4.1121856122794574e-06,0.9000408274360371,0.8999727817093087,110.0,1000.0,30.3,13:05:15/scan-005,MEDICIONES_REALIZADAS_a_fecha_de_lunes_13_abril_2026_13_05_15,13:05:15,5,0.824743,73.741923
0.0012758539445473468,0.0004730597278831087,0.00010847418062646557,0.0031358463976081845,0.0012136943035790165,0.0007464092239816235,0.001822231125439832,1.018004060770475,1.7942484655391118,-0.9532356364840376,2.2968831431164722,-3.1414996873229253,3.141589622132912,-2.3453410390682574,-2.8567928271970806,2.4789197408026853,0.7422745079409386,-1.3632685279685457,-2.9440736621798287,0.7540455777357896,-0.14797176890367966,-0.739384263364062,-0.00013879890873365924,0.0009474454223245165,-0.0017117738437281216,0.0028291905146587658,-0.00044217676107472664,-0.001072649427563256,0.0013644374256452185,1.0664167949340742,0.3618207205570583,-0.0009142354878772261,0.0003143973170948799,-0.0018075201693882406,8.008149515717743e-05,-0.0009088728375645535,-0.0013298211070529558,-0.0005071483068278282,0.16275951066390562,-0.08067782840343884,0.0010524539756271859,0.0011583865846860183,0.0011583040081808748,0.0012991530936761638,0.0012757552398803072,0.001392727812532498,0.0014506744768366681,0.0009124173415576246,0.0009010608264739728,0.0009075771219067593,0.0008081642179216016,0.000923402579258914,0.0009904860328275237,0.000901367941252699,0.000729343317378975,0.0008577221614661024,0.0007611870139306133,0.0007168263599216541,0.0008679191785579979,0.0008706895661034242,0.0006731796919447399,0.00030504516864058803,0.00031293103297467666,0.0004224601116626572,0.0008656100877312774,0.0011310140891595117,0.0019217962227501772,0.0014319378499130977,0.0010486467836202486,0.001025157696479424,0.0008424896724802485,0.0008948887424699377,8.570116236422535e-05,1.955549276789627e-05,0.000244140625,4.18258479083579e-08,0.000244140625,1.955549276789627e-05,0.00048828125,8.897808760423156e-06,0.000732421875,5.278912821612812e-06,0.001708984375,4.536250447976241e-06,0.00146484375,4.285122819161762e-06,0.9000408274360371,0.8999727817093087,111.0,1000.0,30.3,13:05:15/scan-006,MEDICIONES_REALIZADAS_a_fecha_de_lunes_13_abril_2026_13_05_15,13:05:15,6,0.824743,73.741923
0.0013077197217660564,0.0004540805652131225,0.00023975909439246537,0.003213254362023769,0.0012592244242588483,0.0007999043832463655,0.0018033577071180909,1.1263633359872398,2.2090480242584105,-0.8581628423005148,2.331956137125157,-3.141452868645672,3.141574658600309,-2.337760509691341,-2.858236644320631,2.615507123750627,0.6702217772703114,-1.4640272194101531,-2.9496715266229625,0.7493587161635878,-0.14293650334063526,-0.73560019134248,-0.0001412044364370075,0.000963089752220731,-0.0017137121739723563,0.0026728282449865453,-0.0004278618442064055,-0.0011269210807593802,0.001370414299911956,0.9650231293471359,0.15182952482792356,-0.000930046074716761,0.0003222660016997634,-0.0018829354751202293,0.00016811520357915357,-0.0009475646914245552,-0.0013348693918454426,-0.0004909141190644076,0.3706438069911237,0.2196144601529051,0.0011318837318767502,0.001126398798745639,0.0011700297280861462,0.0012978156450302676,0.001370880726510511,0.0014589706365842078,0.0014935810662249794,0.000842454057634508,0.0009888279362866,0.0008450068947990641,0.0008113724728771628,0.0008000602729871297,0.0009797486565709195,0.0009679997921919458,0.001035423039034731,0.000979965805683298,0.0008337795765828829,0.0009228366109042858,0.0009162770017064274,0.0010848021159277803,0.000947358019588425,0.00043442871090811915,0.0003953778272884341,0.0012428674881857275,0.0012385304355196616,0.0013130512723290696,0.0020397780602597524,0.0015762954848213434,0.0012857749238908605,0.0010375791662984388,0.0009496170247268317,0.0009733393797485634,8.504943454648208e-05,1.707747080523346e-05,0.000244140625,4.150777674303664e-08,0.000244140625,1.707747080523346e-05,0.00048828125,7.263190051180036e-06,0.000732421875,5.164548679717401e-06,0.001220703125,4.981433312116501e-06,0.0009765625,4.5679119275966065e-06,0.9000408274360371,0.8999727817093087,110.0,1000.0,30.3,13:05:15/scan-007,MEDICIONES_REALIZADAS_a_fecha_de_lunes_13_abril_2026_13_05_15,13:05:15,7,0.824743,73.741923
0.0012727568148750911,0.00047635421045224646,0.00016169773931385296,0.0031979301515392047,0.0012325065227553737,0.0007317990525655527,0.0017467927969582464,1.0506706875950127,2.215448446458634,-0.8141858511945184,2.3562506801752585,-3.141527792912947,3.141590567917469,-2.325596969860216,-2.8426854141757607,2.641184445174349,0.6262818833847279,-1.5203462846358025,-2.9729592214664096,0.7487564451512274,-0.12566777984231567,-0.7381353692006678,-0.00010521395054470752,0.0009486631344676287,-0.001627566349099336,0.0028069315862673033,-0.00041554849232249496,-0.0010435952683810847,0.0014295822139661985,1.062908624920882,0.32487136685580786,-0.0009078537266510728,0.0003340576121686849,-0.001769450864215105,0.0001152675746599182,-0.0009225727530236984,-0.0013352303651183442,-0.0004376921100782763,0.2806082279080341,-0.08523859259632482,0.00098181723156376,0.0010970371883613163,0.001229781438345424,0.0012925349756357219,0.0012730409930611318,0.0013251981916064602,0.001375579441793254,0.0008312242191238938,0.0008836950063708099,0.00072431253970105,0.0008591450767383745,0.0007794315722326377,0.0007994344716240541,0.0009924039372098514,0.0008109896443081328,0.0009668839534537481,0.0007148372037485341,0.0007031935693381984,0.0008145269620721084,0.0008174766845361203,0.0008524983865536774,0.0009859497027884644,0.0009033243889314049,0.0010437551708914158,0.001297808420299446,0.0013027712077580435,0.0020521057326958756,0.001604848154779629,0.0010537236628200815,0.0010397264657738556,0.000921580029730087,0.0009647588472401197,8.373133556119418e-05,1.68740275936457e-05,0.000244140625,4.086448782879169e-08,0.000244140625,1.68740275936457e-05,0.00048828125,7.459455622561186e-06,0.000732421875,5.880282147276648e-06,0.0009765625,5.001792662608161e-06,0.001220703125,4.353449727440694e-06,0.8999727817093087,0.8999727817093087,110.0,1000.0,30.3,13:05:15/scan-008,MEDICIONES_REALIZADAS_a_fecha_de_lunes_13_abril_2026_13_05_15,13:05:15,8,0.824743,73.741923
0.0012811510658405042,0.0004661166317205712,4.35145044831902e-05,0.0031101055726193735,0.0012542335230036944,0.0007509671704215443,0.0017341045576704218,1.0923927238347437,2.4083666274569895,-0.7588885062579728,2.3528945523720566,-3.1415673103769852,3.1414471061281097,-2.301887384068567,-2.8044626725592736,2.6204739899268246,0.5933702317692975,-1.5652197995040922,-2.960612393614193,0.7416815194729645,-0.13349815655346078,-0.729568172636768,-0.0001311030032441837,0.0009547281851382516,-0.0016828338922209416,0.0027475820669602235,-0.0004525198985106926,-0.001089408214185052,0.00131554964323671,0.9963137871177427,0.1860436134110639,-0.0009085180579501514,0.0003232881640995555,-0.0019189352208720607,0.0001186481962165903,-0.0009186664457529724,-0.001327197478573694,-0.00047644316739099793,0.19058652935264636,-0.1354184714752087,0.001104641190648184,0.0011502942998423689,0.0011812251485784563,0.0012977838229179806,0.0012961054599840765,0.001374107033958257,0.001415044286281717,0.0009437849754793784,0.0009188994144385461,0.0006435001993125444,0.0009263274025820779,0.0010815334988729705,0.0008859446505255505,0.0010032400756732076,0.0010882457443624914,0.0008806589284296447,0.000933067455777406,0.0009167319500614688,0.000862781889048805,0.0011001576995623467,0.0006426292117157098,0.0003767160916229952,0.0004220106708994323,0.0006183146103048395,0.0010106745781758727,0.0012591310720043239,0.0018872815735730217,0.0016270014670025572,0.001155007370356391,0.0008820564203899435,0.0008979184622703308,0.0009851510211063277,7.891825722573484e-05,1.4466831001830784e-05,0.000244140625,3.851549889006093e-08,0.000244140625,1.4466831001830784e-05,0.001220703125,5.584548139639038e-06,0.0009765625,5.502297313433237e-06,0.00048828125,5.332418374594807e-06,0.00146484375,4.400951717970838e-06,0.9000408274360371,0.8999727817093087,110.0,1000.0,30.3,13:05:15/scan-009,MEDICIONES_REALIZADAS_a_fecha_de_lunes_13_abril_2026_13_05_15,13:05:15,9,0.824743,73.741923
0.0012932950901403334,0.0004931288958854863,0.00014394884914955652,0.0032800107422516593,0.0012264996795308724,0.0007775146415011346,0.001880367754970746,1.2829901885965638,2.4352959254222224,-0.7957097178770931,2.3648855093119963,-3.1415267442426758,3.1415853445960487,-2.284560774159803,-2.8753653196034055,2.665344930522974,0.6247964673581771,-1.5164521203413928,-2.9512936515185095,0.7501224336066606,-0.1418875394964158,-0.7365810149166431,-0.00010214207911407023,0.0009844912999640726,-0.001810029882245408,0.002813314291972264,-0.00038538191622959574,-0.001072837158303302,0.0015056730370797498,1.0402164180232691,0.2546945732053518,-0.0009109544289668974,0.0003260303974354536,-0.0018711065036363243,0.00011281005976649546,-0.000912045074098653,-0.0013320722196146033,-0.0004748434338273617,0.04589519695103207,-0.2038464980973358,0.0010783569577649072,0.0011042125468304178,0.0011726797103048094,0.0012986724182621173,0.0012980916639619845,0.0012674066188012477,0.0013185355871005414,0.0009318552312411538,0.0010040388745524652,0.0009709219663835414,0.0009572148987022748,0.0009790695677247064,0.0010242171161930801,0.001005310830684105,0.001017402562991261,0.0008618135550674014,0.0009059594426221004,0.0010263614372642328,0.000953978976375308,0.0008883022565571257,0.0007920170713171109,0.0011124662617271206,0.0009771183223861056,0.001262100089972389,0.0014650101469281158,0.0014699177063045017,0.002169730675973221,0.0017760808032864339,0.0011046662661814278,0.0009445155748586927,0.0008458157846248619,0.0009180259698417701,8.971376781406671e-05,1.9927098702740585e-05,0.000244140625,4.3784171700374184e-08,0.000244140625,1.9927098702740585e-05,0.00048828125,8.715795232185699e-06,0.000732421875,5.729085697542066e-06,0.001220703125,4.881145580170537e-06,0.00146484375,4.554799292491155e-06,0.8999727817093087,0.8999727817093087,110.0,1000.0,30.3,13:05:15/scan-010,MEDICIONES_REALIZADAS_a_fecha_de_lunes_13_abril_2026_13_05_15,13:05:15,10,0.824743,73.741923
0.001331276008720798,0.0005034455255175219,2.7370670426618295e-05,0.003115016554792455,0.0013018915627623414,0.0007640654448081279,0.0018958826999399341,0.7819467798001137,1.5484842807718353,-0.8593465130651187,2.307164095786142,-3.141565735273256,3.141523984686865,-2.271479434253253,-2.813996870894187,2.5646632686276147,0.6926859787377072,-1.4294879687358895,-2.9115500822322224,0.7419767557557357,-0.16918477830388542,-0.7224306311834181,-0.00017142020192784137,0.0010127435452041485,-0.0018360236574794836,0.00276156924674251,-0.00048680939134111234,-0.0012245292516342259,0.0014473347742358573,0.9996214334916518,0.2137316017956823,-0.0009241100324390666,0.0003416744314831967,-0.001972007863735355,8.585477192113672e-05,-0.0009261617175648407,-0.0013803432960436536,-0.0004673037950979541,0.058213826482150025,-0.4383643687764618,0.001057316590716241,0.0011457601017075512,0.0012227923318869473,0.0013277225632538385,0.0013455593917874292,0.001423959363639787,0.001477873236926328,0.0012573694021645874,0.00035598358433944216,0.0004796325647360519,0.000638765132220675,0.0004581406612615694,0.0007241235073914262,0.000523588678048361,0.0007565547024768957,0.0009872180950613741,0.0009426587459305952,0.0007808479336668585,0.0005487023978794269,0.0005973967081676444,0.0005654340297711434,0.0005197490114135951,0.0004792309123779346,0.0007710452463789467,0.0013205740720677538,0.0014621170080289945,0.0020979892972130313,0.0015227017470671993,0.0011305393570538998,0.0009721966041518294,0.0009163603952002221,0.0010163861175881649,8.066740647299799e-05,1.8105228787833232e-05,0.000244140625,3.9369158844801364e-08,0.000244140625,1.8105228787833232e-05,0.00048828125,6.7273657741580105e-06,0.000732421875,4.91106898778186e-06,0.0009765625,4.570550261720099e-06,0.001220703125,4.490091106241358e-06,0.8999727817093087,0.8999727817093087,110.0,1000.0,30.3,13:05:15/scan-011,MEDICIONES_REALIZADAS_a_fecha_de_lunes_13_abril_2026_13_05_15,13:05:15,11,0.824743,73.741923
0.001310086362502079,0.0004854110037168855,3.56326589797277e-06,0.0031072354327678895,0.0012642470941617503,0.0007901472344481173,0.0018472441387129112,0.8717162273186608,1.8454993225851455,-0.8918208933566956,2.3347907537311667,-3.1415474478603835,3.141540855384287,-2.3398257253725223,-2.8639214760463645,2.5686136909012816,0.6900515261082562,-1.4349202435785138,-2.958070865642157,0.7552102896570752,-0.13782085184207404,-0.742528110175937,-0.00014188643432252307,0.0009667182053061939,-0.0019062820108158756,0.002696890567356075,-0.0004345562054815129,-0.0011234581322383417,0.0013929843667167038,0.987142645805402,0.25383779049908384,-0.0009424662985914972,0.0003302015249271984,-0.0018348146027835147,0.0001805395902948732,-0.0009558841944410978,-0.0013565796114749684,-0.00048720732104569754,0.4071893350257591,0.07001842724214491,0.001091406662796777,0.0011579959931835705,0.0012057878248048172,0.0013189251093681453,0.001361444759625947,0.0015099068895068218,0.0016487256144152335,0.0006416126441180041,0.000858760091100801,0.0006976834405067163,0.0007685176629745559,0.0006322547475542503,0.0008430932367284073,0.0006426911919343686,0.0006834937112632508,0.0008399101424114544,0.0008376760454282645,0.0010015660893353522,0.0007540979987676172,0.000364544040908574,0.00023794830952015997,0.00021820744339661824,0.0003028951319003498,0.00036764381152829066,0.0011514018103057579,0.0012574484847257036,0.0020239633987301333,0.0017741793604816366,0.0010220506020935808,0.0008927164194843783,0.0009375670647363562,0.000987098768237696,8.671687559116525e-05,1.842360194076565e-05,0.000244140625,4.2321559585732185e-08,0.000244140625,1.842360194076565e-05,0.00048828125,8.174230938716047e-06,0.0009765625,5.52595103153734e-06,0.000732421875,5.415627497946349e-06,0.001220703125,4.685134828319176e-06,0.8999727817093087,0.8999727817093087,110.0,1000.0,30.3,13:05:15/scan-012,MEDICIONES_REALIZADAS_a_fecha_de_lunes_13_abril_2026_13_05_15,13:05:15,12,0.824743,73.741923
0.0013197945845372363,0.000482719171225929,6.429054910398066e-05,0.0031113929755862153,0.0012930877107955009,0.0007855494541349721,0.0018030557081011288,1.0279200374809838,2.1042032706617446,-0.9101495700908955,2.293611094631236,-3.141397126771582,3.141589965296779,-2.3242936246401618,-2.859710944850405,2.5011226688224872,0.7190967693647402,-1.3931806504345647,-2.928011280805065,0.7433345812337929,-0.15755812610190764,-0.7264445860196589,-0.00015646711571422767,0.0009986293239745046,-0.0018075190106566945,0.0027621154078483552,-0.00047507876136879275,-0.0011709603704891415,0.0013891683267779342,1.0094939583373568,0.1983200010681232,-0.000924708412436309,0.0003131280725610423,-0.001849177347706649,0.0001759988553658721,-0.0009310530810877282,-0.0013346544354652368,-0.0005024979209193987,0.1800547850548071,-0.18562127022542496,0.0010327619639704958,0.0010758954362810446,0.0011784468328582113,0.0013200085816654108,0.0013671546834899768,0.0014635051919318898,0.0014992468255567814,0.0009370245674107332,0.0008301472462918147,0.0010298108476420264,0.0009642755861540092,0.0007767785178796731,0.0007534187148825616,0.0009168973878110641,0.0009491347036113423,0.0009626224922961389,0.0008017293032446457,0.0003161178715201442,0.0002875947910112491,0.00039799896061064777,0.0002811031711297705,0.0002972942281740061,0.00035588947648119274,0.00035896528578789936,0.001020555590783047,0.0013151171698144416,0.002030364511979273,0.001590364158053385,0.001132892173575311,0.0009732052951079762,0.0010459945071369784,0.0009339907818813417,8.657369551380528e-05,1.8042309680432896e-05,0.000244140625,4.225168155871414e-08,0.000244140625,1.8042309680432896e-05,0.00048828125,7.158121225804143e-06,0.00146484375,5.8904487965149e-06,0.001708984375,5.549515878727879e-06,0.000732421875,5.262395231196042e-06,0.9000408274360371,0.8999727817093087,110.0,1000.0,30.3,13:05:15/scan-013,MEDICIONES_REALIZADAS_a_fecha_de_lunes_13_abril_2026_13_05_15,13:05:15,13,0.824743,73.741923
0.0013174379116522499,0.0004879235905599938,6.59683103817506e-05,0.0032033729275058546,0.0012701426189399186,0.0007762392021801742,0.0018370868041204219,1.0707237573261887,2.1198353762903093,-0.9017196029480145,2.3291367945605352,-3.1415592431785737,3.1415773977333794,-2.321817014755616,-2.881959134648969,2.6040426213026375,0.7084269166770173,-1.406111909723628,-2.9395372243572497,0.7562057583629517,-0.15175791788632248,-0.7408216272086656,-0.00013876383408561497,0.000978124338968518,-0.001746947026420198,0.002759840638610804,-0.00043097089773728797,-0.0011309511304674245,0.0014995720241409315,1.0327865574253399,0.1972443172666063,-0.00093793702134776,0.0003435188290360821,-0.0019496595826126934,0.0003467116332775895,-0.0009475261750709954,-0.0013769776752555652,-0.0004846198305706843,0.22479713987241257,0.006313407376171032,0.0010233882039369386,0.0011283992171209883,0.001233525858361789,0.0013531971311848082,0.001342477392715696,0.0013549144695968892,0.0013628605608242972,0.0010547801193448313,0.0008792636493339607,0.0008274251519925951,0.0007159946969853212,0.0007415414049572708,0.0008012795250860355,0.0009039496886018641,0.0007646798570588411,0.0008330237957987586,0.0011088776044351268,0.0008590349073271468,0.0008933201483046693,0.0007296289262970242,0.000757480033034806,0.0008083344265429188,0.0011454042844352855,0.0013850348273870088,0.0015146151309405878,0.001343119204897333,0.0021554434139897933,0.0018398070708637256,0.0012507838528380115,0.0009624666333063476,0.0008528249396835245,0.0008902430937042156,8.604988361599415e-05,1.7097744515723245e-05,0.000244140625,4.199603885602447e-08,0.000244140625,1.7097744515723245e-05,0.00048828125,7.070968274071709e-06,0.000732421875,5.615326233604811e-06,0.001708984375,4.954300041820477e-06,0.00146484375,4.910547479489687e-06,0.9000408274360371,0.8999727817093087,110.0,1000.0,30.3,13:05:15/scan-014,MEDICIONES_REALIZADAS_a_fecha_de_lunes_13_abril_2026_13_05_15,13:05:15,14,0.824743,73.741923
0.0013324423314261696,0.0004782972189196886,0.00014811794012567408,0.003255533978062285,0.0012995308415972124,0.0007834708382939297,0.001807392759068965,1.082136902638459,2.2505838008283163,-0.8976422818730115,2.2923852426399782,-3.141562399562005,3.1415911537377434,-2.308581860288653,-2.7996958320511856,2.4825003609773466,0.7143479178478446,-1.4053737006993199,-2.9242778938680773,0.7435003220530766,-0.16030485559384167,-0.7260131418687036,-0.00017087289250386628,0.0009973646815586532,-0.001732529684921445,0.002891155255428481,-0.0005155812363811087,-0.0011656345195459803,0.0013850520744830327,1.0378188440080263,0.21939657565079917,-0.0009352589964467357,0.00032485285593492503,-0.0018437921406352442,0.0001617871777282911,-0.0009447588201376282,-0.0013605503900893648,-0.0005002269009977402,0.2282851042350105,-0.12151602924014471,0.0010517555592499967,0.0011706945995529651,0.0012241859241765357,0.0013281644162631517,0.0014047948824125378,0.0014275960177520782,0.0013410139081566268,0.0009366636924020833,0.0010145763309386598,0.0008523242665473586,0.0005120277371361407,0.0010513495872071848,0.0010647947277171146,0.000815195651551577,0.001145701833612262,0.00101939880849965,0.0009707635737917032,0.0010242627953867304,0.0008556331654078313,0.000847123583264524,0.0012210404830245995,0.0005370218991857575,0.00038774129492383485,0.0003739901869630993,0.0013019908231598778,0.0013190747628107741,0.002130470590511029,0.0016871847548082524,0.0010785022536635503,0.0009106105484278378,0.0008309536710110654,0.0009545814859761158,8.491042321599109e-05,1.803534921219054e-05,0.000244140625,4.143993324352908e-08,0.000244140625,1.803534921219054e-05,0.00048828125,7.752008734762249e-06,0.000732421875,4.804834019604717e-06,0.001708984375,4.363166955824124e-06,0.00146484375,4.045088510066911e-06,0.8999727817093087,0.8999727817093087,110.0,1000.0,30.3,13:05:15/scan-015,MEDICIONES_REALIZADAS_a_fecha_de_lunes_13_abril_2026_13_05_15,13:05:15,15,0.824743,73.741923
0.0013180114105980527,0.00046463190955640477,0.00032109049585315444,0.0031342734712364213,0.0012501927777942802,0.0008075010422827534,0.0018417719857457297,1.1633711365655033,1.9696464518295853,-0.8488033218695767,2.3208350716040353,-3.1415135299363253,3.141573044603051,-2.3076321767494665,-2.8059316386726967,2.5993155260986565,0.6648192059941024,-1.4717101052694084,-2.9478156292257056,0.7420796224907928,-0.1428997446070978,-0.728190791693567,-0.00012633295848778442,0.0009972317202654986,-0.0017382180312431016,0.0027181647414800097,-0.0004573513526722287,-0.001136873202971242,0.0015347538165937453,0.984579199577424,0.09900311349350899,-0.0009210911341587786,0.0003069180759486214,-0.0017578826553965561,9.041200180700942e-05,-0.0009237791106195519,-0.0013216683229222961,-0.0005229030846856239,0.29130932441945745,-0.07373678226411728,0.0010899908575332865,0.0010978609148071642,0.0012090758940792184,0.001294748683495122,0.0013787316237248541,0.0013892346869120319,0.0014354017396533687,0.0012248362198563714,0.001210376217850189,0.0009779843323540402,0.0011176831647785232,0.0010203175077401062,0.0011331017052876268,0.0009882482098452717,0.0011948216520842887,0.0010736455675382439,0.000931051906518763,0.000924268275303996,0.0009767667543906322,0.0010839046082485211,0.0009119280200911023,0.0009550070796233919,0.0010972990137712907,0.0006046520609130602,0.0013946036416132125,0.0014180962622026944,0.00210853996595319,0.00147484985831997,0.0011363247671451972,0.0009335713179601155,0.000978741294685232,0.0009724419201371233,8.625972080153168e-05,1.972105150633737e-05,0.000244140625,4.2098448414607945e-08,0.000244140625,1.972105150633737e-05,0.00048828125,8.04365218938662e-06,0.00146484375,5.026444008064139e-06,0.000732421875,4.480373501265917e-06,0.001708984375,4.4140953578357765e-06,0.9000408274360371,0.8999727817093087,110.0,1000.0,30.3,13:05:15/scan-016,MEDICIONES_REALIZADAS_a_fecha_de_lunes_13_abril_2026_13_05_15,13:05:15,16,0.824743,73.741923
0.001320935420043646,0.00044832712621017907,0.00014600541547145978,0.003017200126594423,0.0012858302460177524,0.0008048067768934877,0.0018393547176782689,0.893426717351768,1.5134221767268192,-0.9178536478198343,2.2913312152063146,-3.141560511173484,3.141535166945875,-2.330210147997145,-2.833297328842983,2.5226976089664794,0.7248714280140531,-1.3908745794851152,-2.92844239824078,0.7470541707182246,-0.15803177015785042,-0.7301478573605971,-0.00016404746226257016,0.0009812348760990899,-0.0017686619645434281,0.002651756271432318,-0.0004864790485611006,-0.0011479702697160079,0.0014407359332766457,0.9922366369599877,0.0520248102086498,-0.0009304871569998042,0.0003005486768023788,-0.0018597655675274575,0.00010253855775474598,-0.0009563507252704913,-0.0012894112864219808,-0.000502084493641914,0.309434985081247,-0.0696952608672281,0.0010273166617729694,0.0011303170890537488,0.0012192669604834693,0.001361138848258509,0.0013707394114208917,0.0013896564398718976,0.0013098266459371944,0.001127408789177634,0.0006660056028822507,0.0009410492733013374,0.000738154432938033,0.0007743580055187203,0.0007036466133043355,0.0009080099807709101,0.0007346027219943481,0.0007428508412669656,0.0007576610218697055,0.0009050269218296271,0.0008344321782098931,0.0007620775200512618,0.0009989691225881535,0.000847960162054499,0.0008234068113368779,0.0006491423906995671,0.001358938655598717,0.0013741636525431559,0.0019566794629197136,0.0015208908920057583,0.0010807311292277636,0.0010017075797664429,0.000900601606073167,0.0009292275730510878,8.49351938620542e-05,1.6420654556035792e-05,0.000244140625,4.1452022382652123e-08,0.000244140625,1.6420654556035792e-05,0.00048828125,6.766537579089309e-06,0.000732421875,5.924197190379189e-06,0.00146484375,4.95799759987039e-06,0.001953125,4.754475432718296e-06,0.8999727817093087,0.8999727817093087,110.0,1000.0,30.3,13:05:15/scan-017,MEDICIONES_REALIZADAS_a_fecha_de_lunes_13_abril_2026_13_05_15,13:05:15,17,0.824743,73.741923
0.0013076824736138737,0.0004451688600719472,0.00013538524612864502,0.002937506265705427,0.0012588888800840671,0.0008221530825709361,0.0017692260348813825,1.1527235191569716,2.228762929654537,-0.8391908538326533,2.3211086126276395,-3.1415661115796936,3.141565476782556,-2.292540005056779,-2.7974245193319325,2.5710080861909708,0.6657569566036822,-1.472903768350818,-2.9334805211474735,0.7448933236429627,-0.153904746051535,-0.7288205490727274,-0.00013529868494004105,0.0009672495720991135,-0.0016461214069985832,0.0027308111231525213,-0.0005104179201767585,-0.0010889968950017039,0.0014109121065843107,1.016924843166672,0.0942527523490555,-0.0009240436763705265,0.0003169796647547222,-0.0017724028258034583,6.0169691990802116e-05,-0.0009199464094002399,-0.0013423242181649637,-0.0005128074253832008,0.09236351887035386,-0.31168401985575267,0.001054602314312505,0.0011854903626293053,0.0012703179023443685,0.0012750255763930732,0.0012686307520273824,0.001313291615191112,0.001351734082077239,0.0012168592080051583,0.0008364468220114623,0.0012343665393411132,0.0011295112066909902,0.0010711701235942175,0.0008460963208103221,0.0007488305536830845,0.0008254779970531629,0.0009260290253825204,0.0006938643900298834,0.0007794144255028073,0.0007710303132824504,0.0007927492221224651,0.0007805719553409158,0.0007742853933571114,0.0008218529827425679,0.0012744033289647655,0.0013380666087796668,0.001466933163511957,0.0019730944818273735,0.0016035871546335536,0.0011346709260375654,0.0010170471239485898,0.0010123943078509069,0.0009740425622465236,8.372956215237716e-05,1.7397946745429896e-05,0.000244140625,4.086362232912502e-08,0.000244140625,1.7397946745429896e-05,0.00048828125,8.321735613623724e-06,0.000732421875,5.276273712205009e-06,0.00146484375,5.102294004384725e-06,0.001220703125,4.948276333816342e-06,0.9000408274360371,0.8999727817093087,110.0,1000.0,30.3,13:05:15/scan-018,MEDICIONES_REALIZADAS_a_fecha_de_lunes_13_abril_2026_13_05_15,13:05:15,18,0.824743,73.741923
0.0012772379254332202,0.0004522535923195388,0.0001714000365559108,0.0029949642115754543,0.0012270794034586483,0.0007682263965366511,0.0017671347294736337,0.9704462869121868,1.818193096583462,-0.857611765016113,2.296298715544062,-3.1415918971667858,3.1415600314249805,-2.300767117689509,-2.791995501631811,2.537952467755714,0.6783142587774946,-1.4530404701309032,-2.9306380141313406,0.7332600601568366,-0.153539869595443,-0.7170047588864539,-0.00013765169116261762,0.0009682277785590475,-0.0017214963699318194,0.0027409531075825357,-0.0004940108601802478,-0.001066281962959054,0.0014939517094117705,1.0025947486864308,0.027056387707386165,-0.000884302305102233,0.0003121987705612431,-0.0017089130770067736,0.0001522145092906053,-0.0009009561015392456,-0.001279292913049979,-0.00046153338398674537,0.2529045929747386,-0.44530813478040043,0.0010050621448700532,0.001124628180585803,0.0011953053848152715,0.0012853802157417023,0.0012396343587484943,0.0013203049094152536,0.001407791014027357,0.0011951242863999232,0.0007893463340094102,0.0008156053587017477,0.0008421656182261766,0.0007480670646702323,0.0008347216731735053,0.0008144027589880029,0.0009103686333286541,0.0008071052786110702,0.0007298029675883166,0.0007451819149622296,0.0007625143431499885,0.0009149426951433496,0.0007905543758962565,0.0008490497533187743,0.0004383013424374378,0.0004675753465318575,0.0012577131377872737,0.0014034011443897958,0.0019233064224152823,0.00163941577631717,0.0011224415434725537,0.0009287027861540426,0.0009034571605199615,0.0008834421695921559,8.570134572863712e-05,1.8254018651498726e-05,0.000244140625,4.182593739806595e-08,0.000244140625,1.8254018651498726e-05,0.00048828125,7.542011493037644e-06,0.001708984375,4.729438497868866e-06,0.0009765625,4.721955467522835e-06,0.000732421875,4.626837844621034e-06,0.8999727817093087,0.8999727817093087,110.0,1000.0,30.3,13:05:15/scan-019,MEDICIONES_REALIZADAS_a_fecha_de_lunes_13_abril_2026_13_05_15,13:05:15,19,0.824743,73.741923
0.001309715151910969,0.0004671791096069702,0.00016652094024543682,0.0030735269018783724,0.001276767415428084,0.0007751036482805907,0.0018487798661161751,0.9793221482930534,1.6607109131024709,-0.8440551981455082,2.30414136974375,-3.141587651157172,3.1415095422155486,-2.3180900294771654,-2.7777978119607627,2.4993824262692006,0.6609120502802142,-1.4820209251722165,-2.944805583829577,0.7355521145121351,-0.1438147266669606,-0.7213558328293884,-0.0001343857616868856,0.0009871537213657251,-0.0016267042405091045,0.0026895371740876806,-0.00048701861120438857,-0.0011052382589942674,0.0014820715011551137,0.9839496318221158,-0.032056617966032874,-0.00091572889528041,0.00032018814841340196,-0.0018234484895897542,0.00012013667032119641,-0.0009158938530886302,-0.0013435031749224342,-0.0004874718490984838,0.14242523649655459,-0.20883105772355837,0.0010011204679515298,0.0010960722131265397,0.0012168330267769158,0.0013350267733015222,0.0013289177001692847,0.001313985477986198,0.0013109439042690903,0.0012766072044861547,0.0008869495295607269,0.0008350088298303875,0.0010030491710012568,0.0008465412572407092,0.0007679073435956843,0.0008526786922267486,0.0010358062845496152,0.000962326410774306,0.00089329992394842,0.000853325362932777,0.0008666101886391496,0.0009623862511480298,0.0009636003744301003,0.0011344050979251014,0.000392748614072917,0.0004588115701592008,0.001105022148124597,0.001386341259877105,0.0019002867413585411,0.001570899899745532,0.001099775230173018,0.0010069538268863334,0.0009810293756628684,0.0009480864293986258,8.791328251256412e-05,1.8148461395527202e-05,0.000244140625,4.2905457546395374e-08,0.000244140625,1.8148461395527202e-05,0.00048828125,7.57549872917624e-06,0.000732421875,6.5358706915632516e-06,0.0009765625,5.486352790768186e-06,0.001220703125,4.604581596236621e-06,0.8999727817093087,0.8999727817093087,110.0,1000.0,30.3,13:14:37/scan-000,MEDICIONES_REALIZADAS_a_fecha_de_lunes_13_abril_2026_13_14_37,13:14:37,0,1.237115,110.612885
0.0013103718001102435,0.00047036044822853026,0.0002038921557511532,0.0031441712454205193,0.0012518642750351788,0.0008135475818272468,0.0018078839356866765,1.2705642978692409,2.58646934941941,-0.8320833460291182,2.344513388440286,-3.1413177863437967,3.1415704421958695,-2.3225812571809,-2.808271691920981,2.6441131503183444,0.6604563098422924,-1.4833175834251429,-2.9429625265643713,0.7567603544912849,-0.14932893118598298,-0.7418807885641917,-0.00013767760691889202,0.0009780093510270657,-0.001602900976834865,0.0027078021236240386,-0.0004700963350428324,-0.0010753262729250297,0.001448254387506658,1.0881852339351732,0.3263503513850874,-0.0009342761358311585,0.00029997580540068117,-0.0018389790459220582,-3.7819993535621285e-05,-0.0009500720082982032,-0.0013129572186448251,-0.0005106538085390178,0.22910243445571155,-0.15660285249670514,0.001040675486180218,0.001147030030811196,0.0012349976918983596,0.0013013327794265108,0.001353764020235213,0.0013761300922022135,0.0013810304395227167,0.0007656494278611255,0.000944236405143699,0.0008022794539827004,0.0010097073207350064,0.0009065179864982886,0.0,0.0009526691000643247,0.0011222943959617365,0.0008071237173253101,0.0008128356643531801,0.0010316236204512999,0.0009576840647165675,0.0007374883188196401,0.0007592284949560871,0.000950010541747001,0.001098004329170801,0.0007933745392333279,0.0013896012793858702,0.0014537589020228608,0.002093351365523936,0.0015799508943879106,0.0011103487626835653,0.0009329261176428376,0.0008802834318909456,0.000929647908533364,8.628318533358161e-05,1.957909344012057e-05,0.000244140625,4.2109900113997856e-08,0.000244140625,1.957909344012057e-05,0.00048828125,7.5608695641409616e-06,0.000732421875,4.9743577777519635e-06,0.0009765625,4.684558848592217e-06,0.001708984375,4.545711286010842e-06,0.8999727817093087,0.8999727817093087,110.0,1000.0,30.3,13:14:37/scan-001,MEDICIONES_REALIZADAS_a_fecha_de_lunes_13_abril_2026_13_14_37,13:14:37,1,1.237115,110.612885
0.0014067957137338784,0.0005924555855539965,8.612191901259883e-05,0.0036658565209693583,0.001306848114626413,0.0007945438588678064,0.002023532040535396,1.4141092524992198,2.6381304642920504,-0.8581425588660007,2.2308335737209295,-3.141589522803349,3.1415886438298912,-2.2371893193951213,-2.7825066304422075,2.3791488194672565,0.6807767255780985,-1.425979414294909,-2.904447670471268,0.6865147259051726,-0.16128185769603298,-0.6673010049915785,-0.00014341301651441338,0.0011869866628500874,-0.002051889793378079,0.0033956752394780133,-0.000541238006377083,-0.0013139802918845324,0.001736873504285368,1.064816436871175,0.35282024972171566,-0.000886234701749579,0.0003393589486734282,-0.00181772148577792,0.0001350591516740912,-0.0008875713785152255,-0.0013302045737290838,-0.00044103277865991254,0.14139862221318292,-0.1128677974305301,0.0009784269445058033,0.0011170809017963484,0.0011849867432157286,0.001325157888725068,0.0014304244928887255,0.0014899184514801259,0.0016742015655003657,0.0018300354359228586,0.0008396958698536316,0.0007952014169867469,0.0009327958532986487,0.0007539907538379481,0.0005833268509901381,0.0007806379151508836,0.0009307807359260503,0.0008327294835695713,0.0008636830342189977,0.000896851054514284,0.0007496585625972479,0.000994916052908544,0.0009382440386156293,0.0009351217428157326,0.0005572720588465659,0.0006518672207943571,0.0013569804132479307,0.0015956154828348627,0.0023307208552010438,0.0014918324267961627,0.0009907645421859432,0.001004182762499784,0.0009365951141094315,0.0008814205399522651,9.383742067911131e-05,2.483923971371766e-05,0.000244140625,4.5796691400249544e-08,0.000244140625,2.483923971371766e-05,0.00048828125,8.965995299372196e-06,0.000732421875,5.38039181190017e-06,0.0009765625,4.964657716129059e-06,0.001220703125,4.607157902441525e-06,0.8999727817093087,0.8999727817093087,110.0,1000.0,30.3,13:14:37/scan-002,MEDICIONES_REALIZADAS_a_fecha_de_lunes_13_abril_2026_13_14_37,13:14:37,2,1.237115,110.612885
0.0014437641636285982,0.0005990488803175376,5.667385246473715e-05,0.0037533536607765507,0.0013327098271626646,0.0008402078242210785,0.002093511995596094,1.3484742328205208,2.476968981373461,-0.7588444364953948,2.2624038023729023,-3.1415625141003347,3.141586396046675,-2.1760284828306724,-2.761817809919501,2.520368192405591,0.6173648563732036,-1.5137486286182866,-2.8973686169900215,0.6875139050033934,-0.16624324156614287,-0.6671121001800193,-0.00014061122176026424,0.0012205951987061846,-0.002195437407247312,0.0034713351255179037,-0.0005300416794944621,-0.001354604135428688,0.0018513076389456535,0.9796285629335517,0.11464306099859156,-0.0009037606681520764,0.0003419219087638654,-0.001981455504721651,0.00010078413056718508,-0.0008831511812376616,-0.001397274321910556,-0.00048047563182901197,-0.16177762395644388,-0.10217246588009177,0.001018379828540002,0.0011509764165035371,0.0011690430618829725,0.0013281289058878693,0.001432275444443199,0.001509726532627595,0.0017642626004685444,0.0016383578023783432,0.0008456259583573491,0.0009168981047714969,0.0006824947317045586,0.0007921334944207035,0.0008042221109221529,0.0007511064723892519,0.0007432278890103949,0.0007435013203742118,0.0007694025606573719,0.0008935340591527717,0.0007094394986390866,0.0007484407537844571,0.0008313903155445403,0.0006949165444787248,0.0005066940029128345,0.0004195582038299889,0.0016878876269656065,0.0016367241149725879,0.002407044383266703,0.0015092565024411042,0.0012747558344956894,0.0010443948945264231,0.0009585921440720785,0.0009383290092691342,8.999578265643835e-05,2.33197777236677e-05,0.000244140625,4.3921807055362784e-08,0.000244140625,2.33197777236677e-05,0.00048828125,8.026296141945712e-06,0.000732421875,5.483468762878803e-06,0.00146484375,4.749281197505024e-06,0.001220703125,4.736564639373034e-06,0.8999727817093087,0.8999727817093087,110.0,1000.0,30.3,13:14:37/scan-003,MEDICIONES_REALIZADAS_a_fecha_de_lunes_13_abril_2026_13_14_37,13:14:37,3,1.237115,110.612885
0.001411460456868983,0.0006125905876554286,0.00012895293121994064,0.0036781398427114414,0.0013083594013444545,0.000764017532088849,0.002046179539995542,1.2813542486541007,2.158291848384974,-0.891327202775381,2.190228274715749,-3.141292671072792,3.141449313639261,-2.2196060278065834,-2.7504932948846186,2.26946856017415,0.7066285212526777,-1.3978895925245254,-2.8921065236180703,0.6762361938620723,-0.16696679502227005,-0.6552995339911767,-0.0001412848590912124,0.0012169739735020581,-0.0020610900900962363,0.003355927329213316,-0.0005318995676156782,-0.0013766271555671345,0.0018164917513611117,1.0202239844402174,0.16853763345872963,-0.0008660335492945556,0.00034130667820783954,-0.0018997163619558289,0.00021038483654646557,-0.0008782800953477685,-0.0013091131833148314,-0.0003849337064896897,0.11688214499499125,-0.20200868833647023,0.000822921069511384,0.0010219388649338023,0.0011070014203004043,0.001298953264253655,0.0014432818500732974,0.0015422489293938399,0.0017420625680463707,0.0005231451330152226,0.0005064329096446168,0.0006777077522670816,0.0007093022250558803,0.0005065129306642953,0.0007015684317082246,0.0007926609469657093,0.0006883485537030181,0.0006576713298615714,0.000735507979044793,0.0009545904063256427,0.0007081705456257041,0.0007274453238996942,0.000711518247323487,0.0007160120932351378,0.0005248966867955057,0.001162321431191648,0.0015498114599964798,0.0015120182025963103,0.0023582146187992987,0.001376678175103795,0.0010453328534336377,0.0009867485450224928,0.0010075559873809062,0.0008964932406746747,9.294420247447495e-05,2.51577992638294e-05,0.000244140625,4.5360762554648584e-08,0.000244140625,2.51577992638294e-05,0.00048828125,7.652819824117315e-06,0.000732421875,5.9186104205659625e-06,0.00146484375,4.83539332765609e-06,0.001708984375,4.787387898357392e-06,0.9000408274360371,0.8999727817093087,110.0,1000.0,30.3,13:14:37/scan-004,MEDICIONES_REALIZADAS_a_fecha_de_lunes_13_abril_2026_13_14_37,13:14:37,4,1.237115,110.612885
0.001443730696299329,0.0006352119099235809,0.0001133685871398757,0.0039147131991249555,0.0013638402087819226,0.0007548380655376595,0.002007549586037129,1.5061381824417193,3.1031463265102275,-0.8841924891134494,2.2091969963782763,-3.141570517863806,3.14157626026375,-2.2211123916925066,-2.7642339931107496,2.3297794401234713,0.7160741187274676,-1.38231449291107,-2.875032559411752,0.6897901094071136,-0.18170077471751236,-0.6654286013562488,-0.0001418251674836188,0.0012374054915003099,-0.002058554714349025,0.0035288553348064426,-0.0005373091991225352,-0.0013462760493827691,0.0018145626349195772,1.0865120612199137,0.335496778559091,-0.0008988411829355212,0.00035868376144196254,-0.002011802545105879,6.251643036927767e-05,-0.0008849961880880949,-0.001370964379351597,-0.0004331446492660585,-0.25415705114862575,-0.23807376347997478,0.0009112176779010503,0.0011107447392323582,0.0011679115076218196,0.0013260019775489132,0.001437920313586131,0.0014474097980218235,0.0016493004538155795,0.0017257269675114652,0.0009179267604821141,0.0006650552814151214,0.0007080746483305012,0.0007948960853254794,0.0006445566317188229,0.0009598342218774468,0.0005271455882802503,0.0005849909090423697,0.0006405146291163364,0.0007559438911604703,0.0007690268143035324,0.0006931162025011206,0.0007257156691090335,0.0008778911154258284,0.0007468665328099861,0.000930938450565329,0.0015477064108076846,0.0016501631828941946,0.002519988264992783,0.0016178173542475136,0.0011049273866729577,0.0009135870615516285,0.0008839903941962116,0.0008789240217859705,9.614585272381e-05,2.7499225017159513e-05,0.000244140625,4.692330538009273e-08,0.000244140625,2.7499225017159513e-05,0.00048828125,7.593159614429481e-06,0.000732421875,5.233715364657315e-06,0.0009765625,4.789765453479148e-06,0.001953125,4.499272157700289e-06,0.8999727817093087,0.8999727817093087,110.0,1000.0,30.3,13:14:37/scan-005,MEDICIONES_REALIZADAS_a_fecha_de_lunes_13_abril_2026_13_14_37,13:14:37,5,1.237115,110.612885
0.0014576033662280974,0.0006460580419707184,0.00014303771359149757,0.003960259805543136,0.0013538374940930166,0.0007775432735425786,0.0020484294960884672,1.4899164180096434,3.042138432406335,-0.8435140134955341,2.2380037859243367,-3.1412395224927177,3.1413865255915927,-2.2109920058216135,-2.765411297341115,2.4442627004503557,0.6786137933536528,-1.43729111170601,-2.893273132839502,0.6943880393784431,-0.17066347970842471,-0.6730889435473221,-0.00013309377606332112,0.0012489696845854744,-0.0019462806114051434,0.0036024207928276996,-0.0005377635079719788,-0.0013750558351974826,0.0018415921448940858,1.0941246789875931,0.3763551713066233,-0.000915758176464212,0.0003546125629458364,-0.0020543967861891546,0.00011824409093951035,-0.0009193691792534092,-0.0013747482859078762,-0.00043098583159123337,-0.06200178204207432,-0.14838667495649593,0.0009381432603054996,0.0011105968437359834,0.0012085237323041869,0.0013027002969288426,0.001504495467263563,0.001505450755867849,0.0016182914670117828,0.0015188656113653538,0.0007931955295028411,0.000837861734574736,0.0007949726985922408,0.0010381995572718741,0.0005510899089218856,0.000770010023111282,0.0007486503139990163,0.0007576144066993278,0.0007440083589956202,0.0008683170792879876,0.0007447826934164379,0.0007842728920343729,0.0008906673641004046,0.0007739557565093387,0.000776912526322056,0.0012321386609821185,0.0017163748668270742,0.0015955838134425746,0.002561771172906501,0.0015703083446034544,0.001088517629535395,0.0009831370413666846,0.0009211063209267709,0.000829149064270348,9.141298503988744e-05,2.4277953943478628e-05,0.000244140625,4.461346268418128e-08,0.000244140625,2.4277953943478628e-05,0.00048828125,6.912328647903718e-06,0.001220703125,4.769178369420661e-06,0.000732421875,4.675994619928771e-06,0.0009765625,4.325535814337601e-06,0.8999727817093087,0.8999727817093087,110.0,1000.0,30.3,13:14:37/scan-006,MEDICIONES_REALIZADAS_a_fecha_de_lunes_13_abril_2026_13_14_37,13:14:37,6,1.237115,110.612885
0.001484372148006648,0.0006393353129848838,3.754095105773604e-05,0.004018675869745745,0.0013654822233319008,0.0008549234403454763,0.0021082598577833113,1.5624497875310701,3.2386663967667673,-0.8029183528918776,2.2435574139229058,-3.1415312069283794,3.1414913274194944,-2.2101537366473076,-2.725156722939505,2.465825605660898,0.6575631273433555,-1.465160346522615,-2.8853211550319524,0.6898674243023308,-0.17486455024729874,-0.6673375848701631,-0.00013875583841727239,0.0012704635375077621,-0.002078283695580149,0.003567818774571074,-0.0005829525356072638,-0.0013994303511484093,0.0018345870756545195,1.0462212368287562,0.2815470365888473,-0.0009237786444627468,0.0003541421641466126,-0.002223027225442839,9.287994502587345e-05,-0.0009257849861675612,-0.0013789020910501414,-0.00044138840489367574,-0.059517251746082876,0.01894938696251458,0.0009549477293448411,0.0011047883548944168,0.0012066402906316148,0.0013392444728864046,0.0014894931440887806,0.0015411840581678595,0.0017265957771143681,0.0016295540463602514,0.0006891828913203171,0.00041888091897556855,0.0007552221129960192,0.0006923763002277685,0.0006103462638872665,0.0008781996972730543,0.0008334167736183887,0.00048324752532090127,0.0007942542447688175,0.0005703736856215973,0.0006904093201369128,0.0007158415995467367,0.0006898659333495513,0.000430104324865825,0.0005703537839859945,0.0014874657280267306,0.0016755346075760444,0.00167724155338673,0.0027270338010382013,0.0015424615641005358,0.0010827166343819372,0.0010264061427072257,0.0009868827582086021,0.0009228066163433704,9.013722224659349e-05,2.5689065166711902e-05,0.000244140625,4.3990835649874816e-08,0.000244140625,2.5689065166711902e-05,0.00048828125,7.22340508638619e-06,0.0009765625,4.9175833770852576e-06,0.00146484375,4.874341044567171e-06,0.000732421875,4.759645361950487e-06,0.9000408274360371,0.8999727817093087,110.0,1000.0,30.3,13:14:37/scan-007,MEDICIONES_REALIZADAS_a_fecha_de_lunes_13_abril_2026_13_14_37,13:14:37,7,1.237115,110.612885
0.0014785280081463213,0.0006266207952768245,0.0001401175286712262,0.003929227236540193,0.0013896684904880074,0.0008291412398583064,0.0020513990541524588,1.5168553622383485,3.188016196345437,-0.8490313092669666,2.219201444847172,-3.1414042861872566,3.141551952321735,-2.1933123764965856,-2.7414485616705186,2.48572456406552,0.710425478657574,-1.3885581949930887,-2.852122678165174,0.6916425266301113,-0.1974254114414594,-0.6628669486106955,-0.00018057589505273994,0.001264135742156945,-0.0019583494322691544,0.003599543330531956,-0.0005920242191788328,-0.0014065109927347676,0.0018777601371324766,1.1339806369542353,0.47947826006127015,-0.0009128419455232977,0.0003387853469970334,-0.001929854343571641,0.00012813970605512776,-0.0009317765200074675,-0.001333087794511181,-0.0004488355277055509,0.13515192920689145,-0.1514373731032399,0.0009445532075735214,0.0010797733014046083,0.0011997200187788101,0.0013448489663084782,0.0015066180850650157,0.0015289498583811341,0.001647966372445616,0.0016319348285265991,0.000978692322157701,0.0011531534908687737,0.000997071950232318,0.0,0.000985336672852515,0.0008354095592902205,0.0007406339909030651,0.0007366779247844429,0.0009724898220761296,0.0007836699697508405,0.0007846372968662727,0.0009142083378280918,0.0008940015600220902,0.0010985483729674325,0.0006714074484169595,0.0014518467420742776,0.0017054010685362483,0.0018798618516276673,0.002638468330241154,0.0016104166575801938,0.0011797117249832672,0.0010518461936213444,0.0009263219217971905,0.0009458911443961307,8.494448565480418e-05,2.2038774863649046e-05,0.000244140625,4.1456557176575975e-08,0.000244140625,2.2038774863649046e-05,0.00048828125,6.432871999756048e-06,0.001220703125,4.800655971855124e-06,0.0009765625,4.186074464003488e-06,0.00146484375,4.053078112839615e-06,0.8999727817093087,0.8999727817093087,110.0,1000.0,30.3,13:14:37/scan-008,MEDICIONES_REALIZADAS_a_fecha_de_lunes_13_abril_2026_13_14_37,13:14:37,8,1.237115,110.612885
0.0014603737000487022,0.0006460085776545142,0.00012132639999647316,0.003909421490660695,0.0013589065876399617,0.0007452635562922636,0.002143308855943473,1.311599367156012,2.201099799095169,-0.8456356743385803,2.221400100865423,-3.141519226978531,3.1415084522638566,-2.2040549732472403,-2.7410161088205482,2.422412843266969,0.683810025659886,-1.4260868177595614,-2.8844915779323475,0.6843900309881312,-0.17402531746078473,-0.6618949338064224,-0.00014468031353908272,0.001256537973194814,-0.002179564990340591,0.003637533577456193,-0.0005642248000983021,-0.0013707237007799544,0.0018740461108321103,1.071212773314468,0.2920488266718073,-0.0009019232688673838,0.0003697792094069917,-0.002215089210681343,0.00014412803997815594,-0.0008938018079538105,-0.0014049712566147753,-0.0004035272007350628,-0.06818095199806436,-0.2674143708318959,0.0009361655055049993,0.0010816174123975503,0.001168511431267393,0.0014013550058713487,0.0014497375410737726,0.0014964268670963523,0.0017442604952204665,0.0017924282199666135,0.0,0.0007350065563909726,0.0007385025855075703,0.0008543288729291567,0.000977515853298303,0.0007367657305083161,0.0009772418178457716,0.00089802221508721,0.0009622714262974985,0.0008161079122149109,0.0007226273504597844,0.0007667585201812395,0.0007462950264211063,0.0007867235839407009,0.0005354949671708096,0.0010050714275032593,0.001765393216860536,0.0016834936456955525,0.0025025977187822708,0.001706363290810338,0.0010933721624056337,0.0009534904259001958,0.0009435511211667218,0.0009395887841169273,9.488178962926397e-05,2.5429004872030625e-05,0.000244140625,4.6306388301251327e-08,0.000244140625,2.5429004872030625e-05,0.00048828125,8.054694850627416e-06,0.000732421875,6.56471883964497e-06,0.0009765625,6.198618535259703e-06,0.001220703125,5.481909564042995e-06,0.9000408274360371,0.8999727817093087,110.0,1000.0,30.3,13:14:37/scan-009,MEDICIONES_REALIZADAS_a_fecha_de_lunes_13_abril_2026_13_14_37,13:14:37,9,1.237115,110.612885
0.0014801400618921128,0.0006243217030081936,0.0001325030653812222,0.0038900547246295625,0.0013933936374501705,0.0008183385801139681,0.0020909680818797308,1.3634550009549893,2.713948086845482,-0.8629394961126555,2.217509888458533,-3.141530486137356,3.1415421519194924,-2.234087629762988,-2.74054915945416,2.4304341760486845,0.7015928966001652,-1.4032343191069463,-2.8799706095360404,0.6883251946864276,-0.1780337560798947,-0.6649026660618779,-0.0001657844247689943,0.0012647735675148661,-0.002044113686793757,0.003544823704398166,-0.0005557125247851255,-0.0014427701601814123,0.0018375899990743752,1.0595400138602922,0.3190867081044937,-0.0009141192047532533,0.00034328660337935125,-0.0018848286887476928,0.00012169996392540295,-0.0009413889578919552,-0.0013418885270573375,-0.0004242924502130419,0.3168270304886255,-0.2037406341172554,0.0009217257857879382,0.0010323746145113656,0.0011635852340313993,0.0013821421188303772,0.0015291385426662012,0.0016493195457908773,0.001694656728844446,0.001576008278474347,0.0008179723643791,0.0009135953867105613,0.0008865665980413335,0.000894116090633299,0.0011833143397150048,0.0006763647363276699,0.000707700484466101,0.0007346449273009528,0.0004959932749914721,0.000708835235708042,0.000839890723328091,0.0007325515837997556,0.0009039300412864278,0.0007215792296576399,0.0006540659072917977,0.0017406476430874064,0.0017597899176530973,0.0017042976963746168,0.00247656721545251,0.0015481708383830587,0.0011826525637337072,0.0010332420078271124,0.0009516948706359896,0.0009722236600151629,8.800318243177984e-05,2.2127573015281644e-05,0.000244140625,4.2949332567974544e-08,0.000244140625,2.2127573015281644e-05,0.00048828125,7.591982546286279e-06,0.000732421875,5.136984272682591e-06,0.0009765625,4.593568525365235e-06,0.001708984375,4.574471879373559e-06,0.9000408274360371,0.8999727817093087,110.0,1000.0,30.3,13:14:37/scan-010,MEDICIONES_REALIZADAS_a_fecha_de_lunes_13_abril_2026_13_14_37,13:14:37,10,1.237115,110.612885
0.0014999503878227122,0.0006679825189057966,9.35856461245261e-05,0.004111245835935738,0.001410718712025559,0.0007932198684631029,0.0021819423347782456,1.3471726532910522,2.583039729166827,-0.7949127197510736,2.2171222620328837,-3.1413710291425168,3.141158907348096,-2.2098679916083936,-2.6818772188940856,2.382583692482576,0.6470870412470189,-1.4843903726433718,-2.8836968981748083,0.6745100183930478,-0.17203139469075043,-0.6522031617167652,-0.00014855140355060352,0.001306546212052027,-0.001981226335692925,0.003742976889731694,-0.0005991163309456704,-0.001434394737438699,0.001956965240818734,1.0763063075361816,0.28387586232546047,-0.0009130535869970578,0.00036504638883641473,-0.0019781084407389108,0.0002363509109863334,-0.0009144537736266065,-0.0014059978019637326,-0.0004122092320977217,-0.040631179348259557,-0.41778827184166456,0.0009575738636794636,0.0010821115382452483,0.0011942072812065286,0.0013678062229055738,0.0015630481236537442,0.001501953577541966,0.001657122083917692,0.0016899145968505313,0.0008539335783464135,0.0009380656245765135,0.0010751400039616466,0.0010973259968266032,0.0006478645589348008,0.0010332367870070787,0.0010273582709104973,0.0008515035232870708,0.0006307287918809384,0.0010827342449533065,0.0010642684016896815,0.0011139414524306166,0.0005251312081951607,0.0004883660013193033,0.00039426153929971266,0.00048140628070318946,0.0017667723121587765,0.001835836887339096,0.0025280519631693888,0.0013138805815357886,0.0010647211215039937,0.000987662348907933,0.0009343745582844101,0.0009243730084786884,9.257638997914596e-05,2.532572988279215e-05,0.000244140625,4.5181254260198126e-08,0.000244140625,2.532572988279215e-05,0.00048828125,7.630271918890543e-06,0.001953125,4.642092267472083e-06,0.001220703125,4.4469240154280304e-06,0.001708984375,4.423783436724828e-06,0.8999727817093087,0.8999727817093087,109.0,1000.0,30.3,13:14:37/scan-011,MEDICIONES_REALIZADAS_a_fecha_de_lunes_13_abril_2026_13_14_37,13:14:37,11,1.237115,110.612885
0.0014604390883588105,0.0006164342162375174,0.00016044131315434825,0.003785339245486921,0.0013694255094835422,0.0008130055747668409,0.002138513359683395,1.3372664095593625,2.376089597912829,-0.7704857812220816,2.2290016820882315,-3.141518817417016,3.1415809587632033,-2.159887986469094,-2.716814068496354,2.4338690042280082,0.6303453564278372,-1.4954424902661714,-2.8829037644146944,0.6709872846647252,-0.17164746277936874,-0.6486609936655249,-0.00014886688262704566,0.001276776837532309,-0.0020817686036903953,0.003452662990754449,-0.0005692939860928285,-0.0014061389663535685,0.001960620785667703,1.0109672624256245,0.12224236489434492,-0.0008706677226001207,0.00032014831752746333,-0.001746886609514867,6.960799265520519e-05,-0.0008839711053358064,-0.0012891264273643811,-0.0004311670051402728,0.08466414764245402,-0.3560182302395045,0.0010527600922368345,0.0010575832157849216,0.001170833466980325,0.0013295956508450053,0.0014676832302030595,0.00154821828288791,0.0017270196890741356,0.0019034323027575747,0.0009491673043131473,0.0010381259865162593,0.0009359267388991652,0.000900167247427909,0.0009637659166695484,0.0009498335948011009,0.0008579657014808165,0.0004242363187786495,0.0009213054470277532,0.0009535594456988576,0.0009884863247389658,0.0008928940779871848,0.0005624516768361341,0.0010587304497553492,0.0008873565491982377,0.001551494670388547,0.001993594866595139,0.0018198521018043814,0.002345043003230401,0.0011064374696882105,0.0008847887522768218,0.000838209307202023,0.0008683923940363125,0.0009883170968078149,8.920786389772579e-05,2.4534283285415568e-05,0.000244140625,4.353726886175002e-08,0.000244140625,2.4534283285415568e-05,0.00048828125,7.394767693777926e-06,0.000732421875,5.196589914805284e-06,0.0009765625,4.403930610104227e-06,0.001708984375,4.362331830018141e-06,0.9000408274360371,0.8999727817093087,109.0,1000.0,30.3,13:14:37/scan-012,MEDICIONES_REALIZADAS_a_fecha_de_lunes_13_abril_2026_13_14_37,13:14:37,12,1.237115,110.612885
0.0015037389443651222,0.0006260833122770212,0.0002597993922203441,0.0038897931413541553,0.0013943373570840674,0.000868785501990042,0.002195362813990937,1.4547961980193502,2.5351229466678387,-0.8551323267232223,2.205634021152561,-3.1415481206926765,3.1414025525222686,-2.209369496201027,-2.721385049899679,2.341738452227988,0.6996919558226231,-1.4034165462968802,-2.8695711877174457,0.6805185026203568,-0.1828411126743481,-0.6554956597298404,-0.00017443179545965784,0.0012824554322521627,-0.002231665797576163,0.0035635115435603162,-0.0006281601562808455,-0.0013799497157553353,0.0019205393864202606,1.0229305524727024,0.11492870689492785,-0.0009224871892512729,0.00035653108483156977,-0.0020675810360964737,0.00010386229706643015,-0.0009200555990664097,-0.0013845045143542943,-0.00045158954866580264,-0.18849693001477516,0.15894665049081258,0.0009233466843531128,0.0010632429257150466,0.00121500377904712,0.0014437339054973687,0.0015232243056465125,0.0015173104036894267,0.0018219399566674263,0.0019219020805779708,0.0009769533427499584,0.0007735703015363627,0.0009178232325873653,0.0007633422420303408,0.0008657469661572104,0.0006853864721497072,0.0007552593833482692,0.0009375913143420753,0.0007509096495851876,0.0009412465767329676,0.0008420984655931541,0.0008859496178023234,0.000746294635468079,0.0007877373740070286,0.0008719853245398934,0.0016323563523154845,0.0017640453771776733,0.0015505153609944292,0.002521181948561888,0.001538295917459088,0.0011723907837561003,0.0009755254211914609,0.0008429861232283009,0.0008587514955408015,9.561952103425405e-05,2.711333893298333e-05,0.000244140625,4.666643291081213e-08,0.000244140625,2.711333893298333e-05,0.00048828125,7.520566973434595e-06,0.001220703125,5.462746652321896e-06,0.000732421875,5.206231758149957e-06,0.0009765625,4.930460484632323e-06,0.9000408274360371,0.8999727817093087,109.0,1000.0,30.3,13:14:37/scan-013,MEDICIONES_REALIZADAS_a_fecha_de_lunes_13_abril_2026_13_14_37,13:14:37,13,1.237115,110.612885
0.0014789593547298206,0.0006302284214535046,0.0002444202607790619,0.004137895510389444,0.0013562085743823713,0.000819680416599472,0.0021041815625738427,1.5235833374138101,2.95539799934546,-0.9080276923067873,2.1752417168865215,-3.1415675665770464,3.1414736374937946,-2.148536103682063,-2.7537915622645723,2.3323988909018607,0.7595009765045985,-1.3021605871055313,-2.8258071675699834,0.6793171680708664,-0.21097092225180447,-0.6457267880458769,-0.00017849990550177026,0.001280885035038198,-0.002134948551746071,0.003796919619567993,-0.0006084991987423912,-0.001437729906400049,0.0018763234255162122,1.086287038117807,0.34614512109082973,-0.0008883672585970413,0.0003504108748739155,-0.00196848480165745,0.00010763043407029457,-0.0008724131817355542,-0.0013825939208304105,-0.00044638606663536433,-0.23602247562090983,-0.33302474961774875,0.0010148917505104123,0.0010781483250969723,0.00120640309119058,0.001290221629034041,0.001457505532908046,0.0014454990901821892,0.001669534417157268,0.0017445590499309592,0.0008996530215821886,0.0008766981224010194,0.0008512090744642978,0.0008317507083385887,0.0010169232013828215,0.0009106350192505265,0.000948646582058584,0.001209730263329765,0.000689877204712086,0.0011610856318333305,0.000926941726422218,0.0010555924403734848,0.0010022671589655437,0.0009145811501132117,0.0008101678287903136,0.0006487798353003873,0.001820910084316075,0.001862755898000135,0.0024894549564244326,0.0014701683501327748,0.0012299711845543348,0.0011786183787595662,0.0009973197084512935,0.0009498345798783168,9.033964558586128e-05,2.269868188793524e-05,0.000244140625,4.408962693307041e-08,0.000244140625,2.269868188793524e-05,0.00048828125,6.739478715165614e-06,0.0009765625,5.0859383318167135e-06,0.000732421875,4.7719281126124145e-06,0.001220703125,4.2859081199125995e-06,0.8999727817093087,0.8999727817093087,110.0,1000.0,30.3,13:14:37/scan-014,MEDICIONES_REALIZADAS_a_fecha_de_lunes_13_abril_2026_13_14_37,13:14:37,14,1.237115,110.612885
0.0014906601835743792,0.0006561940001773915,0.00013970273619751586,0.004079408715821853,0.0013625547647497845,0.0008191579229672193,0.0021878770000945172,1.4012621918522228,2.4796048963609048,-0.8334055203751847,2.187735462609206,-3.141560011463809,3.1415773551361417,-2.1827820989411344,-2.6887285017150275,2.3413729213936745,0.6772288585342495,-1.4362922901076236,-2.8694867079887345,0.6635620967155631,-0.1783392761104062,-0.6391476815212355,-0.00013939244323961684,0.0013059871271691528,-0.0022111606649359004,0.0037028528083020195,-0.0006162477718416179,-0.0014152774912802718,0.0019978065270634298,1.0173246831146001,0.106841845986831,-0.0008889081476771912,0.0003707728817646292,-0.0020628261048642083,0.00021523992272562008,-0.00088088888064616,-0.0013720689015423173,-0.00041218670858860786,-0.16221661441140842,-0.070369475053218,0.0009605827196524608,0.000999518518000327,0.001128447316921319,0.0013588938422601355,0.0014935451506075342,0.0014810899373028474,0.001725718965077005,0.0019122411110989502,0.0009789229482691402,0.0007660199988096038,0.0010035599745295467,0.0007071086616259333,0.0006902638327721413,0.0006892963352098375,0.0008750410017735442,0.0009733726785863304,0.0007526137980803687,0.0007630788576423998,0.0007183964607989572,0.0007625096028083569,0.0008072120091763399,0.0008215454832542469,0.0006816985222757495,0.0013681138311092804,0.0016849426358025955,0.001652737739616562,0.0025026753983670535,0.0016402902256102728,0.0013179317437089061,0.0009525422585929484,0.0009365474707269522,0.0009387251483405867,9.256878598863053e-05,2.5402000777893878e-05,0.000244140625,4.517754318625209e-08,0.000244140625,2.5402000777893878e-05,0.00048828125,8.145447524152802e-06,0.000732421875,6.3024980762504545e-06,0.0009765625,4.693459144415759e-06,0.00146484375,4.243172265361641e-06,0.8999727817093087,0.8999727817093087,110.0,1000.0,30.3,13:14:37/scan-015,MEDICIONES_REALIZADAS_a_fecha_de_lunes_13_abril_2026_13_14_37,13:14:37,15,1.237115,110.612885
0.0014817646464981681,0.0006479520959431963,0.00022987132665071796,0.004037598209298581,0.0013536924077474223,0.000838775990195909,0.0021398825944026804,1.5506656322318813,2.9740574066140955,-0.8188686506866378,2.2013650586843547,-3.141403183160973,3.1415410201946843,-2.178915147461515,-2.7101013382054044,2.340672092040888,0.6654792933694855,-1.4524576492752994,-2.875210885546471,0.6676993669075967,-0.17576688509475916,-0.6441493977897449,-0.00012891914945652107,0.0012930807799686865,-0.0021307903450249305,0.0037784755442831414,-0.0005879739938884491,-0.0014053011191645503,0.0019208332518685129,1.0250630300644021,0.2084257584691489,-0.0008909990185419408,0.0003645756479949003,-0.002115057547109767,0.0001462380729428488,-0.0008841816763309053,-0.0013783439347856005,-0.0004222750304659915,-0.15382828139710514,-0.1885594911866777,0.0009511466133944615,0.0010999964911504213,0.001171117529997439,0.0013672955889868995,0.0014220439708870713,0.0014421658393059214,0.0017372225154777717,0.001726471621378589,0.0008221873353289453,0.0008040990966140847,0.0008580618700867494,0.0005135180610940537,0.0006423774424784803,0.0007910479361909466,0.0006610402810182301,0.0006487978330942618,0.0,0.0008779895733891283,0.0009329512096225836,0.0007655330296890204,0.0006741288252137424,0.0007241292434419621,0.0010008710597727013,0.0012686309121910026,0.0016721404572990182,0.0016793004287569805,0.0025213494651773615,0.0016170639333509286,0.0011901694169061134,0.0010982493184673837,0.0009170867606233673,0.0009037411933763647,9.32341670122035e-05,2.5918391040481444e-05,0.000244140625,4.5502277702393116e-08,0.000244140625,2.5918391040481444e-05,0.00048828125,6.488728444967724e-06,0.000732421875,5.6049005712305784e-06,0.0009765625,4.94732539207706e-06,0.001220703125,4.358294075509873e-06,0.8999727817093087,0.8999727817093087,110.0,1000.0,30.3,13:14:37/scan-016,MEDICIONES_REALIZADAS_a_fecha_de_lunes_13_abril_2026_13_14_37,13:14:37,16,1.237115,110.612885
0.0014699840589476292,0.0006042684478689065,0.00013766785680652892,0.003805946558252694,0.0013630150523891034,0.0008452881300035467,0.0021431915763184396,1.3529444549615217,2.5541756571517844,-0.8528650788412927,2.1994493004927946,-3.1412292436739135,3.141565459664161,-2.203786216771743,-2.7146670185651653,2.3739600216794643,0.6998831378837019,-1.4092013292352816,-2.864296801586679,0.6799143913028166,-0.18613051164445815,-0.6539411381276237,-0.00015174154740503352,0.0012565611768872945,-0.002065221487462827,0.0033727421254567736,-0.0005993994983712226,-0.0013364474910513107,0.0019307592645832182,1.0402559557394575,0.1327178000299698,-0.0008988570465914212,0.00034070824785317516,-0.0019401436963904643,0.00014379232214875717,-0.0009031137208092451,-0.0013413690314671967,-0.00043448554269577067,0.09876949833212534,-0.30055719865005814,0.0009775688431918565,0.0011068843273059725,0.0011678181726521874,0.001335274393800907,0.001474031405067598,0.0014550917199209865,0.0016828112869703862,0.0015768723906898676,0.00048262829731476615,0.0010454910629323316,0.0009433171710911074,0.0008847996620305189,0.0008496181757102362,0.00022716859580888707,0.0006850424047831244,0.0006601756166418286,0.0007939418826947509,0.0,0.00027850740059698787,0.0006746581342256068,0.0008247232040268171,0.0004376366752553973,0.00037791127868340197,0.0009396639645223935,0.001868118343167656,0.0016367466233659584,0.0024564932245372904,0.0014465150938233024,0.0011332394877399303,0.001079454521947417,0.0010204224268363495,0.0009736904622236199,9.315870500750077e-05,2.445706630842319e-05,0.000244140625,4.546544900317266e-08,0.000244140625,2.445706630842319e-05,0.00048828125,7.515220604153869e-06,0.000732421875,5.749212342727675e-06,0.0009765625,5.291368150054906e-06,0.001220703125,4.573574678310367e-06,0.8999727817093087,0.8999727817093087,110.0,1000.0,30.3,13:14:37/scan-017,MEDICIONES_REALIZADAS_a_fecha_de_lunes_13_abril_2026_13_14_37,13:14:37,17,1.237115,110.612885
0.0015078691773956427,0.0006230639699944249,5.7986978804703545e-05,0.0038325529872794716,0.0013961426457852187,0.0008800711886206215,0.0021990120166529,1.3003003728113196,2.1421187458988795,-0.8547949512922551,2.2014663083870896,-3.1413472438880183,3.1414958156325774,-2.185726313625727,-2.720929830432458,2.3553993747997723,0.6972055583939294,-1.4157289910695103,-2.8695562882797745,0.6822158839285789,-0.1833069544476471,-0.6571278967869043,-0.00015456023811509685,0.0012907643230546425,-0.0021877951599716286,0.0034976492899411165,-0.0005902950766991395,-0.001420277096970685,0.002017287515523933,1.011965584665105,0.06098049429784691,-0.0009241066577148791,0.0003434356819410994,-0.001939962269276957,6.313572041262904e-05,-0.0009207543508147576,-0.001407261806474227,-0.0004823728427334913,-0.10343378828050896,-0.2294973765863677,0.0010636413036180332,0.0011392957495643165,0.0012002401665034423,0.0013441129037160937,0.0015021657785651659,0.001563707395492386,0.0017204695814168503,0.0014633393550184033,0.0,0.0013707654032262507,0.0009088830130945943,0.001437546398261338,0.001073561263121424,0.0008705017577644262,0.0009375825331555676,0.0010982259850790578,0.0010632175993188098,0.0010833299673202355,0.0009039420914039807,0.0008593860329275636,0.0009313195087967456,0.0010193714388068847,0.000989840735968984,0.0019825388953928053,0.0020281438307660237,0.0018403047152773296,0.0023849395911699216,0.0015375565828963755,0.0011344355462309657,0.0010598091547227204,0.0008835504812277392,0.001009658862445653,9.422034943138219e-05,2.449532532644109e-05,0.000244140625,4.598357707729731e-08,0.000244140625,2.449532532644109e-05,0.00048828125,6.765185313851412e-06,0.00146484375,5.109196220851061e-06,0.000732421875,4.889927651851604e-06,0.0009765625,4.6325750973637635e-06,0.8999727817093087,0.8999727817093087,110.0,1000.0,30.3,13:14:37/scan-018,MEDICIONES_REALIZADAS_a_fecha_de_lunes_13_abril_2026_13_14_37,13:14:37,18,1.237115,110.612885
0.0014673075623095016,0.0006262280342067245,0.00015078057028645824,0.0040524490397926645,0.0013472028755610172,0.0008606225694697835,0.0020839149402478645,1.655842431663046,3.558502512648616,-0.8513233205311322,2.202687529788603,-3.141460482925769,3.1415541707005232,-2.1827401571994045,-2.720061483136427,2.3406433133432776,0.6922967387217792,-1.4195229671806073,-2.874114137852356,0.6795183763801886,-0.17959701822774016,-0.6553549686101969,-0.00013111250979719644,0.001277835198348582,-0.0020451937144227404,0.003651747957576241,-0.0005661284261456133,-0.0013821211559638135,0.001842176775401075,1.072706558571212,0.2914091429270522,-0.000890978778619963,0.0003182148997574338,-0.0021028479778146376,0.000126664362287925,-0.0008900016091046765,-0.0012973803468812727,-0.0004680030172510268,-0.060250450443834425,0.12227059195390133,0.0009674071574341147,0.0010731185719379374,0.001152298200839539,0.0013110489453127768,0.0014330414227778322,0.001549300913243726,0.0016851187493104162,0.0007535995034627195,0.0009445473473683059,0.000763397370618808,0.0,0.0008603009408114661,0.0006243277913483572,0.0007117438723867743,0.0006729020766007407,0.000951652696702206,0.001038990681562454,0.0005413711696424107,0.0007080175293612575,0.0009056819832299584,0.0008714653088862902,0.0007926690279801047,0.00077801147712705,0.0014311304843109334,0.001848453633006408,0.0018781773612138333,0.0024433857127391834,0.0012961652599783068,0.001170992422414203,0.0009526546888133716,0.0009897307781325463,0.0009797382926354115,9.350488197226339e-05,2.659128791866812e-05,0.000244140625,4.563439822950873e-08,0.000244140625,2.659128791866812e-05,0.00048828125,7.500888710768141e-06,0.000732421875,5.398402007653253e-06,0.001220703125,4.99102155914509e-06,0.0009765625,4.748933612064613e-06,0.9000408274360371,0.8999727817093087,110.0,1000.0,30.3,13:14:37/scan-019,MEDICIONES_REALIZADAS_a_fecha_de_lunes_13_abril_2026_13_14_37,13:14:37,19,1.237115,110.612885
0.0014831229089614572,0.0006401688729959211,0.00011292828758007454,0.003932200994640602,0.0013806330484845814,0.0007942008720429063,0.0021403434325371513,1.3845611240896218,2.562136207901192,-0.8231741840457061,2.209259462651951,-3.141490308136489,3.141501789060129,-2.1960139938008583,-2.683599886304333,2.350041703955791,0.6669423191130956,-1.4632290486972455,-2.8849748393692374,0.678752293989606,-0.17227451157318233,-0.6565258328949243,-0.0001437719782602312,0.0012834363624099376,-0.0021574622962087582,0.0034578570012288507,-0.0006076978755791642,-0.0014185241002353888,0.0018822048953104143,1.0053762941878723,0.13131312051838506,-0.0009086605680192892,0.00034048594171911227,-0.0019434284307564794,0.000173023173643408,-0.0009011521754178478,-0.0013495766386118343,-0.0004766477427916305,-0.1046641719622999,-0.040828267359634296,0.0009267592961934909,0.0010244593124233586,0.001181737134408746,0.0013270345566024785,0.001468405401700992,0.0016523287161960747,0.001731704347780336,0.0018122403964507328,0.0009259234077369714,0.0006033736588090213,0.0006024757869615884,0.0006890709175407335,0.0005470811257405355,0.00079884782330102,0.0006173816926247158,0.0008679456350550856,0.0007699435887225109,0.0007431644354168049,0.0003427803108347458,0.00031215385961307,0.0007910105123253826,0.0007064767923641395,0.0005447045282436671,0.0006572081386247891,0.0016024096510451585,0.0016527649539413063,0.002514523400968709,0.0014967824059446578,0.0010573896277258647,0.000992430500442822,0.0009058391467393331,0.0008773915518209023,9.435884607349906e-05,2.72185040287245e-05,0.000244140625,4.605116938677358e-08,0.000244140625,2.72185040287245e-05,0.00048828125,7.708055313189392e-06,0.0009765625,4.764118102048936e-06,0.001220703125,4.7601948968196804e-06,0.000732421875,4.43282697234231e-06,0.8999727817093087,0.8999727817093087,110.0,1000.0,30.3,13:24:02/scan-000,MEDICIONES_REALIZADAS_a_fecha_de_lunes_13_abril_2026_13_24_02,13:24:02,0,1.649487,147.483847
0.0014731973159237467,0.0006377205052686481,0.0002147110717520784,0.003887540742016547,0.0013564439780626106,0.0008333958139474182,0.002100854047950545,1.586876343392415,3.139995323239038,-0.856372872410627,2.2030614587335178,-3.1414755525144424,3.1414632175738206,-2.1849303333351715,-2.7232137881500265,2.3362833991314007,0.7037578826329703,-1.4061191641666635,-2.864621389185856,0.6851126806112061,-0.1873396796152326,-0.659001691633591,-0.00014591718835538545,0.0012789711345550297,-0.002120883033476359,0.003546862746696893,-0.0005718247995275888,-0.0013842262022870624,0.0018488018345199169,1.089499175464473,0.3648891934822607,-0.000904233079389554,0.00031985221026466687,-0.001855900828989203,-9.134674865086595e-06,-0.0008946567413819265,-0.0013369189152334056,-0.0004938694147184519,-0.18728243968845218,-0.39233119441105835,0.0010574096973972697,0.0010726821841333114,0.0011408084289843807,0.001339072495452682,0.001493587757239958,0.0014714685669448167,0.0016654111428855713,0.0008767353188909151,0.0010373878055929253,0.0010315416373505623,0.0009261190909371779,0.000996813882878734,0.0007930671014407789,0.0007860601558849677,0.001035768240296432,0.001156747431024143,0.0009232576895607736,0.0011478285635847726,0.0009412388476603358,0.0011294079226833883,0.001144070968060379,0.0006934171974916595,0.0008795718323471053,0.0009546345028482611,0.001638717565525885,0.0018390144929671508,0.0024074320456036625,0.0013004831153979298,0.00106724360038012,0.001022920316085694,0.0009361516842048962,0.0009380815350764969,9.640342002134666e-05,2.6782414182475008e-05,0.000244140625,4.704900928323409e-08,0.000244140625,2.6782414182475008e-05,0.00048828125,8.752625034740387e-06,0.000732421875,5.2494757298796105e-06,0.00146484375,4.708095287039079e-06,0.001708984375,4.507600132547632e-06,0.8999727817093087,0.8999727817093087,110.0,1000.0,30.3,13:24:02/scan-001,MEDICIONES_REALIZADAS_a_fecha_de_lunes_13_abril_2026_13_24_02,13:24:02,1,1.649487,147.483847
0.0016002575963657143,0.0007725928851188449,0.00015531040746355316,0.004471192835806763,0.0014204234888829789,0.000881284230259788,0.0024394546055396945,1.6396792345186175,2.912421857220248,-0.7922540775764393,2.154347023741592,-3.141471735283112,3.141572415515125,-2.1533286235904785,-2.6110544463502574,2.2926064436019935,0.6663588132644741,-1.4475502025791487,-2.830327811685291,0.6384641876058924,-0.19553792142083512,-0.607784040709915,-0.00012272228050301428,0.0014936495466001142,-0.0023914682931136812,0.004105828573061637,-0.0006648316245624769,-0.0015397882269173088,0.00231945804640746,1.088427496030412,0.2962351811630106,-0.000881177953509596,0.00036770365560751797,-0.002001905850329008,0.00017782445331798082,-0.0008691125304945542,-0.0013651155640589654,-0.0003956011026979846,-0.21648446066732668,0.2361895042961324,0.0009822821691952849,0.001062556687178083,0.0011033992393174614,0.0012817546327458889,0.0015111296345838184,0.0015751408014786506,0.0018388122129092909,0.001963162770508976,0.0019749220049346647,0.0010140345337868212,0.0007878752486163992,0.0009294007139549016,0.0008226438446510857,0.0008850958402493965,0.0010463137461429938,0.0011277273750976296,0.0010307644154491566,0.0009581016261654698,0.0009132735542027857,0.0008716721936090985,0.0008444491423330507,0.0009447809075495558,0.0011152376071951403,0.002069828734671194,0.002068749481318019,0.0020790693124925377,0.002812912269597002,0.0013992215797235205,0.001160130435015458,0.0009886990670876811,0.0009016481196256169,0.0009705680319337076,0.00010106679716010417,3.3552975306774693e-05,0.000244140625,4.93249376086404e-08,0.000244140625,3.3552975306774693e-05,0.00048828125,8.389266863930636e-06,0.000732421875,5.041503502409025e-06,0.00146484375,4.724003721511023e-06,0.0009765625,4.579168262997419e-06,0.9000408274360371,0.8999727817093087,110.0,1000.0,30.3,13:24:02/scan-002,MEDICIONES_REALIZADAS_a_fecha_de_lunes_13_abril_2026_13_24_02,13:24:02,2,1.649487,147.483847
0.0016409782093027756,0.0008122683038894996,0.00010695634911460082,0.004649820837873371,0.0014751591610659071,0.0008538401708526982,0.0024784180624849305,1.5819779388536437,2.964851353885524,-0.8527795146155281,2.1233644584717775,-3.141555670257699,3.14152730100708,-2.151805305923444,-2.6274865746593665,2.2345473250183714,0.715555957501544,-1.379085144654205,-2.8125643242309133,0.6379814708699225,-0.20614689129052963,-0.603758077697185,-0.00012977206124032597,0.0015496662943183658,-0.002357825326144338,0.004314046481598886,-0.0007034070727196316,-0.0015830982067308904,0.0023536724594217036,1.1236754302149186,0.3751993465402377,-0.000891025604165198,0.00037465064217673564,-0.0020060806836000133,0.0001406709769089783,-0.0008803418569729954,-0.0013975347302518253,-0.0004051454006430502,-0.22144471242880864,-0.17464863154113708,0.0008818201123025204,0.0010188301656622713,0.00115645569630375,0.0013004811673058268,0.0015685890997597387,0.0016027339847250312,0.0018469549417921012,0.0018432182257746054,0.0014414657676995524,0.000788560759413335,0.0,0.0005594173082630081,0.0005435601311773205,0.0005171832986886029,0.0007477997467561412,0.0005713870192993664,0.0010035100652809382,0.0010005632267858218,0.0007162236060569941,0.0008895379952589091,0.0008436868347788156,0.000570114085822893,0.0011475518350663988,0.0023403636860924604,0.0022431002912189205,0.002538339807569294,0.0026174469958807367,0.0015547040958176171,0.0010835743292217717,0.0009451321932911666,0.0009323679280905431,0.0009077858601547061,0.0001030787362139094,3.6629162802835684e-05,0.000244140625,5.0306850275212e-08,0.000244140625,3.6629162802835684e-05,0.00048828125,7.187995072436085e-06,0.000732421875,5.1634178006140165e-06,0.001220703125,4.8467218068652325e-06,0.00146484375,4.652428434383231e-06,0.9000408274360371,0.8999727817093087,109.0,1000.0,30.3,13:24:02/scan-003,MEDICIONES_REALIZADAS_a_fecha_de_lunes_13_abril_2026_13_24_02,13:24:02,3,1.649487,147.483847
0.001673963465632126,0.0008162195296881054,0.0002803760768507939,0.004891309814337254,0.0014920890666172283,0.0008623585720320506,0.0025225214376635875,1.6325815489953917,3.1917529652874403,-0.8112651056150753,2.1309041524037537,-3.141479730411096,3.141307815400161,-2.1019542072189337,-2.6273801434308224,2.2697559091715918,0.6991844731912671,-1.391929791322526,-2.791846442070183,0.63217246340188,-0.21661983349214167,-0.5939005566771581,-0.0001622829611401935,0.0015737049236779518,-0.0024633624272101637,0.004576599499425889,-0.0007409309472136065,-0.0016484351969183323,0.0023547084480483875,1.129002664203916,0.4036541977482093,-0.0009009214589036511,0.00039221529118543233,-0.0021498364390830174,0.00024204378201861328,-0.0008662228741304662,-0.001462023101470209,-0.00041054019319976596,-0.4114753205015282,-0.0040788616207967365,0.000872190083605689,0.0010068810526463895,0.0012138924932393756,0.0013330469061290282,0.0015765502758145335,0.0016037099282950823,0.0018873704541165753,0.0020874366886041735,0.0008087666414412214,0.0006762337277582154,0.0006394164372285653,0.0004780506962633636,0.0007192152881705182,0.0005461089218132335,0.0007180515689039781,0.0,0.00047090412106017384,0.0006093111203472341,0.0007849800906353168,0.000743383651654089,0.0014140601972336291,0.0005918692493065126,0.0005639999258647859,0.0010988075366889364,0.0021329361705005,0.002458437828584829,0.002829574642172785,0.0016690221037495437,0.0012855580448342238,0.0010154937777026394,0.0010783566011283439,0.0010152129286935846,0.00010150611889645303,3.3307378346004454e-05,0.000244140625,4.953934548387166e-08,0.000244140625,3.3307378346004454e-05,0.00048828125,7.228658870712892e-06,0.000732421875,5.412086268829125e-06,0.0009765625,4.6058952783062366e-06,0.001708984375,4.214601619790854e-06,0.9000408274360371,0.8999727817093087,109.0,1000.0,30.3,13:24:02/scan-004,MEDICIONES_REALIZADAS_a_fecha_de_lunes_13_abril_2026_13_24_02,13:24:02,4,1.649487,147.483847
0.0016780227994851163,0.0008381551590740425,7.170753236394615e-05,0.004813911427891474,0.00149856249557505,0.0008297781129751867,0.0025944363676745387,1.371389221582126,2.193818066860584,-0.8041465215084329,2.1374560641078486,-3.1406632879499337,3.1414164736037558,-2.150793498756695,-2.613541740309122,2.245454413705201,0.6790115472053301,-1.4279384725972912,-2.8204963557075504,0.6309527305922064,-0.19913310863539707,-0.5987047296347042,-0.00014148016608634187,0.001596608030219207,-0.00262155102074013,0.004521642063986939,-0.0006797848495646928,-0.001709404110577591,0.0024992825172319663,1.080620806701482,0.29702180894993324,-0.0008987208911497455,0.00037603041418780424,-0.0019824345266600493,0.00015697168584859428,-0.0009044005810717598,-0.001405049937188273,-0.00038835705299559536,0.039287641875929355,-0.38859806234189076,0.0009360650440002297,0.000990206433837125,0.0011680556033009369,0.0013355743121712218,0.0016274110085209056,0.0015993318629194053,0.0020498182112180033,0.0020567008775497775,0.0009988842436177412,0.0006691415127213226,0.0008519290953520652,0.0008960188745418478,0.0008686708722718362,0.0007152725925823555,0.00036246866322371495,0.0008189756526378091,0.0007787022454520626,0.0006950520078037517,0.0006513118229932962,0.0006486191634458713,0.0005249215581194749,0.0008874478213536594,0.0006004823074806588,0.0007339096212508129,0.002220624871123509,0.002854407036543403,0.002582797445959187,0.0013753231266755489,0.001062460668983875,0.00095349770677566,0.0008849370418005826,0.0010225934410772479,0.00011179180088183133,4.004145319912794e-05,0.000244140625,5.45592000399372e-08,0.000244140625,4.004145319912794e-05,0.00048828125,9.283096957502513e-06,0.000732421875,5.182448613797192e-06,0.0009765625,5.069570458008561e-06,0.001220703125,4.926602815494614e-06,0.8999727817093087,0.8999727817093087,109.0,1000.0,30.3,13:24:02/scan-005,MEDICIONES_REALIZADAS_a_fecha_de_lunes_13_abril_2026_13_24_02,13:24:02,5,1.649487,147.483847
0.0016692673271329638,0.0008350849490879927,0.00013079582613538732,0.005008160735927058,0.0014727388428946346,0.0008569098712898057,0.002565148678581027,1.5272951971843352,2.7229094561814042,-0.8407801041531601,2.144647728138338,-3.141578053654945,3.141567548780896,-2.1272992654777303,-2.653713710250613,2.3147983352485952,0.7108541148732771,-1.3843457897735696,-2.814227944411408,0.6482081786398335,-0.20843056806959076,-0.6137837902305322,-0.0001447612524615579,0.0015741283622731715,-0.002340412168279926,0.004625332487072272,-0.0006728065145704698,-0.0017131029786576582,0.002442733460177728,1.122082318455178,0.40611293860586084,-0.0009163701025552299,0.00038112611963097475,-0.002092866212275339,0.00019398952909273738,-0.000891097794057551,-0.0014429837217183048,-0.00044710722123078887,-0.24329248334413925,0.2327242795158475,0.0009631742629823384,0.001095100779256877,0.0011359843793034333,0.0013101673835788845,0.001598381909452988,0.0016873300700194767,0.0019694263929244883,0.0018496982889075577,0.0005803383650535071,0.00034436461218423006,0.0007028197355617632,0.0009491761985719134,0.0006068676854391506,0.0004376312883579245,0.0007126437886818837,0.0009115745726165282,0.0007084427090746746,0.0006584516305606511,0.0004382972285017499,0.0006263674073658859,0.0007819140811225608,0.0007110058233257204,0.0,0.002184259876457191,0.0023114833010251155,0.0027161692601199274,0.0028807700694203986,0.0015789854367297563,0.001087502952949384,0.0009970648688010589,0.0009108133633951854,0.0009451801893905118,0.0001110206899941479,3.923121278014607e-05,0.000244140625,5.418286480924739e-08,0.000244140625,3.923121278014607e-05,0.00048828125,8.962215988382197e-06,0.001220703125,5.796323977055174e-06,0.00146484375,5.255190765516353e-06,0.000732421875,5.242827712678347e-06,0.8999727817093087,0.8999727817093087,110.0,1000.0,30.3,13:24:02/scan-006,MEDICIONES_REALIZADAS_a_fecha_de_lunes_13_abril_2026_13_24_02,13:24:02,6,1.649487,147.483847
0.0016901182273123651,0.0008164565025962794,9.037576336379642e-05,0.004886069676519397,0.0015179681215552604,0.0008649160218023517,0.0025014524356944514,1.589867491173188,3.065882318673399,-0.8722315268634216,2.1195847805713797,-3.141445323643751,3.1413454316645595,-2.1522856722937123,-2.683030092429139,2.2564536025032234,0.7161786983576847,-1.371452099306958,-2.8264418866802696,0.6330738533825649,-0.19622745532255104,-0.601894749615151,-0.0001431519176838933,0.0015881156884161784,-0.0026868566671294208,0.004591836444989073,-0.0006685955185126101,-0.0016815156057718903,0.0023950185879382346,1.0959730510818428,0.3556605164652349,-0.0009099401276291567,0.0003905295570459801,-0.002093812762276687,0.00021712430112854968,-0.0009258002136564988,-0.0014282045411891074,-0.00039067888532279813,0.0034867572744110556,-0.14138979985733258,0.0009920390686655697,0.0011143840776062512,0.0011801479111817866,0.0013676649170578574,0.0016562449056600752,0.0016258216749566155,0.0019873722690238256,0.002285576416029415,0.0008090825691582516,0.0006545138405498258,0.0008549079074999201,0.001062278780971539,0.0007635714454082368,0.0011983847186051097,0.0010578284839519666,0.0009088412927119042,0.0007141122149188177,0.0010681593942860911,0.000973258487955712,0.0008940781651569458,0.0008129595728639241,0.0009488231211869937,0.0009998382199833643,0.002387578979124285,0.002117395793241419,0.0025968507598496835,0.0028435388581149294,0.0015247579032002313,0.0011094267590563151,0.0009572434576661209,0.0009020372128269652,0.0008931635442608064,0.00010265852461840629,3.6916171845574205e-05,0.000244140625,5.010176896945158e-08,0.000244140625,3.6916171845574205e-05,0.00048828125,7.407052519397566e-06,0.000732421875,5.025186392342686e-06,0.001953125,4.533390259720665e-06,0.001708984375,4.458229520047018e-06,0.8999727817093087,0.8999727817093087,110.0,1000.0,30.3,13:24:02/scan-007,MEDICIONES_REALIZADAS_a_fecha_de_lunes_13_abril_2026_13_24_02,13:24:02,7,1.649487,147.483847
0.0016838308599699476,0.0008127785614119939,0.00016538618922394847,0.005009011866554813,0.0014858996372215313,0.0009337907355124762,0.0025288152535047166,1.6764815037037417,3.2145695368100817,-0.7901649947872854,2.1398518257443544,-3.141442193566521,3.141515971657185,-2.1022141062690443,-2.6610504208693726,2.2632825079319185,0.6658974758280422,-1.4405407256757254,-2.8170725055517933,0.6272510957303478,-0.20000153157414424,-0.594510996082426,-0.00013993082745914813,0.001596894410948278,-0.002540912769710505,0.004626904703520963,-0.0006995032794753815,-0.0016716700864101226,0.002423791858756945,1.077569706211483,0.3106220930416872,-0.0008930330943481121,0.000358806866518186,-0.002111055061446079,0.00020047116030884218,-0.000889079474302721,-0.0013474216402869865,-0.0004333629884622415,-0.15324493635847222,0.028038877021636655,0.0009963307729099948,0.0011128689093159564,0.0011972489308256556,0.0013009420439807505,0.0015783701343723656,0.001641717887497736,0.001995539456299137,0.002037070746324457,0.0008218988605939732,0.0010244597925211508,0.0009235358156494801,0.0,0.0006661067136092408,0.000726886549688547,0.0007945188756411062,0.0009250350676744374,0.0008483068279391411,0.0007536572148972994,0.001066924654599136,0.0007032186733907004,0.0006404514630417772,0.0009578890767277839,0.0005604484525887062,0.002384285287034098,0.0024052099393941408,0.002578450905227102,0.0026436718857953895,0.0013231418272987865,0.0010924710635212313,0.0009179357518490666,0.0009442320244646372,0.0009842526084361712,0.0001122203642080204,3.844890456870183e-05,0.000244140625,5.476835734896066e-08,0.000244140625,3.844890456870183e-05,0.00048828125,9.078572101946897e-06,0.00146484375,5.583976073204416e-06,0.000732421875,5.409115420809311e-06,0.001708984375,5.0931178055412054e-06,0.8999727817093087,0.8999727817093087,110.0,1000.0,30.3,13:24:02/scan-008,MEDICIONES_REALIZADAS_a_fecha_de_lunes_13_abril_2026_13_24_02,13:24:02,8,1.649487,147.483847
0.0016451722112144967,0.0008468824420019264,0.0001860912514932044,0.004925606860539551,0.0014774236440499113,0.000811443595041448,0.0024355692710484964,1.6784902942814892,3.333399771458441,-0.8273037410845719,2.1230814449109667,-3.1413426822865675,3.141566255840093,-2.1308788766211624,-2.606133924495177,2.266977285269188,0.7017533565450488,-1.4007651241373538,-2.8069250608130947,0.6330181784947532,-0.20791812692193015,-0.5978980404735336,-0.0001396811282484376,0.0015713372948452805,-0.0024290011553635567,0.004684544622566206,-0.0007146808835044699,-0.0016030864759356866,0.002294443635617078,1.177531398501425,0.5665338349464277,-0.0008847495471049682,0.0003904035861611101,-0.0020694820060277916,0.00017432969677018978,-0.0008671246477115076,-0.001424379142238911,-0.00038084160215010244,-0.3395483686923445,0.09553681942300063,0.0009033211148292438,0.0009630799660387623,0.0011069950594265673,0.001306809025311415,0.0015634906364925723,0.0016371275386813581,0.001899680141507678,0.002045950095187853,0.0009711164794673744,0.0008342517772206119,0.00046954756342325814,0.001022260495931999,0.0006533703005579002,0.0006707738818745388,0.0009842581443217497,0.0008349412294917385,0.0005075986605563947,0.0008866971055799925,0.0008505125040283319,0.0010735227306999389,0.0004915705871377637,0.0007005134104779313,0.0006884099731615614,0.002053264985852456,0.002096725535424809,0.002661701566337443,0.002772898168251504,0.0014294558719631996,0.0011371391937715907,0.0009429768735583243,0.000927344958544002,0.0009229228550496187,0.00011017414999205111,3.866116777090315e-05,0.000244140625,5.376971693121089e-08,0.000244140625,3.866116777090315e-05,0.00048828125,8.046269507698172e-06,0.000732421875,5.246292904503223e-06,0.001220703125,4.951572354459886e-06,0.0009765625,4.67411880833864e-06,0.9000408274360371,0.8999727817093087,109.0,1000.0,30.3,13:24:02/scan-009,MEDICIONES_REALIZADAS_a_fecha_de_lunes_13_abril_2026_13_24_02,13:24:02,9,1.649487,147.483847
0.0016789712801740587,0.0008317549428768495,0.00010793563111068273,0.0047215512607920685,0.0015281034538903687,0.0008064636428908864,0.002584955906008613,1.4588429385023622,2.5421005016115705,-0.8177285687334089,2.1167843020070634,-3.1414189445065026,3.1407458320120103,-2.1047670374838443,-2.62563989043187,2.2418316760714525,0.6891657875938525,-1.404219439110182,-2.803881276092253,0.6196958626784521,-0.20532296949478662,-0.5846926033555014,-0.0001666257735704506,0.001600970625517386,-0.002670820581651302,0.004332146703939068,-0.0007298653383626591,-0.0016753561260211705,0.002430970344801673,1.0742673543079417,0.28795237800980233,-0.0008816276250620113,0.00037766384416055345,-0.0020682797539326096,0.0001489424527279859,-0.0008645280106087273,-0.001410099676543491,-0.000398854327935573,-0.22559121046269043,-0.08883963753353719,0.000928531802445115,0.0010166009871780022,0.001139216794316345,0.001332901256795174,0.0015937861886244236,0.0016503473105224029,0.0020831374890001525,0.0022090437767234065,0.000734015177531572,0.000902099371225457,0.000659058743292568,0.0006269358671845721,0.000567357403515779,0.0010900912220496467,0.0007293207413414943,0.000919394089741838,0.0005251239513442719,0.0007862029471634686,0.0008219283472984734,0.0010642990461453383,0.0006905251726058904,0.0007123223715578625,0.0009559552617598183,0.0009220307407399658,0.0020254999453919566,0.0023480448959892417,0.002944948988091862,0.0013321875841935025,0.0011035105993341125,0.0009222291464398793,0.0009543103726911895,0.0008427139121225137,0.00010998043394211597,4.072345227610565e-05,0.000244140625,5.3675175179168355e-08,0.000244140625,4.072345227610565e-05,0.00048828125,8.268049809046164e-06,0.000732421875,5.686807169386482e-06,0.001220703125,5.263545537785996e-06,0.0009765625,5.239377944529315e-06,0.8999727817093087,0.8999727817093087,109.0,1000.0,30.3,13:24:02/scan-010,MEDICIONES_REALIZADAS_a_fecha_de_lunes_13_abril_2026_13_24_02,13:24:02,10,1.649487,147.483847
0.001672346489561985,0.000840276157173635,1.96748353046462e-05,0.004882353534844379,0.0014549742652633724,0.0008876000546648267,0.0026499034313875016,1.5377853113489581,2.6782221088423768,-0.8027994030297962,2.1567319576483426,-3.141544208571155,3.1415906893923644,-2.152439239201037,-2.6281567245339588,2.2983247888067107,0.6729175128999415,-1.4409393466017155,-2.8334043108104705,0.643187129809545,-0.19509977538056242,-0.612883154931749,-0.00012847596959935989,0.001593135294085922,-0.0026466061906099,0.004576126338947369,-0.0006823390992689695,-0.0016597591617603389,0.002533587069658619,1.0957874281563942,0.4204886011195601,-0.0009080578599293177,0.00035165150824263236,-0.0020492756317262747,0.00023606117720113376,-0.000906577548468863,-0.0013745132353168619,-0.0004636488124899329,-0.15210501393100015,0.2619566559099331,0.0009344261032341691,0.0009904135787622283,0.0011773982230103305,0.0013182504198688413,0.0015520615228765671,0.0017025521041627517,0.0021303477068022113,0.0023511526214084824,0.00037456690864152655,0.0006100344112107614,0.0006017869811224787,0.0003969206430616892,0.0006379904493744575,0.0007538825513942854,0.0008449311610649012,0.000734466352044837,0.0007893653180665972,0.0007371845370863539,0.0008209673307229231,0.0006435057540831492,0.0007542145885380928,0.000627426565617614,0.0005244262598984863,0.0023242465858810788,0.0023370511903064825,0.003025767504740241,0.0024489504232453794,0.0014156071407179364,0.0010481027649503496,0.0009417855879869257,0.0008822550129869259,0.0010168928343570903,0.00010734450921981776,4.018090704590679e-05,0.000244140625,5.2388730707573333e-08,0.000244140625,4.018090704590679e-05,0.00048828125,8.071884168824513e-06,0.000732421875,5.022471183087543e-06,0.001220703125,4.809342226801392e-06,0.0009765625,4.586124527832438e-06,0.8999727817093087,0.8999727817093087,110.0,1000.0,30.3,13:24:02/scan-011,MEDICIONES_REALIZADAS_a_fecha_de_lunes_13_abril_2026_13_24_02,13:24:02,11,1.649487,147.483847
0.001674238087078141,0.0008326819177777637,2.9025314896442296e-05,0.004890978566601528,0.001506697039043864,0.0008801589732657813,0.0025936949489062697,1.6132854072291503,3.2042718613248216,-0.7747486061828416,2.1127082680564833,-3.1415818357363716,3.141493637053016,-2.083033749922821,-2.572299282661901,2.193765048491676,0.6590457189822457,-1.4528961474232274,-2.802560047211885,0.6092638788551905,-0.202625886613248,-0.5745826521501213,-0.00013876931203030823,0.0016012151173774977,-0.0023378935668992144,0.0045907912050924355,-0.0007276967711303987,-0.0016657436527553957,0.0024784233240703548,1.128627761085884,0.3536943920864313,-0.0008752329477843512,0.00038374506047607,-0.00212737538474504,0.0001857982182357941,-0.0008598892081708338,-0.0014128938143236494,-0.0003906997486242996,-0.3017323830530693,-0.17548987812888006,0.0010028301518648264,0.0010548687984508675,0.0011926781389212417,0.0013259894169248936,0.001589685813488599,0.0015810550739576731,0.0018395394638114626,0.0020629142862208082,0.0008870389913146001,0.0008164020190301626,0.0007457672618254818,0.0008810485958009838,0.0006545465195830302,0.0008071369275254044,0.0007409112136158541,0.0008524976031401255,0.0009581597434002924,0.0007206319022918782,0.0006649986224421401,0.0007796897619259006,0.00093747894888073,0.00025176554322577896,0.000398411453601452,0.0008277290838312641,0.00215649782171001,0.0024261691952859386,0.0026553934470549133,0.0014145358931789954,0.000996303866076317,0.0010294809549519304,0.0009315347355981506,0.0009018104044094006,0.00010451219161292279,3.92047617057665e-05,0.000244140625,5.10064380736568e-08,0.000244140625,3.92047617057665e-05,0.00048828125,6.143130628709419e-06,0.0009765625,4.652554643047683e-06,0.001220703125,4.5959388864486455e-06,0.00146484375,4.44279963801511e-06,0.8999727817093087,0.8999727817093087,109.0,1000.0,30.3,13:24:02/scan-012,MEDICIONES_REALIZADAS_a_fecha_de_lunes_13_abril_2026_13_24_02,13:24:02,12,1.649487,147.483847
0.0016959134644835712,0.000843655668969621,0.00011265673385633217,0.004781101090193331,0.001518455841962037,0.0008464937548768777,0.0025941938345778975,1.4809799956773173,2.5492549605329122,-0.8349215967198858,2.1331424244548414,-3.141580882301654,3.1415630781324584,-2.111928715752784,-2.668283937160623,2.2759529823593345,0.7014780087062233,-1.3952721827045649,-2.814677172138561,0.6371102743469,-0.20459102152066913,-0.6033672311217368,-0.00017377931800339688,0.00160652236113075,-0.0026572547723594376,0.004355016426914666,-0.0006675016895382148,-0.0017473232709218347,0.002412300429864332,1.098366078831489,0.407989383953272,-0.0009176802954121805,0.00036692544357815553,-0.00220612066077759,0.00018630692150077956,-0.0009018502933627211,-0.0014199121022199345,-0.000464917514589643,-0.24980945889748132,0.023569627893252232,0.0009176211153264537,0.0011234644383650758,0.0011858181799987563,0.001338427655055892,0.0016497368454256728,0.0017396753689799503,0.0020316712170038846,0.0023881834376930436,0.0007905749936831548,0.0006932648843150974,0.0008795534907239952,0.0007760063889009575,0.0008093134517674498,0.00047684210419310954,0.0007634569609870001,0.0008531391284170322,0.0009220421952463354,0.000672610224924122,0.0009887552944069444,0.0006807956120847021,0.0005777000636510851,0.0007319521565352455,0.0005043425230394416,0.0008787369590459945,0.0020687263344382157,0.0026820754581582027,0.002660057341250311,0.0015479626316191946,0.0010692176420431883,0.0009478142256146188,0.0008724659290178005,0.0008751862155715425,0.00010914452139138338,4.217620106405985e-05,0.000244140625,5.3267213953823025e-08,0.000244140625,4.217620106405985e-05,0.00048828125,7.957766132430692e-06,0.000732421875,5.478547501176582e-06,0.0009765625,4.432045209273647e-06,0.002197265625,4.231642536563924e-06,0.8999727817093087,0.8999727817093087,110.0,1000.0,30.3,13:24:02/scan-013,MEDICIONES_REALIZADAS_a_fecha_de_lunes_13_abril_2026_13_24_02,13:24:02,13,1.649487,147.483847
0.0016700272678460426,0.0008400837137633917,0.0002069869607357421,0.004962789387383679,0.0014795577864299366,0.0008221223710765225,0.002605815794006999,1.5451377141458411,2.7816250033448835,-0.8457215171776566,2.107540323255897,-3.1414187206665662,3.141574872437826,-2.142282955184418,-2.583588265253569,2.208793336043229,0.7175897723942402,-1.3744783000702103,-2.7979350715964477,0.6279296395309069,-0.2115702525660921,-0.5912137180669395,-0.00016590421299359786,0.0015950383578472596,-0.002600234226930557,0.004568789891397084,-0.0007254665550811699,-0.001688626407276589,0.0024627647975901516,1.1177138654503425,0.43125263208316067,-0.0008829385281699284,0.0003787967859986312,-0.002124345763349792,0.00024699617427410803,-0.0008853054920955311,-0.001400330082482907,-0.00038959481339717833,-0.1534851442022568,0.12208758443648593,0.000894078639236919,0.0009840686199521626,0.00112241128938412,0.0012801226865759479,0.0015879804985747103,0.0017040905689957907,0.002082172649024539,0.002249478753238508,0.0007581261108759813,0.0007631935760450652,0.0007455573576209404,0.000633694455861212,0.0006458115297044728,0.0007399106113179161,0.000933104376176957,0.0007259229894823465,0.0007565781130519719,0.0008352678280222348,0.0008129655774566558,0.0006910734929531465,0.000852718618533333,0.0007299718072738499,0.0007212580631142627,0.002318644998927001,0.0021639242650789755,0.0025338893244748113,0.002652245736830727,0.0014880560468273065,0.0011228467618989203,0.0009351528806084273,0.0008560283265614804,0.0008002424389850358,0.00011187508064811902,4.3175712336692134e-05,0.000244140625,5.459984414256663e-08,0.000244140625,4.3175712336692134e-05,0.00048828125,9.252961270691966e-06,0.001220703125,5.139276284709244e-06,0.000732421875,4.93083652547407e-06,0.00146484375,4.619056998620512e-06,0.9000408274360371,0.8999727817093087,110.0,1000.0,30.3,13:24:02/scan-014,MEDICIONES_REALIZADAS_a_fecha_de_lunes_13_abril_2026_13_24_02,13:24:02,14,1.649487,147.483847
0.0016959677611819,0.0008344838825044467,0.00016429417841087618,0.004803265920157708,0.0014881491353925871,0.00089928724930846,0.002609136358774106,1.5606738678397432,2.7188210811588087,-0.8123168001954493,2.1333676622366218,-3.141468782294179,3.1415415992017754,-2.1117996936997923,-2.6406840757723673,2.3101786044501273,0.6894410901362816,-1.4061262714314187,-2.807000817640171,0.6301152148662245,-0.2069195456220059,-0.5951718118707326,-0.0001740778095736383,0.0016126553648462376,-0.0026693561764860488,0.004499470661399086,-0.000697489567196439,-0.0017612525314131026,0.0024114460046095556,1.101068257834392,0.4351276419900225,-0.0009003293929523908,0.0003621106836630364,-0.0019501432243582487,0.00020651182559893854,-0.0008900703245658835,-0.001411647956301077,-0.0004350814082000399,-0.1641148845730532,-0.007887937388199706,0.001021881469435264,0.0010986943587105698,0.0012385953529661738,0.0012609495632591777,0.0015939111173820827,0.0017597974641877744,0.0020396187809609448,0.002176140835043005,0.0008026243434109146,0.0008481830917181012,0.0010357863202243662,0.0007773863338090062,0.0008875853309085531,0.0008489088807428687,0.0007209975040243047,0.0011241150960680294,0.001019052790636305,0.0008120886193060368,0.001019022229858934,0.000733985549786304,0.0007745091946676296,0.0009898386438852637,0.0009288964436918772,0.001791993271440915,0.002161916319989719,0.0027606429520316005,0.0025535912958290583,0.0014064695193977482,0.0012740578495541181,0.0009812577772385894,0.0008845127998129891,0.0008843939371055121,0.00010673658143410788,3.857621302335609e-05,0.000244140625,5.209203583899848e-08,0.000244140625,3.857621302335609e-05,0.00048828125,8.313232321826836e-06,0.000732421875,5.006962913149439e-06,0.001708984375,4.801154866731387e-06,0.001953125,4.519193879282587e-06,0.8999727817093087,0.8999727817093087,110.0,1000.0,30.3,13:24:02/scan-015,MEDICIONES_REALIZADAS_a_fecha_de_lunes_13_abril_2026_13_24_02,13:24:02,15,1.649487,147.483847
0.001653721535278554,0.0008323831626365128,0.0002053645902792156,0.004850218453370534,0.001466606301435781,0.000821092821937384,0.0025098262085035132,1.4717205614696267,2.5794851249488167,-0.7982638980989666,2.128925677192748,-3.1412877997827944,3.1415706980345903,-2.1136518259485255,-2.5846872236354983,2.2825803026285967,0.6915039773412384,-1.4132371172725167,-2.7917051325429076,0.6320634895742986,-0.21666639976382732,-0.5937675690589885,-0.0001733697381859401,0.0015727604317637496,-0.0025072094074451647,0.00451303137072738,-0.000706390921735205,-0.0017537248268393137,0.0023722778670245974,1.0956632954222032,0.36508201656643857,-0.0008802082843114348,0.0003863478381059569,-0.002131857254517623,0.00019633597727169473,-0.0008526496657018606,-0.001441693397448363,-0.00039520410615553664,-0.35441296209752404,-0.02741113179682264,0.0008885038527389156,0.0009644739202156428,0.001116276351779311,0.0012541517014782063,0.0015965045106829808,0.0016474742616974579,0.0019385830891479772,0.0021285561324654004,0.0005055930225246742,0.0007940656062276198,0.000716181746329217,0.00040127715367701313,0.0010736082804367402,0.0008215271796789964,0.0004795524921606614,0.000924863331043819,0.0007924888986047483,0.0008315510517116796,0.0005075902346966862,0.0009987592409817282,0.0004013780412895406,0.0006846375650068269,0.00047524553777423466,0.0014460212817876158,0.0021683699718303335,0.0023749788418357272,0.0028047027821760974,0.0014422799301539028,0.0010693042289217222,0.0009509429696391755,0.0008373703837466068,0.00088065642281223,0.00011444348886069326,4.325828090103253e-05,0.000244140625,5.585333765773219e-08,0.000244140625,4.325828090103253e-05,0.00048828125,1.1636465268247422e-05,0.000732421875,5.531803666237213e-06,0.001708984375,4.4932815747102965e-06,0.0009765625,4.467705670736818e-06,0.8999727817093087,0.8999727817093087,111.0,1000.0,30.3,13:24:02/scan-016,MEDICIONES_REALIZADAS_a_fecha_de_lunes_13_abril_2026_13_24_02,13:24:02,16,1.649487,147.483847
0.001657305787449635,0.0008010553638236576,0.00011335103028356687,0.0046243650808887055,0.0015120473331084437,0.0008635953059695204,0.002552386222468351,1.5044927300282473,2.7739955307904776,-0.8341671526151881,2.107476934896356,-3.14141706047573,3.14148144678045,-2.1001828489841996,-2.641196900973855,2.172167172323909,0.6889421230989249,-1.4028259387655717,-2.814662470411782,0.6132148092715107,-0.19692616619959352,-0.5807344379110173,-0.00014744916935372212,0.0015680541619520964,-0.002375178470100303,0.0043428249638242655,-0.0006883238684100154,-0.0016913091899320725,0.0024943779633130065,1.0639775999833674,0.19316019664568795,-0.000869722799108102,0.0003891096301517701,-0.0021773666279843095,0.0003073068400006831,-0.0008707422329591128,-0.0013641761684123695,-0.0003582597768490074,-0.1417104019989325,0.058853279092074384,0.000911362699565433,0.0010246680191441768,0.001184768737419054,0.0013043724523153072,0.0015836490799595929,0.001684646878483217,0.0018682781587148053,0.002024148612671163,0.0010480952083025351,0.0,0.0008682197967407847,0.0005263945264830626,0.0008235084640382147,0.0005702270847291977,0.0008678777737110695,0.000789183928330559,0.000843127935506509,0.0007681281330068182,0.0004982329836805396,0.0003206715961881317,0.0003154410534237095,0.00043799326054380953,0.00040829652599556627,0.0017216889602042894,0.0021091860419481913,0.0021693322787602652,0.002778103447418035,0.0014277114261341754,0.0010400306802318211,0.0009779830752557539,0.0009351192129547819,0.0008332206950695726,0.00011093970345533961,4.0896567886051426e-05,0.000244140625,5.414333990011694e-08,0.000244140625,4.0896567886051426e-05,0.00048828125,9.97651696857462e-06,0.000732421875,5.949407552307865e-06,0.001708984375,4.338579650099504e-06,0.0009765625,4.2456883199348274e-06,0.8999727817093087,0.8999727817093087,110.0,1000.0,30.3,13:24:02/scan-017,MEDICIONES_REALIZADAS_a_fecha_de_lunes_13_abril_2026_13_24_02,13:24:02,17,1.649487,147.483847
0.001652900760949791,0.0008073065672888187,0.0001659399257387112,0.004669104033929706,0.0014526777747772206,0.0008474410010183965,0.002487253177954443,1.510991621344362,2.6916969999194214,-0.8108274684300998,2.1289622320764194,-3.1413973079586346,3.1411904186058845,-2.10248100626733,-2.653120883011253,2.2387564015432435,0.680852206489427,-1.4204406201326416,-2.814983156000658,0.6256745669133112,-0.2007374319752326,-0.592598639119386,-0.00015208754697626452,0.001563748740460691,-0.0024283877920717057,0.004417176503688976,-0.0006931655255067204,-0.0017043015304177625,0.002353334765345991,1.0724056072162973,0.27765884171280053,-0.0008823899472708257,0.00036983662214204043,-0.002011077938037109,7.825495508301033e-05,-0.0008701009358391746,-0.0013775108613702331,-0.00040354937156665587,-0.22113525932153888,-0.2819398026238118,0.0008318423044586314,0.0010612007065014342,0.00116451706415977,0.0013381914884354443,0.0015832684840966361,0.0016394189226233524,0.0019160556152503503,0.0020238210113132024,0.0007020148555756523,0.001063184485870742,0.0005190825121717049,0.0007919823712947134,0.0008151648800780227,0.0007041803238724374,0.0005883061520533345,0.0008445779650857695,0.0005848719782627267,0.0008090474452943597,0.00046187592505580804,0.00039512009503333954,0.0003522226194508952,0.000558883100307872,0.0005813152416425843,0.0009235465725408428,0.0020478863736071618,0.002434229316365833,0.0027259369764623385,0.0013243865667511637,0.0012179717117101912,0.0009605724979543288,0.0008844210229878482,0.0008981626247703559,0.00010418461884010313,3.687145009355895e-05,0.000244140625,5.0846568491997625e-08,0.000244140625,3.687145009355895e-05,0.00048828125,8.74086223502014e-06,0.000732421875,5.683220798748009e-06,0.001220703125,4.70544805641772e-06,0.0009765625,4.702978142002016e-06,0.9000408274360371,0.8999727817093087,110.0,1000.0,30.3,13:24:02/scan-018,MEDICIONES_REALIZADAS_a_fecha_de_lunes_13_abril_2026_13_24_02,13:24:02,18,1.649487,147.483847
0.0016343543129736344,0.0008332188999711385,8.869643913719473e-05,0.004969911013666636,0.0014332439374146462,0.0008544211961494821,0.002448185565914563,1.8006776836137415,3.8001358795351416,-0.8107561612555362,2.1258559781542017,-3.1413446762127433,3.1414411035253904,-2.098920195941554,-2.597147522262114,2.236745993969417,0.6877691915016025,-1.4154427410717292,-2.8058478666094295,0.6280026073431516,-0.20690956589104165,-0.5929381977681799,-0.00014942499413995845,0.001569214456711053,-0.0024963245063576393,0.0046371163642560005,-0.0007127642462592917,-0.0016692774267266376,0.0023246385703735383,1.1534096998529508,0.6103653058779344,-0.000864780992977987,0.0003643716176219381,-0.002239239837987144,0.00012882194036694042,-0.0008621549850191853,-0.0012879911498917104,-0.000399164118515835,-0.4201097008998039,0.7049745585057292,0.0008365302862317496,0.0010392095709317569,0.001145505521242421,0.0012931977053364807,0.0014776191410070735,0.0016798860393594202,0.0019386276128641978,0.0020996460774433995,0.0002818444892874685,0.0007083198978493531,0.000880227931394019,0.0006940403129717791,0.000780069356833731,0.0006794355813846446,0.0008332748943558563,0.0008479853285956112,0.0007161584457094065,0.0008167000193511488,0.0008311835397286496,0.0004909351943895854,0.0007746202484269584,0.0,0.00029772916511092764,0.0010161356913424087,0.0021967471662766684,0.0025837698676481943,0.0025642680624895432,0.0015138018377422655,0.001065476086111417,0.0008609657642779643,0.0008558085035716116,0.000837869355832341,0.00010619084625597312,3.9512054752715705e-05,0.000244140625,5.182569363395467e-08,0.000244140625,3.9512054752715705e-05,0.00048828125,8.307443957800571e-06,0.000732421875,4.894387864479578e-06,0.001953125,4.0881710528701854e-06,0.001708984375,4.07214027429904e-06,0.9000408274360371,0.8999727817093087,110.0,1000.0,30.3,13:24:02/scan-019,MEDICIONES_REALIZADAS_a_fecha_de_lunes_13_abril_2026_13_24_02,13:24:02,19,1.649487,147.483847
0.0016784123212960566,0.000811242237760773,6.914647334793177e-05,0.0048054377404740285,0.0014638026410675011,0.0009195102369510069,0.002581640850540046,1.5769660291498233,2.8025104209706395,-0.8188623196442696,2.1232535803968644,-3.1414112297540098,3.141484421084726,-2.0948854408366975,-2.619078591484038,2.2688424860470513,0.7006352829102872,-1.401378113544173,-2.795124715191577,0.6335326283926295,-0.21513358650554473,-0.5958868442878519,-0.00014906454837378832,0.001589835361613969,-0.002685863028254975,0.004441951071232897,-0.0007019192799353105,-0.0016899832969972247,0.002413912807583068,1.0263465304367059,0.19898862059128808,-0.0008944550050962181,0.0003540378427790701,-0.002092201572029805,4.9714999958658844e-05,-0.0008833149003270389,-0.0013201612375448445,-0.00044296558689948753,-0.47834481725380706,0.5602390648595281,0.0009209107308322995,0.0009824720783426792,0.0011761264884225249,0.0012573338164814855,0.0014714752660139714,0.001750570037589618,0.0019173043891341306,0.0021460034747003563,0.00033915091779240846,0.0006737487519923438,0.0007627127189635405,0.0009055361747843478,0.0007359930375216165,0.0004247587837182098,0.00039665516963766615,0.000709530054270478,0.0007616427489966185,0.0009453995402824676,0.0009115513539225971,0.0007270452312430554,0.0005321006627580685,0.0003791243455478,0.00021816532800482082,0.00023399301895511357,0.0023828320245021938,0.0025717993063313653,0.0027722722339417172,0.0015719803685172867,0.0012311772787972422,0.0010438068192468542,0.000937390441604596,0.0008469943979499167,0.00011073825288860552,4.130380985259643e-05,0.000244140625,5.4045023371696205e-08,0.000244140625,4.130380985259643e-05,0.00048828125,8.497105203642302e-06,0.00146484375,4.891675212863773e-06,0.000732421875,4.827812225614696e-06,0.001220703125,4.601329214052347e-06,0.9000408274360371,0.8999727817093087,110.0,1000.0,30.3,13:33:30/scan-000,MEDICIONES_REALIZADAS_a_fecha_de_lunes_13_abril_2026_13_33_30,13:33:30,0,2.061858,184.354808
0.0017063383935495625,0.0008151157209251899,0.0001706163081789812,0.004832844536568235,0.0015460134238847027,0.0009359905668688976,0.0026234759807617944,1.5799282421317704,2.9769917892682525,-0.8085387011768791,2.1183033471762736,-3.141588266218171,3.141557795481921,-2.062799796727623,-2.592767792077361,2.245827880771641,0.7039077443615223,-1.387867091851338,-2.777015051875314,0.6280162325126002,-0.22392213333084088,-0.5867395218526577,-0.00018281489513602815,0.0015975526268970739,-0.0023649930308512353,0.0044728573241079594,-0.000759759434400346,-0.0017423458790902064,0.0024839634249476067,1.0799258152972249,0.20834814055988016,-0.0009106891432434938,0.0004013248089458384,-0.002283374618257919,0.00018467070219311662,-0.0008565549562966349,-0.0014734770606427035,-0.00044486566253406344,-0.6536171828844621,0.5741627993451872,0.001019741459642702,0.0010421143644946647,0.0011689893601510319,0.0013307558753340922,0.0016053992053502188,0.0017044125644446468,0.0018440020058449113,0.0019363825093436017,0.0009721868181961707,0.0007154303885378008,0.0010547784228816272,0.0009602150218166036,0.0009638827245170175,0.0009496841632656499,0.0009757033656257155,0.0010727067348894562,0.0006746746506772923,0.0007644692002496802,0.0009705191026585223,0.0008398253979760882,0.0009038035576472401,0.00035074107111011856,0.00037163188650383115,0.0020733209758065914,0.0023375797162844152,0.001931947329288061,0.002986198166158525,0.0016248760378971125,0.0011814170499122568,0.001101533278126879,0.0009729543430547162,0.0009432879833331999,0.00011205447759098534,3.8446797810429724e-05,0.000244140625,5.4687397555385716e-08,0.000244140625,3.8446797810429724e-05,0.00048828125,8.517770687514498e-06,0.002197265625,5.181432723806464e-06,0.000732421875,4.919320805099905e-06,0.001953125,4.791029990370197e-06,0.8999727817093087,0.8999727817093087,110.0,1000.0,30.3,13:33:30/scan-001,MEDICIONES_REALIZADAS_a_fecha_de_lunes_13_abril_2026_13_33_30,13:33:30,1,2.061858,184.354808
0.0018073451746012529,0.0009384836753416317,0.00023828792971268878,0.005427174718338164,0.001583603988151796,0.0009246692273497933,0.002799150768416451,1.8029227386572115,3.6053189410003865,-0.7816432963532873,2.107107073278028,-3.14153178036194,3.1414454117785233,-2.0690817850759995,-2.6028465453392733,2.220289744313572,0.6718124542929464,-1.4336966286439665,-2.7859109159249353,0.6099131593928483,-0.212389762674965,-0.5717382711621097,-0.0001462947528297346,0.0017724730793177977,-0.0028623430972797743,0.005099195995244,-0.0007684811048759213,-0.0017892795155095118,0.0026947851148733143,1.142389009006274,0.5112860894739741,-0.0009111465664746914,0.0003924367942968705,-0.00224217232625544,0.00016704189196954384,-0.000888858974839213,-0.001394319498519084,-0.0004232413093837137,-0.5389832250111054,0.5448611612667436,0.0009214873369059708,0.0011163012179417247,0.001258402821887477,0.0013176491353527819,0.001603929725322606,0.0017683840897811164,0.0020518853998533204,0.0023562072159450656,0.0008065858374650543,0.0006646447315438038,0.0006981319735998694,0.0008918484537884998,0.0008637348822134088,0.0008154463089379601,0.0,0.0008223817183276397,0.0008989826885616905,0.0009022046944370688,0.0007736569617301756,0.0007156609641476721,0.000865188901337411,0.0009363173323734874,0.0007988141687645653,0.0023610410227181866,0.0025324093919601083,0.003119186895412837,0.0026748034541080956,0.0013534670278103813,0.0011549728275019302,0.00101359768079965,0.0009127390029737108,0.0009369688615008475,0.00011769908326703629,4.898332980718698e-05,0.000244140625,5.7442207548577985e-08,0.000244140625,4.898332980718698e-05,0.00048828125,9.130423760972104e-06,0.000732421875,5.13652447063675e-06,0.00146484375,4.666359378236945e-06,0.0009765625,4.5558851148332906e-06,0.9000408274360371,0.8999727817093087,110.0,1000.0,30.3,13:33:30/scan-002,MEDICIONES_REALIZADAS_a_fecha_de_lunes_13_abril_2026_13_33_30,13:33:30,2,2.061858,184.354808
0.001882050433274511,0.0009954086169706698,0.00017249641222492803,0.005650217487876218,0.0015960820893651225,0.0009533638234277362,0.003065993994511586,1.6810596514800349,2.9912768536353775,-0.7653038945222642,2.0818873796437742,-3.1415710627981874,3.1413650819959718,-2.0347597793448866,-2.5870284725436083,2.159373544566092,0.6516955425054536,-1.4538369224035632,-2.779059718758035,0.5852041048235823,-0.20753892929842124,-0.5471667361308025,-0.00010100112769124243,0.001892012065488162,-0.0029598115169688546,0.0053176164012995394,-0.00077661330985164,-0.0019078074821823057,0.002981379676860353,1.067001356410578,0.25921976944131053,-0.0008932921799177521,0.0003808955673217586,-0.002173718501637116,9.608461227111122e-05,-0.0008652874631998098,-0.001400955698425533,-0.0004098854510204183,-0.5207233709175444,0.3564291440437324,0.0010283131289849168,0.0011070308049414422,0.0011569083603716168,0.0013054037473806189,0.0015403478634354413,0.0018209151316990954,0.0020848457700467543,0.0024118734688472433,0.0,0.0010139436467099163,0.0009065192919943745,0.0,0.0009948406866206396,0.0009601577685531762,0.0007030466665887239,0.000800069810867708,0.0007593202649122904,0.0011741513102603806,0.000855571745602556,0.0006983770201891526,0.0007026617553227319,0.0,0.0008699534130679115,0.0016438773340759604,0.0026133191718155234,0.003315007186909605,0.0024377289434914405,0.0015711796739714494,0.0010971587053900855,0.0009986012338438197,0.0009604541201574556,0.0010638000225459618,0.00013067461983800655,5.532167814908309e-05,0.000244140625,6.377482666569379e-08,0.000244140625,5.532167814908309e-05,0.00048828125,1.0626329164320622e-05,0.000732421875,6.204142558957004e-06,0.0009765625,5.149428918459311e-06,0.00146484375,4.782320150867033e-06,0.8999727817093087,0.8999727817093087,110.0,1000.0,30.3,13:33:30/scan-003,MEDICIONES_REALIZADAS_a_fecha_de_lunes_13_abril_2026_13_33_30,13:33:30,3,2.061858,184.354808
0.0018521760855264348,0.0009843812505979034,0.00015834923153182172,0.005432886664133673,0.0015784990530211037,0.0009359817836778328,0.0030140978491862034,1.6350524890558427,2.840637301033687,-0.7676901796369047,2.063758915649685,-3.141459208759578,3.141556770567131,-2.0138844197282264,-2.524835231627648,2.16267210195596,0.6750556759914439,-1.4242831414406867,-2.742030247578609,0.5833442841296942,-0.22692982502503706,-0.5373950207630243,-0.000140216011547332,0.001857613960217006,-0.0029501815266662393,0.005066563030913149,-0.0008329403461401707,-0.0019097853330066886,0.0028812497319691626,1.0979968867377212,0.30177816528582335,-0.0008755961482231148,0.0004031309625810093,-0.0022366113473547577,6.400239618462889e-05,-0.0008384653768303482,-0.0014325613036218804,-0.0003951468445042547,-0.5966824893416152,0.17384444086087925,0.0009084607563027093,0.0009647853121321906,0.0012296064632734938,0.0013277266802971073,0.0015220850993985261,0.0018219316671491753,0.0018654961280543947,0.0022810739732807843,0.0012411454470919367,0.0007758191033563753,0.00048085091983599725,0.000541267073691007,0.0006296325439503166,0.0010111556273775912,0.0008660068205420163,0.0008980454140988095,0.0007106799650153023,0.0006149916781239167,0.0006752629040568791,0.0004878280512439404,0.00047390069626033804,0.0007606012198215315,0.0005210642173583882,0.002442367309305727,0.002521043877451818,0.003166672964371238,0.0027449469195017753,0.001377779898704053,0.0011795379020290984,0.0009658067361754422,0.0009224434630383363,0.000865985794597063,0.00012405387739624078,5.2663143871455196e-05,0.000244140625,6.05436200079262e-08,0.000244140625,5.2663143871455196e-05,0.00048828125,7.911297790558872e-06,0.0009765625,5.313598785680147e-06,0.000732421875,5.298903493998219e-06,0.001953125,4.9215652176806045e-06,0.8999727817093087,0.8999727817093087,110.0,1000.0,30.3,13:33:30/scan-004,MEDICIONES_REALIZADAS_a_fecha_de_lunes_13_abril_2026_13_33_30,13:33:30,4,2.061858,184.354808
0.0018697232440820903,0.0010112550666234886,0.00012887883415942705,0.005545514781480455,0.0015710541976334197,0.0009381988187996932,0.0029504822205756844,1.66308871766611,2.9191600802776954,-0.82500588197691,2.0592313883501774,-3.14130085749852,3.1415192352818724,-2.0695124728244467,-2.564492156667384,2.162603645761226,0.7153322216014878,-1.3682036558247594,-2.747638957152895,0.5952583116727209,-0.22848528596677264,-0.5496607423785513,-0.00013465737106133814,0.001876487076170328,-0.0030434266078649868,0.005122883070573271,-0.000826319708305404,-0.0018938517038964346,0.002853208278343724,1.0972639636892259,0.3788106645610343,-0.0008927933558975839,0.00042672739231287165,-0.0024719856821126297,0.00010345793900815888,-0.000874630910796456,-0.0014070719754181377,-0.00036741927205982385,-0.5857042778971843,0.48182264769447647,0.0008571732144227191,0.001056646206749862,0.0011555221171544437,0.001347507027280195,0.0015496884053991678,0.0018137558185061947,0.001960195991044398,0.0024964637157026503,0.002085697617285961,0.0005715683504289751,0.0007491672209078715,0.0005216947344231981,0.0009445731956982449,0.0013992231810721007,0.00046450676858844327,0.0007305511293204882,0.000805702075150264,0.0006560413733248679,0.00044087801706903733,0.0009227877835294978,0.0005796063374288994,0.000796775051603465,0.0006044989693177725,0.002834696675647648,0.002612321397891728,0.003225819815052531,0.0028276922552349392,0.001560298649324715,0.0011431849706909508,0.0010343125068480793,0.0009042276427510283,0.0009327453230868433,0.00012802235917635347,5.805379732871384e-05,0.000244140625,6.248040955410126e-08,0.000244140625,5.805379732871384e-05,0.00048828125,1.072107974834904e-05,0.000732421875,4.898423877354576e-06,0.0009765625,4.343400592872955e-06,0.001220703125,4.320322661640618e-06,0.9000408274360371,0.8999727817093087,110.0,1000.0,30.3,13:33:30/scan-005,MEDICIONES_REALIZADAS_a_fecha_de_lunes_13_abril_2026_13_33_30,13:33:30,5,2.061858,184.354808
0.001888993566551963,0.0009803942725895604,0.00017191252848167623,0.0054782176084843225,0.0016346587352540016,0.0009457172075260814,0.0030282380931657056,1.5019454477028074,2.450518900668392,-0.7660796671253165,2.085619466664312,-3.141202379503703,3.141571328897984,-2.0511810202028338,-2.5635317727154683,2.209298756108194,0.6591125284416663,-1.4476668571739075,-2.775241540502015,0.5909269329761595,-0.21167657198208445,-0.5517133938835669,-0.00016486503340911726,0.0018692538568536882,-0.0029265541319771914,0.005099554995898096,-0.0008221652464609705,-0.0019165480188111676,0.002965694292624475,1.0698663560755888,0.2585010604795799,-0.0009137037058106116,0.0004163359866731569,-0.00247462073218514,0.0002629067252335791,-0.0009141940890609124,-0.0014527075670108045,-0.000344475870275733,-0.17518494227073655,0.06040804564395463,0.0009369704075458964,0.001117900131809207,0.0012608238399713487,0.0013136574080755013,0.0016611263812703369,0.0018892913586937353,0.0021797742042617427,0.0023420327213343134,0.0010292747482020237,0.000596428252094871,0.0005042494021638799,0.000513996604893517,0.0005539381068937491,0.0008724293022582446,0.0007436585928770458,0.0007537869122092854,0.0008514188627401602,0.000644994215545848,0.0005786728201931062,0.0004463539601729337,0.0008518291875540784,0.0007018258365709773,0.0008264803687759936,0.002761304714957832,0.002526848916906331,0.0033177413491240313,0.0027024136086566974,0.0014977559382432309,0.0011388664410643843,0.0010042965327677112,0.0009724922615842399,0.0009070701481831095,0.00012381311193868636,5.381648943894243e-05,0.000244140625,6.042611612429789e-08,0.000244140625,5.381648943894243e-05,0.00048828125,9.027810791421003e-06,0.000732421875,5.7032991584773715e-06,0.0009765625,4.965047560021092e-06,0.001220703125,4.8750398909837004e-06,0.8999727817093087,0.8999727817093087,110.0,1000.0,30.3,13:33:30/scan-006,MEDICIONES_REALIZADAS_a_fecha_de_lunes_13_abril_2026_13_33_30,13:33:30,6,2.061858,184.354808
0.001876195409493105,0.0010116558036165392,0.00028962230166987827,0.005573646037028108,0.0016053293453938574,0.0009037791454338604,0.003184826430247282,1.5263166689375096,2.295020799681126,-0.7547203576547511,2.084004608714435,-3.141565221468095,3.141313931836978,-2.0211087125405007,-2.566771410893554,2.2107853282377983,0.6657929039913519,-1.4269842509148027,-2.7474009585923405,0.5889208044328471,-0.22618210225158225,-0.5437548809113225,-0.00014162102314360057,0.0018879406594473137,-0.0028678501267043743,0.005150644112123834,-0.0008209579559427155,-0.0019775293550172274,0.0030990904494270478,1.07353448212556,0.21265168834880566,-0.0008855909529181625,0.0004182342589412101,-0.0023102852090296304,0.00015408314268599982,-0.0008463994489604888,-0.0014242875178820673,-0.00038346302392677117,-0.7505660186157168,0.8781562627048154,0.0009267268160795255,0.0010334767759514793,0.0011133883510194887,0.0013156240376901783,0.0015619970588143118,0.0018106043409503105,0.0019794706137405966,0.002301519041216488,0.0021393934152967643,0.0009252495765132908,0.0009455473488954999,0.0005693161364092178,0.0007126566057410525,0.0008301203948480755,0.0007932619063361953,0.0008106809807349568,0.0007666614491543483,0.0008052178386466225,0.0008322918631001952,0.0007555632221815428,0.000954014998393967,0.0009051724826814466,0.0009603466192892597,0.002712595164882882,0.0027832092039061468,0.0031181017755710872,0.0029489022338741264,0.0017015321791919598,0.0011374582517147942,0.0009927694603038852,0.0008835973706869317,0.0008744952088040347,0.0001349197590758043,6.0395366614286814e-05,0.000244140625,6.58466369330426e-08,0.000244140625,6.0395366614286814e-05,0.00048828125,1.2231267046059702e-05,0.001708984375,5.058927972574114e-06,0.000732421875,4.8263202339739395e-06,0.0009765625,4.523278913981198e-06,0.8999727817093087,0.8999727817093087,110.0,1000.0,30.3,13:33:30/scan-007,MEDICIONES_REALIZADAS_a_fecha_de_lunes_13_abril_2026_13_33_30,13:33:30,7,2.061858,184.354808
0.0018810217875415017,0.0010173182809483398,0.0002848599430851713,0.005703358491596832,0.0016021312668945305,0.0009395640146450508,0.0030953921339589986,1.6961888648142447,3.023844435201415,-0.7854112147445805,2.0903435972485798,-3.141003202074976,3.1413096616246694,-2.0542368844245353,-2.584815940406408,2.243505830369821,0.6869907275471756,-1.4062260273308904,-2.7602792013917337,0.6023623613636575,-0.2241630723678787,-0.5590986776716564,-0.0001333431350459747,0.0018890523045158852,-0.002904220871160143,0.005200172099939137,-0.0008072794913863333,-0.0019211272107525009,0.0030239612481011914,1.1456851990512609,0.4432707194666059,-0.0009076801381072194,0.00040374261959304843,-0.0025102894743333857,0.00023796914924364894,-0.0008930319208861144,-0.0014079618029389743,-0.00040522555500847787,-0.4687011701493555,0.6072793247765444,0.0009402142535847418,0.001060438701014447,0.0011841242888846093,0.0013109331148241394,0.0016043437504100581,0.0018451740433924676,0.0020570426444152085,0.0023969795924493253,0.0,0.0,0.0008374273878615445,0.0008157204009696632,0.0,0.0,0.0008762232822553439,0.0009468202612048029,0.0007724491237070285,0.0008144440139018463,0.000991401332060244,0.0007133330238324762,0.0008571551833910247,0.0,0.0,0.002574197784798218,0.0026927858564244566,0.0034799477467853607,0.00284573422577607,0.0014895611884787928,0.001128421787305677,0.001010183506706644,0.000907346010570177,0.0008781921902838169,0.00012938201612485022,5.6234584062090905e-05,0.000244140625,6.314398053921436e-08,0.000244140625,5.6234584062090905e-05,0.00048828125,1.136758058122387e-05,0.000732421875,5.542300791510652e-06,0.0009765625,5.446195485167058e-06,0.001220703125,4.2784899225222435e-06,0.8999727817093087,0.8999727817093087,110.0,1000.0,30.4,13:33:30/scan-008,MEDICIONES_REALIZADAS_a_fecha_de_lunes_13_abril_2026_13_33_30,13:33:30,8,2.061858,184.354808
0.0018766065709011803,0.0009920236874384329,0.0002311977254016031,0.005623086559503228,0.001605829902055599,0.0009591306652697858,0.0030365300117977216,1.680382067946268,3.0180547891604483,-0.7678497414356685,2.0776168781307165,-3.14142009118344,3.1409163684958217,-2.0572636993957576,-2.533457553287674,2.1783768870568356,0.6716925488517242,-1.430859532582363,-2.7576779961543,0.5903199262672947,-0.22110611230596824,-0.5473478806473674,-0.00013966609336407706,0.001875384779780559,-0.003069695573417852,0.005248470695896505,-0.0008168316791221803,-0.0019144025418213685,0.002936282582883068,1.0996780832816186,0.306205941350588,-0.0008946512458343617,0.00041085085245092114,-0.002235549417241101,0.00019605512918296548,-0.0008854251446140842,-0.0013800313025497221,-0.00037703753464725994,-0.5204580339382866,0.6765240999599089,0.0009124161693784756,0.0009989251691591163,0.001186084262570353,0.0013328111429153212,0.0016040096210289817,0.0018367447395573025,0.002025689235081544,0.0023254102578567407,0.0,0.0,0.0009484995136504988,0.0009684355720797179,0.0006080970972255943,0.0007518159338487426,0.0006606012003538609,0.0006486472914893194,0.0007942381228821327,0.0008732469598607315,0.00074547782104523,0.00105833403015813,0.0009448200220853219,0.0008776397455551315,0.0006338320592093439,0.0025578021901210587,0.0027386100422404952,0.0031970131854643837,0.002820012146186538,0.001322410029791319,0.0011802997161025506,0.0009410949560121994,0.0009465120694278136,0.0009212310410810049,0.0001295649460219042,5.619865617150847e-05,0.000244140625,6.323325818540956e-08,0.000244140625,5.619865617150847e-05,0.00048828125,1.0637334959128246e-05,0.000732421875,6.2399832038649135e-06,0.0009765625,5.819927216093672e-06,0.001220703125,5.145939342142365e-06,0.9000408274360371,0.8999727817093087,110.0,1000.0,30.3,13:33:30/scan-009,MEDICIONES_REALIZADAS_a_fecha_de_lunes_13_abril_2026_13_33_30,13:33:30,9,2.061858,184.354808
0.001869438239009422,0.0009884008131185301,0.00027749826037385257,0.005469972840896172,0.0016086964902781702,0.0009266913604210273,0.003046771884333865,1.5565488981311821,2.554890311370472,-0.747688504443362,2.087554868600649,-3.141471754378223,3.1415634661259384,-2.0426796584681233,-2.5492755545827235,2.235834353515558,0.6701270220734641,-1.4335128714519054,-2.7419085021031164,0.596879836743898,-0.23226230324845404,-0.5498361228594801,-0.00017090607832294125,0.0018534609936291856,-0.0028940651767761453,0.005065193958800842,-0.000833518294020216,-0.0019513342459342123,0.002939188594194209,1.0671623593586455,0.25823795874100197,-0.0009054138481604082,0.00043294959451556505,-0.002367681140847757,0.0001683159827526201,-0.0008619987496772939,-0.0014662769114882116,-0.00038007076515050533,-0.7101324704795552,0.6198766733662944,0.0009317140497719092,0.0009805800900393306,0.001187768397469537,0.001326101958667177,0.0016249864031311271,0.0017881416655895026,0.0019031595519406557,0.002364416519964529,0.002678388114984221,0.0007006593444290747,0.0009562758417827963,0.0009319525643136663,0.0008670171457958294,0.0010293330182951923,0.000948467872872602,0.0008449251972432924,0.0007106788272041417,0.0006306428031707284,0.0008496123081528026,0.0,0.0004480207266398946,0.0008141050299948511,0.0008601853364556481,0.00263345214439969,0.0027759955747477722,0.0025593252754899107,0.003282297050967931,0.0015738121273072825,0.0011410123486400871,0.000933355603957558,0.0008815672208364512,0.0008948260001124048,0.0001235688978952914,5.5428635717622185e-05,0.000244140625,6.030692918267028e-08,0.000244140625,5.5428635717622185e-05,0.00048828125,8.135644939831162e-06,0.000732421875,5.231883808520887e-06,0.0009765625,5.1661193993682045e-06,0.001708984375,4.935357051439103e-06,0.9000408274360371,0.8999727817093087,110.0,1000.0,30.3,13:33:30/scan-010,MEDICIONES_REALIZADAS_a_fecha_de_lunes_13_abril_2026_13_33_30,13:33:30,10,2.061858,184.354808
0.0018583410133377629,0.0009783873119536615,0.00020836546577326614,0.0055934834987122406,0.0016073757122069773,0.0009867053070833304,0.0029648443057399385,1.7239358715784563,3.294787793773394,-0.7634934594606047,2.0716656799769413,-3.1411671128025023,3.14158710874977,-2.031122532699109,-2.5186898225525116,2.231008850645914,0.6846928947580525,-1.4121355234833934,-2.7311404217826465,0.5916977285086632,-0.23610161715160077,-0.5425515904508166,-0.00018177953449006502,0.0018535031890876917,-0.002708086507618264,0.005268390333928658,-0.0008644239298980789,-0.0019663532489449993,0.0028691657525710713,1.1453168152931723,0.4499913878623323,-0.0008869698030206163,0.00039427188952068716,-0.0023229331933883567,0.00023456022130912131,-0.0008868382576379566,-0.0013199768515098635,-0.0003904179500327513,-0.575408242883917,0.930464400142851,0.0009657202590183907,0.001038061212772583,0.001132390686402326,0.0012863603685448286,0.0015371810272408848,0.0018317026416401372,0.0020211409931101144,0.002376228969788146,0.0009540279372211582,0.0009644261734197712,0.0008175664022319712,0.0003985710220462402,0.0009779543034552829,0.0007480991526466686,0.0007378403678091334,0.001020054815503556,0.0009207607738540322,0.0005439659037769323,0.0009607497062395112,0.0012301531209575368,0.0010558437224868515,0.001102176213626603,0.0009160354736234289,0.0014279669490430886,0.0024803452879001444,0.0032791851430596037,0.002859964220123559,0.0016494470728710487,0.001137843633932758,0.0010072251058570632,0.0009641350716765766,0.0009417589044823076,0.0001237303122925198,5.5918402165289144e-05,0.000244140625,6.038570634090765e-08,0.000244140625,5.5918402165289144e-05,0.00048828125,9.5188708717608e-06,0.000732421875,4.819358969559076e-06,0.0009765625,4.1845436211277665e-06,0.001953125,4.10110711706826e-06,0.9000408274360371,0.8999727817093087,110.0,1000.0,30.3,13:33:30/scan-011,MEDICIONES_REALIZADAS_a_fecha_de_lunes_13_abril_2026_13_33_30,13:33:30,11,2.061858,184.354808
0.0018898161883463855,0.0010040503441648614,0.0001884982438961322,0.005693750460150529,0.001620758849501807,0.000993873253015815,0.0030609368176815334,1.6732532031886038,2.966065506639673,-0.7327106194353131,2.077122966213255,-3.141473792468516,3.14156506066762,-2.030889160059795,-2.532796257082685,2.1620906884142386,0.6374538119391319,-1.4739220543036986,-2.7650739622052707,0.5767191752993364,-0.21205113995253413,-0.5363201666940909,-0.00012211675431548653,0.0018972895696994234,-0.0030627370303276495,0.005390456114597007,-0.0008047793234053399,-0.001958210356766999,0.002973266066524072,1.066084310059847,0.2790528392781231,-0.0008870825166142939,0.00042189805491299004,-0.0024734082847908618,0.00020814346518800245,-0.000867429121298553,-0.0014507826500523673,-0.00036052513746630325,-0.5403298860977885,0.24678964705442707,0.0010310549472567982,0.0010412514472391639,0.0012514977254012224,0.0012956410142868678,0.001543505978590801,0.0018422501600716455,0.0020410101129192024,0.002286870908865166,0.001613718562378185,0.0,0.00044978790441767307,0.0008830514076048168,0.0007279180521693402,0.000499568357315414,0.0007673100486789885,0.000647624293912341,0.0007473432530450206,0.0005259204484574795,0.0005585049538056914,0.0006037693773801693,0.0005528780757868248,0.0005076030765686162,0.0006909582627004244,0.0028580151690099087,0.002627694540474763,0.002993024270700463,0.00281662271566356,0.0015400313292928457,0.001314545389361551,0.0011277747416990535,0.001011225771471242,0.0010526858106090285,0.0001242468233536455,5.154258685419853e-05,0.000244140625,6.063778592174012e-08,0.000244140625,5.154258685419853e-05,0.00048828125,9.572792865245574e-06,0.000732421875,6.294591506678102e-06,0.0009765625,5.020874171798173e-06,0.001708984375,4.590923717470619e-06,0.9000408274360371,0.8999727817093087,110.0,1000.0,30.3,13:33:30/scan-012,MEDICIONES_REALIZADAS_a_fecha_de_lunes_13_abril_2026_13_33_30,13:33:30,12,2.061858,184.354808
0.0018927695525197334,0.0009756425613081469,5.142498446184687e-05,0.0054876211390110135,0.001680837140410498,0.0009885232525737259,0.0029198587047277657,1.7076752270667317,3.270730245760662,-0.8014760146579283,2.058043437446185,-3.1410550501783843,3.1401425977750552,-2.042020854870613,-2.5400541034385724,2.149811341145829,0.7034766303870263,-1.3864215546150371,-2.7403891787848584,0.5900735743263484,-0.2304393876296168,-0.5432168183581579,-0.00015820255459392883,0.001870933681254778,-0.002761880017672077,0.005167342837154406,-0.0008739411825333828,-0.001892566161188459,0.0028341628870186177,1.1416037178976732,0.3754457514701146,-0.0009101226910428322,0.00042511390150489327,-0.002187217576080139,0.00016910595956511415,-0.0008822916209151284,-0.0014852519576513293,-0.00038404671277784085,-0.4246398494909596,-0.008784001108483874,0.0009331778038399629,0.0010675948440275794,0.001244361964627887,0.0013556503137419134,0.0016393131226741515,0.0018081353754119196,0.002022095618909773,0.0023461578757325596,0.0008527717546520821,0.00041919672105866947,0.0006801313889605995,0.001120189476950629,0.0006354258567421839,0.0005457576296854082,0.0004566951817095168,0.0003209186958152173,0.0010673187047745172,0.0006725023032226547,0.0005706767620906077,0.0006106435508171397,0.0015167413961281264,0.0008260522341266015,0.0003109069021594009,0.002673128621832034,0.0024470202745322817,0.003329318747130752,0.0025884033628769086,0.0017252358732263047,0.0012508148487584882,0.0011015885664495205,0.0010484472770276648,0.0009639738596494388,0.00012523952855280767,5.330824327526171e-05,0.000244140625,6.112226869341516e-08,0.000244140625,5.330824327526171e-05,0.00048828125,1.0450651555463216e-05,0.000732421875,5.200122719170198e-06,0.0009765625,4.620984473359438e-06,0.001220703125,4.442258898262555e-06,0.9000408274360371,0.8999727817093087,110.0,1000.0,30.3,13:33:30/scan-013,MEDICIONES_REALIZADAS_a_fecha_de_lunes_13_abril_2026_13_33_30,13:33:30,13,2.061858,184.354808
0.001900660454600833,0.000990845875920206,0.0003169413786559365,0.005717006592897668,0.0016181476033081746,0.0010085106604427042,0.003073322182423047,1.7196922376619341,3.206663817226093,-0.7483679437966428,2.0747482910575097,-3.141557022217963,3.141498736728898,-2.022770302845941,-2.5589399839594464,2.1977706018169028,0.6657088095021819,-1.4347586618793982,-2.739837885233676,0.5856265705513664,-0.22899989489279526,-0.5389967794661144,-0.00015658775207289883,0.0018947861744083615,-0.003256137779570619,0.005359920038335293,-0.0008590950018326325,-0.0019641440326150154,0.0029656709386656826,1.0918803315187247,0.30596958039215405,-0.0008983284048246957,0.00041541391481097545,-0.002443540178629892,0.00011342112133248017,-0.00086350576414909,-0.0014219958191595665,-0.00039143638440220294,-0.6377093471416136,0.5707371607704834,0.0008709902154026142,0.0010978550070861362,0.001280302537953691,0.0013623090945594702,0.0015630184589719097,0.0018201525397140252,0.0019075660167093271,0.0024042086856884536,0.0025606321803610184,0.0008529724973193526,0.0007853661311631999,0.0005354019228619261,0.0006866433531192195,0.0008682772438682457,0.0005865767034299797,0.0011254565591493095,0.0006694181846199886,0.0006419341727964449,0.0008419505201070429,0.0009047522242961979,0.000828120414153205,0.0008086192429175133,0.0006844156419593863,0.0027838508334144746,0.002746651728421878,0.003153035800632034,0.0029251920943831077,0.0015417788642786926,0.0012614023322579733,0.0009726659070738083,0.0009421647997082455,0.0008329686725483124,0.000130833349791635,5.623362752109418e-05,0.000244140625,6.385229370016348e-08,0.000244140625,5.623362752109418e-05,0.00048828125,9.504919014161337e-06,0.000732421875,6.1454942044049965e-06,0.0009765625,6.0818711690300325e-06,0.001220703125,5.507898027060818e-06,0.9000408274360371,0.8999727817093087,110.0,1000.0,30.3,13:33:30/scan-014,MEDICIONES_REALIZADAS_a_fecha_de_lunes_13_abril_2026_13_33_30,13:33:30,14,2.061858,184.354808
0.0018987113129733373,0.0009890731690784865,7.630179665057996e-06,0.005591543604824766,0.001621614292124042,0.0009971663477153507,0.002989746178195351,1.6672166049748285,3.096507530981154,-0.7645388758055048,2.0881181082750655,-3.1415415842504806,3.141488141956827,-2.0446218250379093,-2.5610195364997033,2.2347271475777157,0.6690896200722821,-1.4395308249771617,-2.7630432837433268,0.5981147963002361,-0.221047038159825,-0.5557693014858248,-0.00014848374656099234,0.001882733807919016,-0.0029726735271667143,0.005276694748274186,-0.0008465878062375167,-0.001969786238832817,0.002909130758066877,1.1141130211252586,0.3937374988682243,-0.0009248332202735321,0.0004016601752118846,-0.002168968584182472,0.000187069358005826,-0.0009184421623761981,-0.00144584582935209,-0.00038895786892795985,-0.24956954831503142,0.0231662437265312,0.0009032222187537302,0.0011374776551639108,0.0012867492531317703,0.0014136291150082833,0.0016098570690608986,0.0018779967228134198,0.0020290789275367424,0.0022598108812466352,0.0014964223478352908,0.00013046018976579755,0.00022197151216856784,0.0007209627133148223,0.000612989595468405,0.0009985888567898775,0.0013122732738299371,0.0006339767147044244,0.0006518654027699716,0.0007121665394805248,0.0007809481930869449,0.0006388606377023626,0.0006620808708985904,0.000674749581149554,0.0006146068505553758,0.0029809453210688282,0.0027347131104003943,0.003604087037217595,0.0025353187826709805,0.0014545912528884089,0.0011525942666765834,0.0010418625487264679,0.0009379772103233243,0.0008709955066460041,0.00012515882248265644,5.65936760556458e-05,0.000244140625,6.108288066503486e-08,0.000244140625,5.65936760556458e-05,0.00048828125,9.127007654574786e-06,0.000732421875,5.239879812271857e-06,0.001220703125,4.9669994999458555e-06,0.0009765625,4.708052621981518e-06,0.8999727817093087,0.8999727817093087,110.0,1000.0,30.3,13:33:30/scan-015,MEDICIONES_REALIZADAS_a_fecha_de_lunes_13_abril_2026_13_33_30,13:33:30,15,2.061858,184.354808
0.001896962346006268,0.0010003200477211672,0.0001547711037360606,0.005677352008031609,0.0016323719657903822,0.0009287669195203083,0.003061240847098945,1.6284903289645773,2.96542950582971,-0.7493323423559825,2.062537282652695,-3.141231275149526,3.1415773345468954,-2.026902268617191,-2.4836992318536857,2.22152475306082,0.6876191493291618,-1.4158115707229406,-2.711424547987091,0.5900936827651161,-0.24608299120015606,-0.5363335863819096,-0.00018304674098356126,0.001900582400646063,-0.003018490151948095,0.005404282208735425,-0.0009160569709784599,-0.0019954009481812935,0.0029205284920753986,1.1091030672069113,0.343767848806825,-0.000892215320858238,0.0003966734448801418,-0.0024349290319841035,9.490860323905874e-05,-0.0008504046575229662,-0.0014036981408576282,-0.00042741491487404245,-0.7549586625963636,0.8119627241998448,0.0008985539384756734,0.0008598056734767695,0.001223993892956281,0.0013334656647645067,0.0015366803675955086,0.0018082413590840233,0.002037485308662758,0.0023759861374986384,0.0009830301346726237,0.0010158342425236285,0.0008458370089133044,0.0010488278746195081,0.0005935924536790389,0.0006686160680213621,0.001039392060155462,0.0008214507727762671,0.0007531604061889651,0.0008493375609591086,0.0009298936215485992,0.0005655930770251419,0.0006778675313959826,0.0006047390671704954,0.0007206846090523685,0.0030136419469213318,0.002825226794816981,0.003322082099943305,0.002811002407030068,0.0013554410965409462,0.0011076638045565195,0.001003220391420014,0.0010047602555063881,0.0009063338441506749,0.00013096490924809803,5.922094798399977e-05,0.000244140625,6.391650036510397e-08,0.000244140625,5.922094798399977e-05,0.00048828125,9.347278377407242e-06,0.000732421875,4.509599817695141e-06,0.0009765625,4.504405649693603e-06,0.001953125,4.103508771842959e-06,0.8999727817093087,0.8999727817093087,110.0,1000.0,30.3,13:33:30/scan-016,MEDICIONES_REALIZADAS_a_fecha_de_lunes_13_abril_2026_13_33_30,13:33:30,16,2.061858,184.354808
0.0019009881757581144,0.0010179248140627368,0.00023088794985864187,0.005818922600047689,0.0015971150048476003,0.0009623331226464061,0.0031205986221372562,1.700155682877758,2.962616200986795,-0.7817908596321047,2.062285335391918,-3.1411164549827486,3.141587887359661,-2.0199321884370494,-2.5713265460257975,2.162723438550266,0.6841443532011133,-1.4102040976242831,-2.7430419395649603,0.5847883682282686,-0.22694645531389196,-0.5389552319400385,-0.00011463892437720168,0.0019074105023428774,-0.002792996303724676,0.005368633432679057,-0.0007921236981970131,-0.0019609798835686994,0.003044249844963318,1.0969056046469199,0.25204535756767577,-0.0008988900573708912,0.0004365525037994721,-0.002358592981991744,0.00014942558366103401,-0.0008554701191137251,-0.0014559381765302422,-0.0003765351572562405,-0.698019423017352,0.5116476869911977,0.000896844794153058,0.0010049721293204062,0.0012035783384985231,0.0012876793771464112,0.0016569480964924658,0.0018296846769783237,0.0018594478711685541,0.0021475646766369624,0.0019484280398905092,0.0007172648086779783,0.0007598237301362963,0.0006655857486215392,0.0007145400448743276,0.000714575286160627,0.0006590251595627531,0.0006223020442678891,0.0006633134347884828,0.0007322703428629334,0.0007623848560729192,0.0005388506291350953,0.000638263351929671,0.0006851931082081017,0.0006376079212470219,0.002652030535223937,0.0027675182793213886,0.0028789338469122584,0.003255315895405309,0.0016650721820956524,0.001242656800344217,0.0010484437394873783,0.0009438497142592784,0.0008724992320310704,0.00012995486008802876,5.956461141481273e-05,0.000244140625,6.342355299562165e-08,0.000244140625,5.956461141481273e-05,0.00048828125,9.95096924458574e-06,0.000732421875,5.527036985068881e-06,0.0009765625,4.845956994574563e-06,0.001708984375,4.84066694099922e-06,0.9000408274360371,0.8999727817093087,110.0,1000.0,30.3,13:33:30/scan-017,MEDICIONES_REALIZADAS_a_fecha_de_lunes_13_abril_2026_13_33_30,13:33:30,17,2.061858,184.354808
0.001900360396409097,0.0009676967142096662,0.00015365251263932603,0.005521586724077936,0.001653580338445698,0.001008445934990384,0.0030590605465980465,1.6407819066547928,2.9815386152671826,-0.7468711853538343,2.0657823871022654,-3.1414770506539553,3.1415270484241393,-2.024508151296799,-2.51225207981255,2.162154545829346,0.6612801814266359,-1.4495268508713672,-2.744792476498026,0.5810773976705687,-0.22456847150003825,-0.5359290472550791,-0.00016185103150538225,0.0018886571531821284,-0.0028209770651521798,0.00525563054258613,-0.0008926391209106144,-0.001990542955396815,0.0029649346217291016,1.083104770742864,0.24164740595461964,-0.0008945249798116251,0.00039296480589802213,-0.002235307431649305,0.00012750070027113989,-0.0008725390175686751,-0.0014416340392858593,-0.0004023768385092864,-0.44626679104349143,0.09036567150014063,0.0010123470951620484,0.001088326172675275,0.0012576842835367514,0.0013801989062037848,0.0015556040597922882,0.0019031698340274102,0.0019898804197808297,0.002231063423094319,0.0007191594898733723,0.0009707793210819074,0.0014338543203784263,0.0008257500150039547,0.000948162801578976,0.0009161806062336037,0.0007267121376786106,0.0009073776579512817,0.0007959269334636201,0.000246621116351163,0.001109888507514742,0.0008352115411342515,0.0008537529692116385,0.0005449458367051935,0.0011528083440219736,0.002432896071767322,0.002785796562885253,0.0034048147334017095,0.0023915893772161025,0.0013848887951125911,0.0011984734383289361,0.0010245768711553515,0.0009412076153170301,0.0009085734640085235,0.00012921567691162383,5.455335708950688e-05,0.000244140625,6.306279985926004e-08,0.000244140625,5.455335708950688e-05,0.00048828125,1.0157640335007623e-05,0.000732421875,6.024207897069624e-06,0.0009765625,5.231996335024121e-06,0.001220703125,5.2012693363481325e-06,0.8999727817093087,0.8999727817093087,110.0,1000.0,30.3,13:33:30/scan-018,MEDICIONES_REALIZADAS_a_fecha_de_lunes_13_abril_2026_13_33_30,13:33:30,18,2.061858,184.354808
0.00188787164207171,0.0009933464840542175,0.00023598115507249512,0.005621704076199951,0.001606603896924735,0.0009788454085404494,0.0030409288705520784,1.6323110616928898,2.8049465187456137,-0.7745620824396184,2.054273748276192,-3.141591965286276,3.141385963887139,-2.0394850547598247,-2.51596468388697,2.138711063478022,0.6865301084311882,-1.4175668435123778,-2.732295224156679,0.5850721538177925,-0.2328381739104498,-0.5367455728210879,-0.00016262150122112098,0.0018851420955658719,-0.0028498657649976443,0.0052089725278780105,-0.0008986835924296208,-0.0019500539127268821,0.002956636074538874,1.1027163974664338,0.30527752922957907,-0.0008964915873470222,0.00040853872206789746,-0.0022368934203763967,0.00010433525356971622,-0.0008586970729502464,-0.001496815369836175,-0.00040692002824262966,-0.6414792536033669,0.2990434981763599,0.000897461844409492,0.001091044643114046,0.0012447735411141804,0.0013082530595498764,0.0015624848754903216,0.0018260422308240146,0.002035365369664285,0.002229612264769208,0.0008004235533592514,0.00039953378482810895,0.00037857820330623195,0.0008762586259938489,0.0006837662353828783,0.0,0.0005850925237552786,0.0005197887655231789,0.0008787489148116001,0.0007383361390200321,0.0006164646592945435,0.0008055127501569078,0.0012027013968336604,0.0008980684186864548,0.0006176901140342035,0.0029764234929732353,0.0026919904256245365,0.0031245571812729992,0.0026619963821579683,0.0014137649796445249,0.0013510982250825997,0.001062393010010727,0.0008785817868692561,0.0007978173221906913,0.00012816342108587977,5.6010681670019775e-05,0.000244140625,6.254925382424586e-08,0.000244140625,5.6010681670019775e-05,0.00048828125,9.416046716519543e-06,0.000732421875,5.255443058487622e-06,0.00146484375,4.9104700175465825e-06,0.001220703125,4.78721915279203e-06,0.8999727817093087,0.8999727817093087,110.0,1000.0,30.3,13:33:30/scan-019,MEDICIONES_REALIZADAS_a_fecha_de_lunes_13_abril_2026_13_33_30,13:33:30,19,2.061858,184.354808
0.0019111038611863784,0.0009875386283741013,0.0003831755638281608,0.005611763128158674,0.001619552172385766,0.001025635953801766,0.0031520894252012373,1.7042985549901217,3.0043177171148177,-0.7451970601132504,2.092455568638674,-3.1414021540984476,3.1415761522470134,-2.0192078789908865,-2.574440330224748,2.213409089523971,0.65679567970379,-1.455120640866597,-2.7618344543192515,0.5960998155308667,-0.22097176165285587,-0.5536302652745483,-0.0001221219393799312,0.0018964067841417938,-0.0030749577226873866,0.005216966956676622,-0.0008070777364605782,-0.0019258973166872495,0.003027457664519305,1.050866241251037,0.21555411483663667,-0.0009273523177323366,0.00039535682235171556,-0.0023644136984612985,2.498968422866369e-05,-0.0008726452625218894,-0.0014791736388419497,-0.0004713284390371373,-0.8005889968132252,0.6381490990573435,0.0010321027399208093,0.0010441892350522865,0.001197688752941965,0.0013494876885388717,0.001602931839726661,0.0018656898415096834,0.0020033005338210954,0.002241327620160568,0.0008668329011670521,0.0006869508663753838,0.0007165317317829855,0.0007486489873225049,0.0008730680489073158,0.0007578585503287214,0.0007144641695974235,0.0007514775395591752,0.0006234357788158816,0.0008629872387111361,0.0007370645631038582,0.0007512133868515381,0.0009063412411223264,0.0007859318279260087,0.0006287954685364333,0.0021918629316079736,0.002950778429741057,0.0032819181521156577,0.002816623586738367,0.0016275584555726914,0.0012756633953065423,0.0010491396640410244,0.0009909335491276473,0.0009536016497891654,0.00012617908802334079,5.558938344463038e-05,0.000244140625,6.15808140670282e-08,0.000244140625,5.558938344463038e-05,0.00048828125,9.032408085717048e-06,0.000732421875,4.9066107548749575e-06,0.0009765625,4.894017014916921e-06,0.001708984375,4.798505161568365e-06,0.9000408274360371,0.8999727817093087,110.0,1000.0,30.3,13:43:08/scan-000,MEDICIONES_REALIZADAS_a_fecha_de_lunes_13_abril_2026_13_43_08,13:43:08,0,2.47423,221.22577
0.0018921409577731924,0.000951850981235489,0.00039903053202131197,0.00541707002133605,0.0016339548991831329,0.0010058732734633063,0.003157323999068755,1.5860340823592272,2.6119154264084683,-0.7501072809312284,2.063976856766238,-3.1413043787880275,3.1413972067996174,-2.0166438768538457,-2.5085944149927517,2.1763080454491606,0.6733210254856692,-1.4349897620902006,-2.7304458492137313,0.5856434702305087,-0.23405875177087382,-0.5368377547668318,-0.00015899317541141604,0.0018734982439553539,-0.002899047674149817,0.005110128279952025,-0.0009054699911714273,-0.0019444644970373886,0.0030412029517620388,1.0613200449447584,0.12126360335158282,-0.000894648143574898,0.0003880194067394538,-0.0022580346073275124,7.057739386793367e-05,-0.000863635794637759,-0.001401446814954606,-0.0004269797810731732,-0.574000302793746,0.24608370866992324,0.0008513820059447933,0.0009217901365318251,0.001279841994800092,0.0013941543873272298,0.0015727376779693218,0.0018153785069306171,0.0019204435084961978,0.0022539138267492274,0.0006232721982033654,0.0,0.0007560812986009266,0.0007179900487243496,0.000716763604775027,0.0007032319835389378,0.0007457062742149947,0.0007484781997829335,0.0006897612572632604,0.0005999918450371156,0.0008350560402494023,0.0,0.0008521318714033915,0.0005936833604946591,0.0008493438875084599,0.0031893984077732097,0.0030246177050979066,0.003180363766294088,0.00265220723720842,0.0014124721183578516,0.0011288852576026055,0.0009566980411855209,0.000899662107864818,0.0008704798253142076,0.00012219683594049245,5.531810534505373e-05,0.000244140625,5.963730402171423e-08,0.000244140625,5.531810534505373e-05,0.00048828125,9.049455828145462e-06,0.000732421875,4.5379533540670016e-06,0.0009765625,4.090015490138405e-06,0.001220703125,3.8319045208849165e-06,0.9000408274360371,0.8999727817093087,110.0,1000.0,30.3,13:43:08/scan-001,MEDICIONES_REALIZADAS_a_fecha_de_lunes_13_abril_2026_13_43_08,13:43:08,1,2.47423,221.22577
0.002025715329132692,0.0011469127155769563,0.0002865264365494264,0.006387753298786343,0.0017107384300765883,0.0009787249382319475,0.0033994744855660327,1.7632920051994219,3.2998440783702687,-0.7726563216098341,2.024463035244414,-3.14134415709179,3.1412966900834935,-1.9953979774575994,-2.5181706718331833,2.1313608457600917,0.6856116803930608,-1.3986032965546076,-2.7040333036214523,0.5595264458122499,-0.23708815010007317,-0.5068126405738256,-0.00012560298576076183,0.0021070481110482724,-0.0032524913069524397,0.006127725384859855,-0.0009047018309946895,-0.0020945260689970214,0.0032879386779576013,1.15215178029271,0.5027505283156009,-0.0008761880827524913,0.0004425063537904616,-0.002291509262845459,0.0003911078219826809,-0.0008560477919161292,-0.0014548386016788762,-0.00033614254016251866,-0.48352438110425067,0.34359318393519356,0.0009997966191457929,0.0010259774727058594,0.0011949391361801942,0.0013327154610334993,0.0015916896259239718,0.0019180785728213304,0.001912165469510392,0.0024727621045050577,0.002003695553522121,0.0008820908816321408,0.0009527202068424476,0.0007394046277583262,0.0007858424728848871,0.000970275270101454,0.0013148267196940178,0.0,0.0014660252006449296,0.0009634527354927999,0.0005933920868274162,0.0008336032853902378,0.001459072028988158,0.0011128486868668033,0.000754076719286609,0.003171969051160996,0.0028664550222080778,0.0036476290054481926,0.002635552647035045,0.0016638317544529102,0.0011417164013123144,0.0010752639482071245,0.000917184480110828,0.000945881346745272,0.00013907469783397468,6.590447941074241e-05,0.000244140625,6.787442549242297e-08,0.000244140625,6.590447941074241e-05,0.00048828125,9.901119054617712e-06,0.000732421875,5.197551476049234e-06,0.00146484375,5.000451806576971e-06,0.001708984375,4.503948572049838e-06,0.8999727817093087,0.8999727817093087,110.0,1000.0,30.3,13:43:08/scan-002,MEDICIONES_REALIZADAS_a_fecha_de_lunes_13_abril_2026_13_43_08,13:43:08,2,2.47423,221.22577
0.0020782729207626787,0.0011585683365083308,0.0001550201403617439,0.006471707709505076,0.0017555722308138836,0.0010096644145135291,0.003443037549022071,1.6853521265591396,3.0734159866045747,-0.7534555560395715,2.0343205666947677,-3.1413464716266777,3.1414828329291025,-1.9989035893659495,-2.5218840495112866,2.0968424859432453,0.6712867730891656,-1.4216830032784809,-2.7138325387173574,0.5600932017254571,-0.23234557976067713,-0.5096272423887368,-0.00014609196327513028,0.0021482727179828543,-0.003332792995591855,0.006114394643126806,-0.0009278788990539667,-0.002192169957034635,0.0033989217146472342,1.111086002099253,0.3645314704807654,-0.0009034889331668166,0.0004569495988575908,-0.0026484439884427867,0.0001851117913421399,-0.0008944737738849817,-0.0014182909552446755,-0.00032692325139502493,-0.6540912064377774,0.8520489781217746,0.0008808680668994065,0.001066091873001383,0.001212619289435937,0.0013616864560875824,0.0015993981098688353,0.0020053455779703694,0.0021189752259281164,0.0026276246730781994,0.0026269664971400237,0.0008278675305319562,0.0008340505693526165,0.0007219813455140139,0.0007611207264373061,0.0007310207054517724,0.0006309023807550883,0.0009643075604659692,0.0009374675910709688,0.000957197436806965,0.0008007189971912629,0.00039197415199939876,0.0003221206469163478,0.00037599928286091494,0.00031279871904647035,0.0033973502651216676,0.0030556881989273173,0.0034919778892594346,0.0028603522016580766,0.0015386218697302936,0.0011841087149270617,0.0011104666495641692,0.0009089388996043209,0.0010118103482907876,0.00014813328328519053,7.564314022619961e-05,0.000244140625,7.229540423874599e-08,0.000244140625,7.564314022619961e-05,0.00048828125,1.053509690607275e-05,0.000732421875,5.745801668602751e-06,0.001220703125,4.993166847353384e-06,0.0009765625,4.76728003851143e-06,0.8999727817093087,0.8999727817093087,110.0,1000.0,30.3,13:43:08/scan-003,MEDICIONES_REALIZADAS_a_fecha_de_lunes_13_abril_2026_13_43_08,13:43:08,3,2.47423,221.22577
0.002099952501650939,0.0011837843826170839,0.00022960624879537025,0.006429021559080601,0.001764651023754676,0.001022901322930372,0.0035263028098668375,1.6122141426967047,2.6872757914259564,-0.749500952111822,2.022616314502445,-3.1413540925064893,3.1415038231393684,-1.9823282325472378,-2.501840762836942,2.108493036300331,0.6695143091646448,-1.4245707249725974,-2.704129921494455,0.552598593099963,-0.23410424899754587,-0.5005600919943114,-0.00013397451681374295,0.0021843674486957624,-0.003347590619247581,0.006023462144112015,-0.0009348076278525019,-0.002197184895338304,0.0034447818925962877,1.0831117435707738,0.28817035603797647,-0.0008975464007731263,0.0004649316267436444,-0.002377857378771114,0.00024020708078357255,-0.0008680152613763687,-0.0015014957044349683,-0.0003308605056676764,-0.6110035054515897,0.4539852987051498,0.0008774046585628752,0.0009905996627200412,0.001313491756750012,0.001406566439250133,0.001561064835899428,0.0019529000847951724,0.0021048135429209097,0.002661482691920531,0.0028575250935414373,0.0006523298675530883,0.0,0.0005213244940701004,0.0007685169023472342,0.0007215372420994874,0.0010700996540400258,0.0005527239674976791,0.0006279224703465215,0.0006569766372544054,0.000603433358554717,0.0006759460672470154,0.0007731806777091923,0.0005905235267001599,0.000597265857262522,0.0035920063978806824,0.0028129133235035393,0.003903932451204634,0.0027119123881846874,0.0015252864576974984,0.0012061400406905847,0.0009708191072054432,0.0009237195506650148,0.0008186539603394175,0.00015166846873967033,7.892673394036663e-05,0.000244140625,7.402072656889718e-08,0.000244140625,7.892673394036663e-05,0.00048828125,1.0173321057610626e-05,0.000732421875,5.9817230706713506e-06,0.0009765625,5.8084447946582435e-06,0.0,5.040587317627294e-06,0.8999727817093087,0.8999727817093087,110.0,1000.0,30.3,13:43:08/scan-004,MEDICIONES_REALIZADAS_a_fecha_de_lunes_13_abril_2026_13_43_08,13:43:08,4,2.47423,221.22577
0.0020286755958799064,0.001150534105914423,8.743871904508503e-05,0.006190217271687371,0.0017086549341886067,0.0009880055305172394,0.003334532610359797,1.660352447013642,2.9592524853327724,-0.7603693753503606,2.019827840138376,-3.1410242117036393,3.141591369235256,-1.999048145430181,-2.4903070567891956,2.1212061630064314,0.6852972590797725,-1.4049396390763318,-2.693136772120895,0.5577783835702194,-0.24183855017760406,-0.5026239556827762,-0.00015209726475793375,0.0021050076954341143,-0.003324273690038606,0.0058165341784189115,-0.0009050238890730974,-0.002164582256168901,0.003251564485102993,1.118410192568238,0.42237441213650095,-0.0008814562598620382,0.0004561920798609864,-0.0024604929283520258,0.00025621269515473485,-0.0008506119488452804,-0.0014619378825979753,-0.00030528339751059074,-0.6061046702937085,0.5861196337185111,0.0008804843525441314,0.0010615024347938413,0.0012425470396109375,0.0012926732414952635,0.0015353481784641297,0.0019470596658712426,0.002111119129464987,0.0022622149998346814,0.002181811488952838,0.0003000201564764259,0.0002821887691394534,0.0006241370344963833,0.0006621999768058406,0.00047967837622968454,0.0006811411117368512,0.0007651240980113917,0.0011843152168659068,0.0009227370656676972,0.0,0.0003904960994380032,0.001106584577023597,0.0005361538245977629,0.0006008792432210711,0.0021761014817990205,0.0027935249759468987,0.003676553139345016,0.0028388562253069778,0.0015748944641285195,0.0011608800422256516,0.0010410095433235225,0.0009297287281687418,0.0009266390643494698,0.00014584277722500701,6.952588591866377e-05,0.000244140625,7.117753890922744e-08,0.000244140625,6.952588591866377e-05,0.00048828125,9.48132776812899e-06,0.0009765625,5.409086962128936e-06,0.000732421875,5.156211944794987e-06,0.001220703125,4.960186331780394e-06,0.8999727817093087,0.8999727817093087,110.0,1000.0,30.3,13:43:08/scan-005,MEDICIONES_REALIZADAS_a_fecha_de_lunes_13_abril_2026_13_43_08,13:43:08,5,2.47423,221.22577
0.0020704127581000903,0.0011638689060239496,0.0001445918385551693,0.00640354016235655,0.0017366469533345759,0.0009855212680523501,0.0033729379848058973,1.6974577160644497,3.1552452128905335,-0.7460114125421854,2.037626892737925,-3.1414073230461685,3.140879006496805,-2.011295460791546,-2.4675349778927607,2.11836859404429,0.673010338417908,-1.4307284003770073,-2.712940139030889,0.5660411472293321,-0.23527251578903918,-0.5148295093241982,-0.0001403512466086786,0.0021411063585476233,-0.0031406921457855226,0.0060755032451674865,-0.0009669415815248849,-0.0022054612756415358,0.003316785646609823,1.1253289097735968,0.42604217698844327,-0.0009150772370158264,0.00044700456754630653,-0.002555811157930696,0.00023503133351710588,-0.0008997987535900821,-0.0015056144781145425,-0.0003542660732700881,-0.6099925479828527,0.4674459973113203,0.0009037764813382044,0.0009973041671803547,0.0012760669064479288,0.001416676093101512,0.0016025800153373897,0.001977292978420529,0.0021384472776099293,0.0025350753598640387,0.0024290692906378955,0.0,0.0006406831061308266,0.0008561586239634669,0.0005780302447122198,0.0005511896582139406,0.0010628559046772824,0.00054351482630756,0.0013496834893630782,0.0006511450677689862,0.0006945896041803155,0.0009188284431727968,0.0007407722571768673,0.0005523348119657648,0.0007341115649333557,0.0034389739096647343,0.0030355761174082315,0.0036260404853799017,0.002795672472342601,0.0014751985610299016,0.001215938745210546,0.0009708276099257355,0.0008130728788882478,0.0008233078210620283,0.00014808464299414907,7.616733838112008e-05,0.000244140625,7.227166568772527e-08,0.000244140625,7.616733838112008e-05,0.00048828125,1.1551481924512778e-05,0.000732421875,4.626612934488669e-06,0.001220703125,4.507382922057654e-06,0.001953125,4.262529781818953e-06,0.9000408274360371,0.8999727817093087,110.0,1000.0,30.3,13:43:08/scan-006,MEDICIONES_REALIZADAS_a_fecha_de_lunes_13_abril_2026_13_43_08,13:43:08,6,2.47423,221.22577
0.002090531174861385,0.001168743939683005,0.0002741788563841429,0.006566871243597453,0.0017598990042221028,0.0010150396155247934,0.0035879591317860638,1.6925594333559093,3.045788172286729,-0.7404255312854985,2.02926830258067,-3.141551875960641,3.1412432807894812,-1.9759253030766355,-2.5119868426202556,2.100858719281912,0.6570154469641527,-1.446574852572802,-2.713549719684893,0.5547453635631876,-0.2302698627290602,-0.5046961548432808,-0.00013739308308193947,0.002167036820051141,-0.003175896285244321,0.006184637939960525,-0.0009192494745437123,-0.0022222226187342724,0.0034938263145326063,1.1197092588285664,0.3532057348604787,-0.0009036814883299121,0.00045247354865222885,-0.002418123788197885,0.00013676219121571678,-0.0008484616971100871,-0.0015240330306749953,-0.0003868995370689798,-0.8238501312869091,0.6613979025768502,0.0009213947792782717,0.0010482632779265037,0.0012563547303365917,0.001414203623812065,0.0016357791706264327,0.0019632334113248505,0.0020576219189769535,0.002556916352775792,0.0013253232155258198,0.0007970449911599074,0.0007030826749647691,0.0007008305655642877,0.0011428950048646925,0.0006004654153153706,0.0009107169607646399,0.0,0.0009719644656451484,0.0005189190186876218,0.0007013733401220145,0.0007659552669487739,0.0002920347401935124,0.0007393650991997126,0.0005569403292396529,0.003276469896785875,0.0031757169075955737,0.0037932819434235363,0.0025571943932797977,0.0012776726449474972,0.0010930285230083216,0.0010166609017061873,0.0010390375296774003,0.0009901522480295424,0.00014442077355149966,7.140541598766688e-05,0.000244140625,7.048354004465576e-08,0.000244140625,7.140541598766688e-05,0.00048828125,9.971949829834766e-06,0.000732421875,5.34530734719169e-06,0.001220703125,5.132264410316265e-06,0.0009765625,4.972168014197129e-06,0.9000408274360371,0.8999727817093087,109.0,1000.0,30.3,13:43:08/scan-007,MEDICIONES_REALIZADAS_a_fecha_de_lunes_13_abril_2026_13_43_08,13:43:08,7,2.47423,221.22577
0.0020680454910015768,0.0011750209621552662,0.00010394985346127967,0.006466611494847935,0.0017720178717422624,0.0009940104043097233,0.003401057421700811,1.7015928772605189,3.1316696556643144,-0.7618365461568153,2.0231345391846123,-3.141561743260141,3.1414486514000997,-1.9652897801927032,-2.5283046073248974,2.1085081884254944,0.6872167296996647,-1.3963301371663663,-2.693794087457518,0.5581449569404576,-0.24166683526883773,-0.5031132414170885,-0.00015387948144793135,0.002153488895791147,-0.003452429837027366,0.006059299645372338,-0.0009102557473573067,-0.0021302033795773194,0.0033230948776494635,1.146866417865099,0.4740361281270302,-0.0008896190722843061,0.00045264291372022254,-0.0025797062402881294,0.00021479896370549161,-0.0008500190121097267,-0.001472440551795161,-0.00032548416503883065,-0.6286784964423917,0.5540765848793185,0.0009574583291623457,0.001038125032649513,0.0012772063106519058,0.0013816878652964386,0.0016309201160795786,0.0019682845030873286,0.0020638746345006944,0.002405712519038563,0.00225779738381981,0.0009378087833029541,0.0009153832765254477,0.0008180729677170808,0.0005960047235807177,0.000859800133137302,0.000984770946480273,0.0008567137389787158,0.0007656775835605057,0.000894723635388461,0.0007923399825927564,0.0008882558304042174,0.000714423680618178,0.0008087666026491826,0.0008158195307920853,0.0033712744329834673,0.0028141019504017207,0.003774450439223639,0.0027744456614383203,0.0014374043297997324,0.0010871699666700969,0.0008750561990975673,0.0009043302641387231,0.000938431224347983,0.00014581919946686145,7.48899002031518e-05,0.000244140625,7.116603195064004e-08,0.000244140625,7.48899002031518e-05,0.00048828125,9.21407472665661e-06,0.0009765625,4.952673152874081e-06,0.000732421875,4.8091117523488095e-06,0.001220703125,4.807605011060093e-06,0.9000408274360371,0.8999727817093087,110.0,1000.0,30.3,13:43:08/scan-008,MEDICIONES_REALIZADAS_a_fecha_de_lunes_13_abril_2026_13_43_08,13:43:08,8,2.47423,221.22577
0.00205831089803493,0.0011792322037741045,0.00015639861943904,0.0065620506174029584,0.0017476225887218541,0.000992716045235981,0.0034492726308641103,1.6959699527897347,3.103883497741953,-0.7461097446416531,2.0338454718741685,-3.141443286198672,3.141553472379854,-2.011264743495117,-2.479092707687202,2.1113769126855826,0.6727784835438869,-1.4276090223982387,-2.7085439081478584,0.5629614605674395,-0.23624118443892111,-0.5109948227322075,-0.00012214104441878994,0.0021404013457230957,-0.0032268870559798235,0.006155478737836465,-0.0009434841821517564,-0.00213759292189206,0.003359480303352298,1.150111639407913,0.44694419302971644,-0.0009056482466912965,0.00045914225013194153,-0.0024044288177484116,0.0002459642356362121,-0.0008625786469746574,-0.0015284473528025238,-0.00036804609783568293,-0.7061783202555177,0.37554209491583057,0.0008072423960800869,0.0009757605302225508,0.001296914770307715,0.0014077765749473266,0.0015255224951937802,0.001927167503659014,0.00207341198327857,0.0026410634068670586,0.0024859226577477267,0.00045794521792088226,0.0006858138266896063,0.0,0.000663705637183343,0.0007373637180440991,0.0008874515620985552,0.0006246619757996077,0.0006612131675147095,0.0,0.00044121646937855786,0.0007300843151813463,0.0006858457284223926,0.0008542801579520073,0.0006511178957055243,0.002471180359456881,0.003025395970229143,0.003580803951199949,0.0027651730102903685,0.0017022732861348708,0.001151901690261476,0.0009708918214615987,0.0009170933013278584,0.0009405184140444243,0.00015725295532918192,7.812568563914504e-05,0.000244140625,7.674619586587698e-08,0.000244140625,7.812568563914504e-05,0.00048828125,1.3585900189952271e-05,0.000732421875,5.52984785629872e-06,0.0009765625,5.4041323469889e-06,0.001220703125,4.616402330840418e-06,0.8999727817093087,0.8999727817093087,110.0,1000.0,30.3,13:43:08/scan-009,MEDICIONES_REALIZADAS_a_fecha_de_lunes_13_abril_2026_13_43_08,13:43:08,9,2.47423,221.22577
0.0020829102410868505,0.0012057731114260815,0.00011721913954124082,0.006713659515301339,0.0017679947140446719,0.0009751938638035189,0.0034967383908686765,1.6543763473107205,2.948811317782315,-0.7786009277704149,2.0190228793733733,-3.1415748582715297,3.1410641060436846,-1.9834817336961532,-2.5277193998988343,2.099937758153367,0.6960243632255345,-1.3880416099451027,-2.6940501562223313,0.5618291945545748,-0.24313235464218574,-0.5064964975002184,-0.00017003978562970623,0.002178945707400997,-0.0033538929357636925,0.006350264319200308,-0.000936776789849888,-0.002254649892804697,0.0034111983778057106,1.1429138409666397,0.5030999550424138,-0.0008990891727444801,0.00045534518777299855,-0.0024890416487585365,0.00013933111693620255,-0.0008521837522138177,-0.0014731190545716252,-0.00035224778899831636,-0.8173009016950454,0.8092159076857768,0.0007784353670461078,0.000999097875200303,0.0012479644295937161,0.0013932145722876591,0.001615908585695946,0.0019316354077451865,0.0021904590513804867,0.0026513271425785134,0.0016135556361673927,0.0004312034369718997,0.0006885355756727582,0.0007970215473194608,0.0006996517029478307,0.0005765851912603382,0.0006629999797667203,0.0007827940312120227,0.0007231944579235138,0.0005650718951726324,0.0006952624113351543,0.0007009760274223859,0.0006494527186882847,0.0008417378042733828,0.0008473428738493202,0.002381658047910307,0.0029309661603520547,0.0038616135544605164,0.0024843164486150855,0.0015502622286582479,0.0012068452423344938,0.0009263159735964895,0.0008271664555655262,0.0008426553422736232,0.00015333864930130366,7.774321638596423e-05,0.000244140625,7.483584641352058e-08,0.000244140625,7.774321638596423e-05,0.00048828125,1.1431496832203816e-05,0.000732421875,5.275770974220028e-06,0.00146484375,4.954243534160188e-06,0.001708984375,4.815638471376498e-06,0.8999727817093087,0.8999727817093087,110.0,1000.0,30.3,13:43:08/scan-010,MEDICIONES_REALIZADAS_a_fecha_de_lunes_13_abril_2026_13_43_08,13:43:08,10,2.47423,221.22577
0.0020668713497294937,0.0011876696195345913,0.00020184321443471803,0.006252204643067191,0.0017394346379831513,0.0010259458427577868,0.0034878502073562505,1.6308097324155217,2.6577666929103305,-0.7641129136890278,2.0345079568649425,-3.141353027572228,3.141469877237606,-1.9888171052522607,-2.5296937401465134,2.1301242484857803,0.6825905678895228,-1.4062888677202634,-2.708032169644502,0.565354743412548,-0.23750807814015876,-0.5130457082144203,-0.00012636691073535542,0.002158756445249138,-0.003411465879615261,0.00593774828147348,-0.0008625482904132652,-0.00218685871851947,0.003381026429660219,1.0935739679261531,0.3806202422522946,-0.0008981973262232726,0.00044673760869101247,-0.00246007404651473,0.000175487969128831,-0.0008598203561459088,-0.0015133202268347334,-0.0003668992015064089,-0.6733179285042106,0.48053711801065147,0.0008935832419524242,0.001037173801229521,0.0012135926630098908,0.0012906380409869794,0.001512754163883045,0.001985388231976428,0.0020685028360038177,0.0026412632943299172,0.002608091275113926,0.000574054822367086,0.0009204530696170775,0.0008034933946863753,0.0010440342844371326,0.0005027670672112025,0.0008812042755784033,0.0008186071779554111,0.0007470608818011042,0.0010396089664745742,0.001276250422631406,0.000991058153855644,0.0010647069248320192,0.0007834946216886668,0.0003958786953899829,0.002960690291152062,0.0031567418814244927,0.0038313774937872368,0.002439527356792339,0.0016664326904304993,0.0014872407668140902,0.0011086742589269227,0.0009525513939139525,0.0009510954866276664,0.00014280539142643464,7.259544316686732e-05,0.000244140625,6.969516419054888e-08,0.000244140625,7.259544316686732e-05,0.00048828125,1.066109835280537e-05,0.000732421875,5.610125861729207e-06,0.0,4.956983913809917e-06,0.001220703125,4.756066812298057e-06,0.8999727817093087,0.8999727817093087,110.0,1000.0,30.4,13:43:08/scan-011,MEDICIONES_REALIZADAS_a_fecha_de_lunes_13_abril_2026_13_43_08,13:43:08,11,2.47423,221.22577
0.002074908941292205,0.001165284736888907,0.00022471082000870366,0.006344467380506372,0.0017422955196834278,0.0010020367882723753,0.003428538699929002,1.6888750318767132,3.051323847877269,-0.713881715303868,2.0296002035656655,-3.1413599601084243,3.141508696672859,-1.9705989527110552,-2.499744749586753,2.1395373582460424,0.6407777885720647,-1.4687360737712565,-2.712062029764309,0.5480469265702921,-0.22823091438598148,-0.4982630665037113,-0.0001384888076811189,0.0021596406553390864,-0.0032157749587471505,0.006063947220450467,-0.0009371131701458662,-0.00217767742751481,0.003392011280031882,1.1194099822138697,0.37955881207947195,-0.0008863912146956079,0.0004407201003525754,-0.0024649533725681944,0.00015810882017875362,-0.0008561733109738516,-0.0014414470249052454,-0.0003490206643061797,-0.6734967665221249,0.5513837313759398,0.0010171004857024563,0.0011426731228989654,0.0013104337679106612,0.001376867082731803,0.001533066889751561,0.0019669016815076026,0.00206632608502828,0.0025587839472619076,0.0020439712766545134,0.0008218953178782196,0.0004907809993428775,0.0008604106920512846,0.0006395163949829014,0.0005777046851950406,0.0010899222654257813,0.0007865591491485986,0.0007936973688352718,0.0007437917104352251,0.0,0.0008309457501095224,0.0007654255186655672,0.0008936549101014593,0.0007722604682622206,0.002832136933451532,0.0030484846009713263,0.0035922690608712407,0.002506552460786205,0.0014727848766831963,0.001175188539530074,0.0011517831122413611,0.000845179317811966,0.0008346078816519352,0.0001479976546241366,7.601560469259257e-05,0.000244140625,7.222921162720185e-08,0.000244140625,7.601560469259257e-05,0.00048828125,1.1381477905384645e-05,0.000732421875,5.39974261844117e-06,0.0009765625,5.000021570336004e-06,0.0,4.474789693608254e-06,0.8999727817093087,0.8999727817093087,110.0,1000.0,30.4,13:43:08/scan-012,MEDICIONES_REALIZADAS_a_fecha_de_lunes_13_abril_2026_13_43_08,13:43:08,12,2.47423,221.22577
0.002059729059802372,0.0011555777611418196,8.570612902457425e-05,0.006391672956158784,0.001735099259732825,0.000984236237649792,0.0034407040534176333,1.6587686998975815,2.9387544844196656,-0.7516253905818197,2.0124216891494426,-3.1413273523529055,3.1415087281055176,-1.9782261842183932,-2.464354217680328,2.090975404765877,0.6869698525847041,-1.4002140632206599,-2.677506638289934,0.5531256114535554,-0.24758216268813593,-0.4946220928795386,-0.00015800335632839738,0.0021468044839537724,-0.0032199536780035207,0.0060974877147431305,-0.0009994469330324844,-0.002147224208873594,0.0033622528947477716,1.1406503252958071,0.4091094632131207,-0.0008696186149453173,0.00043345970183752264,-0.002284860664312944,0.00019521369162085538,-0.0008170521037168203,-0.0014471200573069568,-0.00035330569925024396,-0.6826143490087887,0.3796150348136047,0.0009715338527433031,0.0009668183002246141,0.0013096766604784235,0.0013785617653060335,0.0015486142562788202,0.0019011228238529985,0.002015621616844944,0.0025920927950097553,0.0022810576363323067,0.0006773141878339074,0.0012879965869155453,0.0007538843626373314,0.0,0.0009151710106892777,0.0,0.0008486156592965081,0.000639195845597512,0.000541790596056726,0.0008097473297203093,0.0010583033817126684,0.0004505464161210432,0.0002150582716403703,0.00016343481831411014,0.003051754089522988,0.003019519727711579,0.003592711104610489,0.0025359790636264117,0.001583654448515023,0.0011574662368854527,0.00090955315404753,0.000913778882616974,0.0009617597743671783,0.00014220639330450618,6.938214520418348e-05,0.000244140625,6.940282738140858e-08,0.000244140625,6.938214520418348e-05,0.00048828125,9.117607493843142e-06,0.000732421875,6.094896047485712e-06,0.0009765625,5.361950014122336e-06,0.001220703125,4.631870315212704e-06,0.8999727817093087,0.8999727817093087,110.0,1000.0,30.3,13:43:08/scan-013,MEDICIONES_REALIZADAS_a_fecha_de_lunes_13_abril_2026_13_43_08,13:43:08,13,2.47423,221.22577
0.0020695679209611784,0.0011542637776018024,0.0002774463369498326,0.006471088734282249,0.0017661079769869504,0.0010167699086242063,0.003458001539646654,1.701063041207537,3.1356868927394483,-0.7520475635601397,2.029590037502374,-3.141108787003837,3.141476918596247,-1.9841961360733444,-2.4950004233644676,2.130579736852233,0.6779867178304901,-1.414598002422009,-2.700255664266095,0.5609561918189427,-0.2396117234222153,-0.5072061426468002,-0.0001493671584831029,0.0021431540842601587,-0.0031675962456411684,0.0061273382897890985,-0.0009156965513335993,-0.002221795110816316,0.0033553855584691136,1.1374083241153163,0.433978997672146,-0.0008984529819646292,0.0004391049158858226,-0.0024298179922745233,0.0002286436810662291,-0.0008659782628906742,-0.0014986004155846794,-0.0003640460282669038,-0.5558164924867489,0.2889780957270083,0.0009167078310724601,0.0010773274000107729,0.0012449265410212338,0.0013452781628763197,0.0016085977766349378,0.0019724991420146756,0.002040791333785082,0.0024665017547772956,0.0008096698124614273,0.0009525943450607266,0.0005721675362542002,0.0008729701110375051,0.0007664774356793165,0.0007393924204429389,0.0007723550770443978,0.000727604897822053,0.0007260664884227046,0.000702306723090804,0.0013901628944078856,0.0010067828778614933,0.0006938662703390631,0.0008111358676871315,0.0006725708433739871,0.0026999567210572914,0.0030122595379256474,0.004102285080684445,0.002325985558550012,0.001485578455937204,0.0013632658344277376,0.0010953475530279075,0.0010295995831996526,0.000982311526685726,0.00014414086595784096,7.221534650615008e-05,0.000244140625,7.034693311754073e-08,0.000244140625,7.221534650615008e-05,0.00048828125,1.1803993214664602e-05,0.000732421875,5.5013570411778285e-06,0.0009765625,5.349116071516129e-06,0.00146484375,4.549543802766849e-06,0.8999727817093087,0.8999727817093087,110.0,1000.0,30.3,13:43:08/scan-014,MEDICIONES_REALIZADAS_a_fecha_de_lunes_13_abril_2026_13_43_08,13:43:08,14,2.47423,221.22577
0.002059614487586489,0.001114078688591237,0.0002983394540567202,0.006254073910209879,0.0017307118229172918,0.00101018067712352,0.003301805280114897,1.6575836464240659,2.9955876279552758,-0.7461077492938158,2.02880113051537,-3.1412159555716017,3.141315585309567,-1.9965297292990645,-2.4826085002824887,2.135155170746258,0.6899968891268714,-1.4012540912636429,-2.683427844823285,0.5651293611467154,-0.24995837373818858,-0.5068451501477098,-0.00017970656694557912,0.0021126181456524733,-0.0033227759788712237,0.005987704591831888,-0.0009706767355499458,-0.002207559810915394,0.0032458626890760375,1.1142333428109423,0.3617309266214219,-0.0008959097046058933,0.00043022489782104125,-0.0022959329307869506,0.0002946680609011663,-0.0008590794163319817,-0.0014737237586538014,-0.00037995551705492016,-0.4476080363126133,0.12229214664172838,0.0009724957034815487,0.0009284770167490573,0.0013219717830350577,0.001403471546605189,0.0016017036408545098,0.0019054315247137804,0.002106294498956642,0.0026489372395327457,0.002448682186673405,0.0006615425077658803,0.0005752099814363526,0.0007904234305222056,0.0007294794612029924,0.0008391841436666208,0.0009627464356258792,0.0009064230440523064,0.0007826546601369374,0.0008529517651509043,0.0009155185866085234,0.0009162319066509554,0.0009175292235178023,0.0007278473677492221,0.0007381695691183007,0.003228969629843305,0.0029858608753375623,0.0037768182897303824,0.002476681904984607,0.0014721116547864697,0.0011906872289461992,0.0009688519641217578,0.0009634731426784077,0.0009807480194832085,0.00013832871320250599,6.764970222296935e-05,0.000244140625,6.751035295388286e-08,0.000244140625,6.764970222296935e-05,0.00048828125,8.637345540840052e-06,0.00146484375,5.042232465560253e-06,0.001220703125,4.853780303983644e-06,0.001953125,4.7900908037402245e-06,0.8999727817093087,0.8999727817093087,111.0,1000.0,30.4,13:43:08/scan-015,MEDICIONES_REALIZADAS_a_fecha_de_lunes_13_abril_2026_13_43_08,13:43:08,15,2.47423,221.22577
0.002051440116355529,0.0011532591422420322,0.0002467683505089708,0.0062954464660922626,0.00173527461032736,0.0009727446475254714,0.003482601152705754,1.5959190978238516,2.588699533020625,-0.7671686800958234,2.0123930837916375,-3.141502236172071,3.1415837262595536,-1.9910662295929056,-2.481799700241325,2.099858223989538,0.70533181692672,-1.3771772384581364,-2.672814392728588,0.5609587100043514,-0.2534392849163087,-0.500443006935711,-0.00014767181173625635,0.002133519040457411,-0.003122453297043847,0.005902526543394062,-0.0009312804911494664,-0.0022158545887982642,0.003428151586157003,1.114612460232796,0.2878244228441611,-0.0008781068193163685,0.00044005178867791774,-0.0024258049218241645,0.00017185791092212715,-0.0008435479333035313,-0.001428507270074747,-0.00036220936802101574,-0.7820933515201316,0.8132373820537437,0.0008883856276175867,0.0008875975759806271,0.0012630334800167798,0.0013221149353336904,0.001527425108247659,0.0018715879054061932,0.0021380502612272745,0.0024598278555732207,0.0019163309067950919,0.0005569317720543122,0.0008668856140573448,0.0009373537039024739,0.0010804799820352308,0.000639639998908519,0.0006364705639470976,0.0005732820371937022,0.0,0.0007776476216365534,0.0011656094192808199,0.0009427386558261075,0.0008644796742400193,0.0008180813103364045,0.0006815467911668453,0.00349319085368611,0.0030909290084407304,0.003611638132615595,0.0027840855457271505,0.0014110528186564082,0.0012340331927657136,0.0011022232096490317,0.0008807863781032739,0.0009380467058969566,0.0001432864939862399,7.221706289147152e-05,0.000244140625,6.992996290202045e-08,0.000244140625,7.221706289147152e-05,0.00048828125,1.0647241142826236e-05,0.000732421875,5.243282749427537e-06,0.0009765625,4.711311701020048e-06,0.001708984375,4.459955917670845e-06,0.9000408274360371,0.8999727817093087,111.0,1000.0,30.3,13:43:08/scan-016,MEDICIONES_REALIZADAS_a_fecha_de_lunes_13_abril_2026_13_43_08,13:43:08,16,2.47423,221.22577
0.0020315170480154016,0.0011467590765256764,1.83580859448648e-05,0.006442858494551481,0.0017071460081239576,0.0010115705521659604,0.0034440680719374523,1.7179669814273386,3.1575933238726925,-0.7414767348237635,2.0400288891935356,-3.1412739250336807,3.141262321109474,-1.989735668980439,-2.4977042464086305,2.144867645696561,0.6589350361734405,-1.4380534222754071,-2.7208483963993886,0.5589407272366802,-0.22829370204554267,-0.51019282841903,-0.00012272994351874078,0.0021102889398024777,-0.0031240751541371805,0.0060977543101648594,-0.0009038111348770325,-0.0021506622732756424,0.0033348529452781796,1.1222117768307287,0.4266364616303453,-0.0008823366534273038,0.00044185054898632204,-0.002424714472937677,0.000273098187103173,-0.0008562929675862534,-0.0014308885528113344,-0.00033715136999636075,-0.5312654254487854,0.48835433866393396,0.0009143525155145678,0.0010754203365760415,0.001363820332846765,0.0013611377621583214,0.001490483139292532,0.00193618140955893,0.002057384209232698,0.0025825085382573205,0.00044529039235901435,0.00034131127237284315,0.00034413165241448915,0.0003095101625197942,0.0005913346915505565,0.0005769234663275265,0.00032261960344277975,0.0005114255018125838,0.000457121039669171,3.6113150374169854e-05,0.00034803427085291924,0.0007417558962958812,0.0005682625140397035,0.0005531776356908162,0.0005604649423296737,0.0031453773461091726,0.002875373371833169,0.0038360398034779863,0.0025786158684833168,0.0014983484217121995,0.0011355765425998107,0.0009739899051121231,0.0009245545220824091,0.0009452811751095054,0.00014644693060904577,7.19160127466891e-05,0.000244140625,7.147239170768461e-08,0.000244140625,7.19160127466891e-05,0.00048828125,1.1098630953339847e-05,0.000732421875,5.681217782578114e-06,0.001708984375,4.854982537176152e-06,0.00146484375,4.742510467283028e-06,0.8999727817093087,0.8999727817093087,111.0,1000.0,30.3,13:43:08/scan-017,MEDICIONES_REALIZADAS_a_fecha_de_lunes_13_abril_2026_13_43_08,13:43:08,17,2.47423,221.22577
0.002032776887405198,0.0011518286871217778,0.00026112910172322725,0.00622088673799092,0.0016716333785415823,0.0010341414806062702,0.003421603946344712,1.7463322174956932,3.1462051723387203,-0.7202784295126874,2.0168178029251598,-3.14138810937374,3.141508794957563,-1.9709029083804999,-2.421074997017257,2.114802276024442,0.6694978655358302,-1.4285501161593432,-2.672986038941706,0.5503830927840991,-0.24857697275319254,-0.49105095197896603,-0.00013727149962736027,0.0021204423832258635,-0.0032793490209182003,0.005890295382303316,-0.0009664715593084121,-0.002150680979834125,0.003343398626380981,1.1319740309663988,0.4039617716194588,-0.0008642826741275515,0.000443622988148607,-0.0025667104677317134,6.96321579444603e-05,-0.0008173173661575053,-0.0014678503846867132,-0.0003582998016676104,-0.9090532243375861,0.906153510187603,0.0009347708989613208,0.001038248676693389,0.0013078541188887263,0.0012978444520586867,0.0014887904687898585,0.0018870493783676118,0.0019562721322214376,0.0023332111118239012,0.001900640625342075,0.0008749359178117757,0.0006798542221281634,0.0,0.0005239933954820769,0.0006008081372535241,0.0007985465201140563,0.0006868290136496727,0.0006992443907186839,0.0008316032803203997,0.000463051037067733,0.0008300532177275695,0.0005724393493946431,0.0005408901437294581,0.0007629415401675529,0.0012054244198096392,0.002960618512067036,0.0037603581314615267,0.0025171712723095923,0.0015451823558339883,0.001262837701781227,0.0010735432650870293,0.0008625156227928137,0.0009164298149925588,0.00013975283131388862,6.96031675027192e-05,0.000244140625,6.820538375494809e-08,0.000244140625,6.96031675027192e-05,0.00048828125,9.152605755203815e-06,0.000732421875,4.893152546276787e-06,0.00146484375,4.722942590353652e-06,0.001708984375,4.5677223632279444e-06,0.8999727817093087,0.8999727817093087,111.0,1000.0,30.4,13:43:08/scan-018,MEDICIONES_REALIZADAS_a_fecha_de_lunes_13_abril_2026_13_43_08,13:43:08,18,2.47423,221.22577
0.002034495635332723,0.0011113138709635095,0.0002872414573737099,0.006191913064709587,0.001714957889056809,0.00100016219116135,0.0033765281795312477,1.6131674046879663,2.69228420440829,-0.7646329201687512,2.03573078647199,-3.141160751864223,3.141522346437502,-1.9843083482411208,-2.5203396481889357,2.161126721987382,0.6853568978285028,-1.4046480637778205,-2.7066575856817017,0.5678382736340083,-0.2392595171599215,-0.5149710559362071,-0.000160900468641116,0.0020843298423871533,-0.003346942961977312,0.005809709795803656,-0.000915794856635491,-0.0021036079127240786,0.0033090738524729686,1.085272359254974,0.30225023627352243,-0.0008984871382459999,0.0004434025947657759,-0.002372178596046487,0.0001581238658356448,-0.0008343639558131615,-0.0014896274090542378,-0.00037926997714426004,-0.7396055270562054,0.49036903514417984,0.000853730302693729,0.0010119340569201348,0.0013168664192630762,0.0014124189672633195,0.0015437510188942697,0.0019318861235540167,0.002041910482644138,0.00261627996464804,0.0003620551609984572,0.0005046563033046746,0.0004157311010964616,0.0005844864063491188,0.0007952751545199435,0.0005022581271229378,0.000674539768925023,0.0006887608219814685,0.0002955273771297691,0.0007044965984072586,0.0008041752654832767,0.0007234678301319946,0.0,0.0007295491977470101,0.0005339512869539074,0.003466523133215937,0.0030412075404410385,0.0034929933291487293,0.0028003911797367643,0.0016319110030588847,0.0011419558242027855,0.0011147513219768451,0.0009516777230468492,0.0009014768959030535,0.00014456819055615777,7.185810601633884e-05,0.000244140625,7.055548587416191e-08,0.000244140625,7.185810601633884e-05,0.00048828125,1.0876456458543628e-05,0.000732421875,5.60604022911448e-06,0.0009765625,4.624198407061597e-06,0.001220703125,4.309378141076244e-06,0.8999727817093087,0.8999727817093087,111.0,1000.0,30.4,13:43:08/scan-019,MEDICIONES_REALIZADAS_a_fecha_de_lunes_13_abril_2026_13_43_08,13:43:08,19,2.47423,221.22577
